word_id	ref	surface	lemma	morph
04xeN	Num.1.1	וַ/יְדַבֵּ֨ר	c/1696	HC/Vpw3ms
04Nvk	Num.1.1	יְהוָ֧ה	3068	HNp
04TyA	Num.1.1	אֶל	413	HR
04vuQ	Num.1.1	מֹשֶׁ֛ה	4872	HNp
04TSc	Num.1.1	בְּ/מִדְבַּ֥ר	b/4057 b	HR/Ncmsc
04k5P	Num.1.1	סִינַ֖י	5514	HNp
04nPh	Num.1.1	בְּ/אֹ֣הֶל	b/168	HR/Ncmsc
04LN3	Num.1.1	מוֹעֵ֑ד	4150	HNcmsa
04Qzf	Num.1.1	בְּ/אֶחָד֩	b/259	HR/Acmsa
04aPd	Num.1.1	לַ/חֹ֨דֶשׁ	l/2320	HRd/Ncmsa
04eYX	Num.1.1	הַ/שֵּׁנִ֜י	d/8145	HTd/Aomsa
04C5U	Num.1.1	בַּ/שָּׁנָ֣ה	b/8141	HRd/Ncfsa
04qNN	Num.1.1	הַ/שֵּׁנִ֗ית	d/8145	HTd/Aofsa
04EVS	Num.1.1	לְ/צֵאתָ֛/ם	l/3318	HR/Vqc/Sp3mp
04PB6	Num.1.1	מֵ/אֶ֥רֶץ	m/776	HR/Ncbsc
0437c	Num.1.1	מִצְרַ֖יִם	4714	HNp
04x9c	Num.1.1	לֵ/אמֹֽר	l/559	HR/Vqc
04yNB	Num.1.2	שְׂא֗וּ	5375	HVqv2mp
0429t	Num.1.2	אֶת	853	HTo
04KZG	Num.1.2	רֹאשׁ֙	7218 a	HNcmsc
04TZE	Num.1.2	כָּל	3605	HNcmsc
04thY	Num.1.2	עֲדַ֣ת	5712	HNcfsc
04JM7	Num.1.2	בְּנֵֽי	1121 a	HNcmpc
04fpo	Num.1.2	יִשְׂרָאֵ֔ל	3478	HNp
04W26	Num.1.2	לְ/מִשְׁפְּחֹתָ֖/ם	l/4940	HR/Ncfpc/Sp3mp
04yw4	Num.1.2	לְ/בֵ֣ית	l/1004 b	HR/Ncmsc
04jbg	Num.1.2	אֲבֹתָ֑/ם	1	HNcmpc/Sp3mp
04USR	Num.1.2	בְּ/מִסְפַּ֣ר	b/4557	HR/Ncmsc
04v6U	Num.1.2	שֵׁמ֔וֹת	8034	HNcmpa
045SS	Num.1.2	כָּל	3605	HNcmsc
04GzE	Num.1.2	זָכָ֖ר	2145	HAamsa
04qCU	Num.1.2	לְ/גֻלְגְּלֹתָֽ/ם	l/1538	HR/Ncfpc/Sp3mp
04g2y	Num.1.3	מִ/בֶּ֨ן	m/1121 a	HR/Ncmsc
04jQb	Num.1.3	עֶשְׂרִ֤ים	6242	HAcbpa
04794	Num.1.3	שָׁנָה֙	8141	HNcfsa
04CsU	Num.1.3	וָ/מַ֔עְלָ/ה	c/4605	HC/D/Sd
04XR4	Num.1.3	כָּל	3605	HNcmsc
04KvS	Num.1.3	יֹצֵ֥א	3318	HVqrmsa
04dBc	Num.1.3	צָבָ֖א	6635 a	HNcbsa
04nAB	Num.1.3	בְּ/יִשְׂרָאֵ֑ל	b/3478	HR/Np
04kfX	Num.1.3	תִּפְקְד֥וּ	6485 a	HVqi2mp
04Wkf	Num.1.3	אֹתָ֛/ם	853	HTo/Sp3mp
04wrL	Num.1.3	לְ/צִבְאֹתָ֖/ם	l/6635 a	HR/Ncbpc/Sp3mp
043TL	Num.1.3	אַתָּ֥ה	859 a	HPp2ms
04LeN	Num.1.3	וְ/אַהֲרֹֽן	c/175	HC/Np
04sMn	Num.1.4	וְ/אִתְּ/כֶ֣ם	c/854	HC/R/Sp2mp
04Y3z	Num.1.4	יִהְי֔וּ	1961	HVqi3mp
04NQN	Num.1.4	אִ֥ישׁ	376	HNcmsa
04uLf	Num.1.4	אִ֖ישׁ	376	HNcmsa
04kA7	Num.1.4	לַ/מַּטֶּ֑ה	l/4294	HRd/Ncmsa
043TS	Num.1.4	אִ֛ישׁ	376	HNcmsa
04NFp	Num.1.4	רֹ֥אשׁ	7218 a	HNcmsa
047am	Num.1.4	לְ/בֵית	l/1004 b	HR/Ncmsc
04hh7	Num.1.4	אֲבֹתָ֖י/ו	1	HNcmpc/Sp3ms
04BsK	Num.1.4	הֽוּא	1931	HPp3ms
04fsu	Num.1.5	וְ/אֵ֨לֶּה֙	c/428	HC/Pdxcp
048M6	Num.1.5	שְׁמ֣וֹת	8034	HNcmpc
04wM5	Num.1.5	הָֽ/אֲנָשִׁ֔ים	d/376	HTd/Ncmpa
04qty	Num.1.5	אֲשֶׁ֥ר	834 a	HTr
045gQ	Num.1.5	יַֽעַמְד֖וּ	5975	HVqi3mp
04Xw6	Num.1.5	אִתְּ/כֶ֑ם	854	HR/Sp2mp
04eHJ	Num.1.5	לִ/רְאוּבֵ֕ן	l/7205	HR/Np
04H6L	Num.1.5	אֱלִיצ֖וּר	468	HNp
04bmv	Num.1.5	בֶּן	1121 a	HNcmsc
04FV9	Num.1.5	שְׁדֵיאֽוּר	7707	HNp
04Xm1	Num.1.6	לְ/שִׁמְע֕וֹן	l/8095	HR/Np
04UE6	Num.1.6	שְׁלֻמִיאֵ֖ל	8017	HNp
04goK	Num.1.6	בֶּן	1121 a	HNcmsc
04CyH	Num.1.6	צוּרִֽישַׁדָּֽי	6701	HNp
04A4a	Num.1.7	לִֽ/יהוּדָ֕ה	l/3063	HR/Np
045Pr	Num.1.7	נַחְשׁ֖וֹן	5177	HNp
04L4k	Num.1.7	בֶּן	1121 a	HNcmsc
04Mnv	Num.1.7	עַמִּינָדָֽב	5992	HNp
04mwU	Num.1.8	לְ/יִ֨שָּׂשכָ֔ר	l/3485	HR/Np
04tKT	Num.1.8	נְתַנְאֵ֖ל	5417	HNp
04NRT	Num.1.8	בֶּן	1121 a	HNcmsc
04sRU	Num.1.8	צוּעָֽר	6686	HNp
04Wxq	Num.1.9	לִ/זְבוּלֻ֕ן	l/2074	HR/Np
049qY	Num.1.9	אֱלִיאָ֖ב	446	HNp
04n5f	Num.1.9	בֶּן	1121 a	HNcmsc
04YUq	Num.1.9	חֵלֹֽן	2497	HNp
04fQr	Num.1.10	לִ/בְנֵ֣י	l/1121 a	HR/Ncmpc
04L7t	Num.1.10	יוֹסֵ֔ף	3130	HNp
04A74	Num.1.10	לְ/אֶפְרַ֕יִם	l/669	HR/Np
04dNE	Num.1.10	אֱלִישָׁמָ֖ע	476	HNp
04xdF	Num.1.10	בֶּן	1121 a	HNcmsc
04AYg	Num.1.10	עַמִּיה֑וּד	5989	HNp
04Ls9	Num.1.10	לִ/מְנַשֶּׁ֕ה	l/4519	HR/Np
04Snp	Num.1.10	גַּמְלִיאֵ֖ל	1583	HNp
0487B	Num.1.10	בֶּן	1121 a	HNcmsc
04nLp	Num.1.10	פְּדָהצֽוּר	6301	HNp
04PzC	Num.1.11	לְ/בִ֨נְיָמִ֔ן	l/1144	HR/Np
04NPq	Num.1.11	אֲבִידָ֖ן	27	HNp
04d5m	Num.1.11	בֶּן	1121 a	HNcmsc
04BYa	Num.1.11	גִּדְעֹנִֽי	1441	HNp
04LJh	Num.1.12	לְ/דָ֕ן	l/1835	HR/Np
04tRR	Num.1.12	אֲחִיעֶ֖זֶר	295	HNp
04Q7E	Num.1.12	בֶּן	1121 a	HNcmsc
04dv1	Num.1.12	עַמִּֽישַׁדָּֽי	5996	HNp
04QwM	Num.1.13	לְ/אָשֵׁ֕ר	l/836	HR/Np
04a62	Num.1.13	פַּגְעִיאֵ֖ל	6295	HNp
04KvD	Num.1.13	בֶּן	1121 a	HNcmsc
04GLz	Num.1.13	עָכְרָֽן	5918	HNp
04BU7	Num.1.14	לְ/גָ֕ד	l/1410	HR/Np
04iy2	Num.1.14	אֶלְיָסָ֖ף	460	HNp
04zQ2	Num.1.14	בֶּן	1121 a	HNcmsc
04Wxx	Num.1.14	דְּעוּאֵֽל	1845	HNp
04jQ8	Num.1.15	לְ/נַ֨פְתָּלִ֔י	l/5321	HR/Np
04Haa	Num.1.15	אֲחִירַ֖ע	299	HNp
04fJN	Num.1.15	בֶּן	1121 a	HNcmsc
049KV	Num.1.15	עֵינָֽן	5881	HNp
04F1s	Num.1.16	אֵ֚לֶּה	428	HPdxcp
04dns	Num.1.16	קריאי	7148	HAampc
04GK3	Num.1.16	קְרוּאֵ֣י	7121	HVqsmpc
04nRZ	Num.1.16	הָ/עֵדָ֔ה	d/5712	HTd/Ncfsa
04cpb	Num.1.16	נְשִׂיאֵ֖י	5387 a	HNcmpc
04zio	Num.1.16	מַטּ֣וֹת	4294	HNcmpc
04Qsh	Num.1.16	אֲבוֹתָ֑/ם	1	HNcmpc/Sp3mp
04zTj	Num.1.16	רָאשֵׁ֛י	7218 a	HNcmpc
04fPi	Num.1.16	אַלְפֵ֥י	505	HAcbpc
04GYe	Num.1.16	יִשְׂרָאֵ֖ל	3478	HNp
04Bbz	Num.1.16	הֵֽם	1992	HPp3mp
04VA9	Num.1.17	וַ/יִּקַּ֥ח	c/3947	HC/Vqw3ms
04fV3	Num.1.17	מֹשֶׁ֖ה	4872	HNp
04Sov	Num.1.17	וְ/אַהֲרֹ֑ן	c/175	HC/Np
04V27	Num.1.17	אֵ֚ת	853	HTo
04ifp	Num.1.17	הָ/אֲנָשִׁ֣ים	d/376	HTd/Ncmpa
047ZG	Num.1.17	הָ/אֵ֔לֶּה	d/428	HTd/Pdxcp
04B2d	Num.1.17	אֲשֶׁ֥ר	834 a	HTr
04ewe	Num.1.17	נִקְּב֖וּ	5344 a	HVNp3cp
04SV6	Num.1.17	בְּ/שֵׁמֽוֹת	b/8034	HR/Ncmpa
04G83	Num.1.18	וְ/אֵ֨ת	c/853	HC/To
04vzS	Num.1.18	כָּל	3605	HNcmsc
04Gq9	Num.1.18	הָ/עֵדָ֜ה	d/5712	HTd/Ncfsa
043y8	Num.1.18	הִקְהִ֗ילוּ	6950	HVhp3cp
04TXw	Num.1.18	בְּ/אֶחָד֙	b/259	HR/Acmsa
04Y4K	Num.1.18	לַ/חֹ֣דֶשׁ	l/2320	HRd/Ncmsa
04C32	Num.1.18	הַ/שֵּׁנִ֔י	d/8145	HTd/Aomsa
04aMT	Num.1.18	וַ/יִּתְיַֽלְד֥וּ	c/3205	HC/Vtw3mp
04Cof	Num.1.18	עַל	5921 a	HR
04YWU	Num.1.18	מִשְׁפְּחֹתָ֖/ם	4940	HNcfpc/Sp3mp
04rAQ	Num.1.18	לְ/בֵ֣ית	l/1004 b	HR/Ncmsc
04fLi	Num.1.18	אֲבֹתָ֑/ם	1	HNcmpc/Sp3mp
04Ptj	Num.1.18	בְּ/מִסְפַּ֣ר	b/4557	HR/Ncmsc
04AJj	Num.1.18	שֵׁמ֗וֹת	8034	HNcmpa
049Hv	Num.1.18	מִ/בֶּ֨ן	m/1121 a	HR/Ncmsc
04j1i	Num.1.18	עֶשְׂרִ֥ים	6242	HAcbpa
04J9J	Num.1.18	שָׁנָ֛ה	8141	HNcfsa
04U4n	Num.1.18	וָ/מַ֖עְלָ/ה	c/4605	HC/D/Sd
042Kt	Num.1.18	לְ/גֻלְגְּלֹתָֽ/ם	l/1538	HR/Ncfpc/Sp3mp
04RmH	Num.1.19	כַּ/אֲשֶׁ֛ר	k/834 d	HR/Tr
04SWL	Num.1.19	צִוָּ֥ה	6680	HVpp3ms
0475P	Num.1.19	יְהוָ֖ה	3068	HNp
043Lj	Num.1.19	אֶת	853	HTo
04Qa3	Num.1.19	מֹשֶׁ֑ה	4872	HNp
04WTe	Num.1.19	וַֽ/יִּפְקְדֵ֖/ם	c/6485 a	HC/Vqw3ms/Sp3mp
046VM	Num.1.19	בְּ/מִדְבַּ֥ר	b/4057 b	HR/Ncmsc
04sKn	Num.1.19	סִינָֽי	5514	HNp
04oAj	Num.1.20	וַ/יִּהְי֤וּ	c/1961	HC/Vqw3mp
04AxB	Num.1.20	בְנֵֽי	1121 a	HNcmpc
04Ap3	Num.1.20	רְאוּבֵן֙	7205	HNp
04CEu	Num.1.20	בְּכֹ֣ר	1060	HNcmsc
04zpy	Num.1.20	יִשְׂרָאֵ֔ל	3478	HNp
04FiN	Num.1.20	תּוֹלְדֹתָ֥/ם	8435	HNcfpc/Sp3mp
04cLk	Num.1.20	לְ/מִשְׁפְּחֹתָ֖/ם	l/4940	HR/Ncfpc/Sp3mp
0492v	Num.1.20	לְ/בֵ֣ית	l/1004 b	HR/Ncmsc
04j63	Num.1.20	אֲבֹתָ֑/ם	1	HNcmpc/Sp3mp
04LFW	Num.1.20	בְּ/מִסְפַּ֤ר	b/4557	HR/Ncmsc
04FbT	Num.1.20	שֵׁמוֹת֙	8034	HNcmpa
04Bx7	Num.1.20	לְ/גֻלְגְּלֹתָ֔/ם	l/1538	HR/Ncfpc/Sp3mp
04btu	Num.1.20	כָּל	3605	HNcmsc
04rTK	Num.1.20	זָכָ֗ר	2145	HAamsa
04SHw	Num.1.20	מִ/בֶּ֨ן	m/1121 a	HR/Ncmsc
04VuH	Num.1.20	עֶשְׂרִ֤ים	6242	HAcbpa
04Axb	Num.1.20	שָׁנָה֙	8141	HNcfsa
04xva	Num.1.20	וָ/מַ֔עְלָ/ה	c/4605	HC/D/Sd
04NrT	Num.1.20	כֹּ֖ל	3605	HNcmsc
04iAD	Num.1.20	יֹצֵ֥א	3318	HVqrmsc
04372	Num.1.20	צָבָֽא	6635 a	HNcbsa
04FMU	Num.1.21	פְּקֻדֵי/הֶ֖ם	6485 a	HVqsmpc/Sp3mp
04SaV	Num.1.21	לְ/מַטֵּ֣ה	l/4294	HR/Ncmsc
044W9	Num.1.21	רְאוּבֵ֑ן	7205	HNp
04MmM	Num.1.21	שִׁשָּׁ֧ה	8337	HAcmsa
04wJn	Num.1.21	וְ/אַרְבָּעִ֛ים	c/705	HC/Acbpa
04CQo	Num.1.21	אֶ֖לֶף	505	HAcbsa
04XyU	Num.1.21	וַ/חֲמֵ֥שׁ	c/2568	HC/Acfsa
04BG4	Num.1.21	מֵאֽוֹת	3967	HAcbpa
04YHH	Num.1.22	לִ/בְנֵ֣י	l/1121 a	HR/Ncmpc
04sHf	Num.1.22	שִׁמְע֔וֹן	8095	HNp
04iee	Num.1.22	תּוֹלְדֹתָ֥/ם	8435	HNcfpc/Sp3mp
043eS	Num.1.22	לְ/מִשְׁפְּחֹתָ֖/ם	l/4940	HR/Ncfpc/Sp3mp
04ddd	Num.1.22	לְ/בֵ֣ית	l/1004 b	HR/Ncmsc
04hxo	Num.1.22	אֲבֹתָ֑/ם	1	HNcmpc/Sp3mp
04TW6	Num.1.22	פְּקֻדָ֗י/ו	6485 a	HVqsmpc/Sp3ms
04PVx	Num.1.22	בְּ/מִסְפַּ֤ר	b/4557	HR/Ncmsc
04PGK	Num.1.22	שֵׁמוֹת֙	8034	HNcmpa
04U4a	Num.1.22	לְ/גֻלְגְּלֹתָ֔/ם	l/1538	HR/Ncfpc/Sp3mp
04dSQ	Num.1.22	כָּל	3605	HNcmsc
04Qbs	Num.1.22	זָכָ֗ר	2145	HAamsa
04ndZ	Num.1.22	מִ/בֶּ֨ן	m/1121 a	HR/Ncmsc
04Xa1	Num.1.22	עֶשְׂרִ֤ים	6242	HAcbpa
043yJ	Num.1.22	שָׁנָה֙	8141	HNcfsa
04B6c	Num.1.22	וָ/מַ֔עְלָ/ה	c/4605	HC/D/Sd
04bju	Num.1.22	כֹּ֖ל	3605	HNcmsc
04cn3	Num.1.22	יֹצֵ֥א	3318	HVqrmsc
047mS	Num.1.22	צָבָֽא	6635 a	HNcbsa
04dJe	Num.1.23	פְּקֻדֵי/הֶ֖ם	6485 a	HVqsmpc/Sp3mp
04WvG	Num.1.23	לְ/מַטֵּ֣ה	l/4294	HR/Ncmsc
04RXg	Num.1.23	שִׁמְע֑וֹן	8095	HNp
04pqY	Num.1.23	תִּשְׁעָ֧ה	8672	HAcmsa
04n9v	Num.1.23	וַ/חֲמִשִּׁ֛ים	c/2572	HC/Acbpa
04gYe	Num.1.23	אֶ֖לֶף	505	HAcbsa
04eXj	Num.1.23	וּ/שְׁלֹ֥שׁ	c/7969	HC/Acfsa
048ro	Num.1.23	מֵאֽוֹת	3967	HAcbpa
04v5z	Num.1.24	לִ/בְנֵ֣י	l/1121 a	HR/Ncmpc
04bCC	Num.1.24	גָ֔ד	1410	HNp
046By	Num.1.24	תּוֹלְדֹתָ֥/ם	8435	HNcfpc/Sp3mp
04CZB	Num.1.24	לְ/מִשְׁפְּחֹתָ֖/ם	l/4940	HR/Ncfpc/Sp3mp
04VTb	Num.1.24	לְ/בֵ֣ית	l/1004 b	HR/Ncmsc
046qf	Num.1.24	אֲבֹתָ֑/ם	1	HNcmpc/Sp3mp
04efz	Num.1.24	בְּ/מִסְפַּ֣ר	b/4557	HR/Ncmsc
04QG5	Num.1.24	שֵׁמ֗וֹת	8034	HNcmpa
043k3	Num.1.24	מִ/בֶּ֨ן	m/1121 a	HR/Ncmsc
041rL	Num.1.24	עֶשְׂרִ֤ים	6242	HAcbpa
04W2c	Num.1.24	שָׁנָה֙	8141	HNcfsa
04mL3	Num.1.24	וָ/מַ֔עְלָ/ה	c/4605	HC/D/Sd
04zfc	Num.1.24	כֹּ֖ל	3605	HNcmsc
04sYp	Num.1.24	יֹצֵ֥א	3318	HVqrmsc
04GvF	Num.1.24	צָבָֽא	6635 a	HNcbsa
04dAC	Num.1.25	פְּקֻדֵי/הֶ֖ם	6485 a	HVqsmpc/Sp3mp
04i4W	Num.1.25	לְ/מַטֵּ֣ה	l/4294	HR/Ncmsc
04chR	Num.1.25	גָ֑ד	1410	HNp
04Ddq	Num.1.25	חֲמִשָּׁ֤ה	2568	HAcmsa
04dSp	Num.1.25	וְ/אַרְבָּעִים֙	c/705	HC/Acbpa
04ecS	Num.1.25	אֶ֔לֶף	505	HAcbsa
042tG	Num.1.25	וְ/שֵׁ֥שׁ	c/8337	HC/Acfsa
04Xzm	Num.1.25	מֵא֖וֹת	3967	HAcbpa
04CCj	Num.1.25	וַ/חֲמִשִּֽׁים	c/2572	HC/Acbpa
04gV8	Num.1.26	לִ/בְנֵ֣י	l/1121 a	HR/Ncmpc
04Czz	Num.1.26	יְהוּדָ֔ה	3063	HNp
04uXX	Num.1.26	תּוֹלְדֹתָ֥/ם	8435	HNcfpc/Sp3mp
04xCL	Num.1.26	לְ/מִשְׁפְּחֹתָ֖/ם	l/4940	HR/Ncfpc/Sp3mp
04Qnr	Num.1.26	לְ/בֵ֣ית	l/1004 b	HR/Ncmsc
046kU	Num.1.26	אֲבֹתָ֑/ם	1	HNcmpc/Sp3mp
04qry	Num.1.26	בְּ/מִסְפַּ֣ר	b/4557	HR/Ncmsc
04bvP	Num.1.26	שֵׁמֹ֗ת	8034	HNcmpa
04wjj	Num.1.26	מִ/בֶּ֨ן	m/1121 a	HR/Ncmsc
04Tn7	Num.1.26	עֶשְׂרִ֤ים	6242	HAcbpa
04hEs	Num.1.26	שָׁנָה֙	8141	HNcfsa
04xAF	Num.1.26	וָ/מַ֔עְלָ/ה	c/4605	HC/D/Sd
04qg1	Num.1.26	כֹּ֖ל	3605	HNcmsc
046w9	Num.1.26	יֹצֵ֥א	3318	HVqrmsc
04wA4	Num.1.26	צָבָֽא	6635 a	HNcbsa
04ibe	Num.1.27	פְּקֻדֵי/הֶ֖ם	6485 a	HVqsmpc/Sp3mp
04v8V	Num.1.27	לְ/מַטֵּ֣ה	l/4294	HR/Ncmsc
04T2S	Num.1.27	יְהוּדָ֑ה	3063	HNp
04tkJ	Num.1.27	אַרְבָּעָ֧ה	702	HAcmsa
04EXL	Num.1.27	וְ/שִׁבְעִ֛ים	c/7657	HC/Acbpa
04ZPN	Num.1.27	אֶ֖לֶף	505	HAcbsa
04q1G	Num.1.27	וְ/שֵׁ֥שׁ	c/8337	HC/Acfsa
04bYD	Num.1.27	מֵאֽוֹת	3967	HAcbpa
04v2F	Num.1.28	לִ/בְנֵ֣י	l/1121 a	HR/Ncmpc
047vt	Num.1.28	יִשָּׂשכָ֔ר	3485	HNp
04kDm	Num.1.28	תּוֹלְדֹתָ֥/ם	8435	HNcfpc/Sp3mp
04doW	Num.1.28	לְ/מִשְׁפְּחֹתָ֖/ם	l/4940	HR/Ncfpc/Sp3mp
04eRa	Num.1.28	לְ/בֵ֣ית	l/1004 b	HR/Ncmsc
04kDf	Num.1.28	אֲבֹתָ֑/ם	1	HNcmpc/Sp3mp
0463G	Num.1.28	בְּ/מִסְפַּ֣ר	b/4557	HR/Ncmsc
04WPn	Num.1.28	שֵׁמֹ֗ת	8034	HNcmpa
041jv	Num.1.28	מִ/בֶּ֨ן	m/1121 a	HR/Ncmsc
04cK8	Num.1.28	עֶשְׂרִ֤ים	6242	HAcbpa
04DDb	Num.1.28	שָׁנָה֙	8141	HNcfsa
04RCg	Num.1.28	וָ/מַ֔עְלָ/ה	c/4605	HC/D/Sd
045KE	Num.1.28	כֹּ֖ל	3605	HNcmsc
04qVd	Num.1.28	יֹצֵ֥א	3318	HVqrmsc
04koG	Num.1.28	צָבָֽא	6635 a	HNcbsa
04e6B	Num.1.29	פְּקֻדֵי/הֶ֖ם	6485 a	HVqsmpc/Sp3mp
048GY	Num.1.29	לְ/מַטֵּ֣ה	l/4294	HR/Ncmsc
04GpK	Num.1.29	יִשָּׂשכָ֑ר	3485	HNp
0468C	Num.1.29	אַרְבָּעָ֧ה	702	HAcmsa
04CMz	Num.1.29	וַ/חֲמִשִּׁ֛ים	c/2572	HC/Acbpa
04D4c	Num.1.29	אֶ֖לֶף	505	HAcbsa
04ta1	Num.1.29	וְ/אַרְבַּ֥ע	c/702	HC/Acfsa
04JnD	Num.1.29	מֵאֽוֹת	3967	HAcbpa
04jfz	Num.1.30	לִ/בְנֵ֣י	l/1121 a	HR/Ncmpc
04ErQ	Num.1.30	זְבוּלֻ֔ן	2074	HNp
044fv	Num.1.30	תּוֹלְדֹתָ֥/ם	8435	HNcfpc/Sp3mp
04yDv	Num.1.30	לְ/מִשְׁפְּחֹתָ֖/ם	l/4940	HR/Ncfpc/Sp3mp
04jyT	Num.1.30	לְ/בֵ֣ית	l/1004 b	HR/Ncmsc
04Unh	Num.1.30	אֲבֹתָ֑/ם	1	HNcmpc/Sp3mp
04QH2	Num.1.30	בְּ/מִסְפַּ֣ר	b/4557	HR/Ncmsc
04xxn	Num.1.30	שֵׁמֹ֗ת	8034	HNcmpa
04ou4	Num.1.30	מִ/בֶּ֨ן	m/1121 a	HR/Ncmsc
043KZ	Num.1.30	עֶשְׂרִ֤ים	6242	HAcbpa
04jNE	Num.1.30	שָׁנָה֙	8141	HNcfsa
04hj3	Num.1.30	וָ/מַ֔עְלָ/ה	c/4605	HC/D/Sd
04iDs	Num.1.30	כֹּ֖ל	3605	HNcmsc
046Lo	Num.1.30	יֹצֵ֥א	3318	HVqrmsc
04JZq	Num.1.30	צָבָֽא	6635 a	HNcbsa
04ZpQ	Num.1.31	פְּקֻדֵי/הֶ֖ם	6485 a	HVqsmpc/Sp3mp
049gS	Num.1.31	לְ/מַטֵּ֣ה	l/4294	HR/Ncmsc
04LAe	Num.1.31	זְבוּלֻ֑ן	2074	HNp
04qK3	Num.1.31	שִׁבְעָ֧ה	7651	HAcmsa
041Cv	Num.1.31	וַ/חֲמִשִּׁ֛ים	c/2572	HC/Acbpa
04PBQ	Num.1.31	אֶ֖לֶף	505	HAcbsa
04mr5	Num.1.31	וְ/אַרְבַּ֥ע	c/702	HC/Acfsa
04QDu	Num.1.31	מֵאֽוֹת	3967	HAcbpa
04PbY	Num.1.32	לִ/בְנֵ֤י	l/1121 a	HR/Ncmpc
04Ew6	Num.1.32	יוֹסֵף֙	3130	HNp
0474R	Num.1.32	לִ/בְנֵ֣י	l/1121 a	HR/Ncmpc
046zt	Num.1.32	אֶפְרַ֔יִם	669	HNp
04zEm	Num.1.32	תּוֹלְדֹתָ֥/ם	8435	HNcfpc/Sp3mp
042dm	Num.1.32	לְ/מִשְׁפְּחֹתָ֖/ם	l/4940	HR/Ncfpc/Sp3mp
04uYh	Num.1.32	לְ/בֵ֣ית	l/1004 b	HR/Ncmsc
04YxK	Num.1.32	אֲבֹתָ֑/ם	1	HNcmpc/Sp3mp
04aSJ	Num.1.32	בְּ/מִסְפַּ֣ר	b/4557	HR/Ncmsc
04Kz2	Num.1.32	שֵׁמֹ֗ת	8034	HNcmpa
04YhQ	Num.1.32	מִ/בֶּ֨ן	m/1121 a	HR/Ncmsc
04azZ	Num.1.32	עֶשְׂרִ֤ים	6242	HAcbpa
04oiy	Num.1.32	שָׁנָה֙	8141	HNcfsa
04gPX	Num.1.32	וָ/מַ֔עְלָ/ה	c/4605	HC/D/Sd
04gtq	Num.1.32	כֹּ֖ל	3605	HNcmsc
04HSQ	Num.1.32	יֹצֵ֥א	3318	HVqrmsc
04fbB	Num.1.32	צָבָֽא	6635 a	HNcbsa
04k1L	Num.1.33	פְּקֻדֵי/הֶ֖ם	6485 a	HVqsmpc/Sp3mp
042tS	Num.1.33	לְ/מַטֵּ֣ה	l/4294	HR/Ncmsc
04EVu	Num.1.33	אֶפְרָ֑יִם	669	HNp
04ygU	Num.1.33	אַרְבָּעִ֥ים	705	HAcbpa
04swV	Num.1.33	אֶ֖לֶף	505	HAcbsa
04HjU	Num.1.33	וַ/חֲמֵ֥שׁ	c/2568	HC/Acfsa
04d3U	Num.1.33	מֵאֽוֹת	3967	HAcbpa
04NtK	Num.1.34	לִ/בְנֵ֣י	l/1121 a	HR/Ncmpc
04U94	Num.1.34	מְנַשֶּׁ֔ה	4519	HNp
04zqr	Num.1.34	תּוֹלְדֹתָ֥/ם	8435	HNcfpc/Sp3mp
046JA	Num.1.34	לְ/מִשְׁפְּחֹתָ֖/ם	l/4940	HR/Ncfpc/Sp3mp
04JyD	Num.1.34	לְ/בֵ֣ית	l/1004 b	HR/Ncmsc
04jjy	Num.1.34	אֲבֹתָ֑/ם	1	HNcmpc/Sp3mp
0479E	Num.1.34	בְּ/מִסְפַּ֣ר	b/4557	HR/Ncmsc
04Zuo	Num.1.34	שֵׁמ֗וֹת	8034	HNcmpa
04LXS	Num.1.34	מִ/בֶּ֨ן	m/1121 a	HR/Ncmsc
04mR4	Num.1.34	עֶשְׂרִ֤ים	6242	HAcbpa
04MC8	Num.1.34	שָׁנָה֙	8141	HNcfsa
04BnR	Num.1.34	וָ/מַ֔עְלָ/ה	c/4605	HC/D/Sd
04PUg	Num.1.34	כֹּ֖ל	3605	HNcmsc
04pUN	Num.1.34	יֹצֵ֥א	3318	HVqrmsc
04gc8	Num.1.34	צָבָֽא	6635 a	HNcbsa
04Lsp	Num.1.35	פְּקֻדֵי/הֶ֖ם	6485 a	HVqsmpc/Sp3mp
04SAE	Num.1.35	לְ/מַטֵּ֣ה	l/4294	HR/Ncmsc
043gY	Num.1.35	מְנַשֶּׁ֑ה	4519	HNp
04RuM	Num.1.35	שְׁנַ֧יִם	8147	HAcmda
04WFU	Num.1.35	וּ/שְׁלֹשִׁ֛ים	c/7970	HC/Acbpa
04BJv	Num.1.35	אֶ֖לֶף	505	HAcbsa
04ExP	Num.1.35	וּ/מָאתָֽיִם	c/3967	HC/Acbda
04ypu	Num.1.36	לִ/בְנֵ֣י	l/1121 a	HR/Ncmpc
04mP3	Num.1.36	בִנְיָמִ֔ן	1144	HNp
04V8b	Num.1.36	תּוֹלְדֹתָ֥/ם	8435	HNcfpc/Sp3mp
04suQ	Num.1.36	לְ/מִשְׁפְּחֹתָ֖/ם	l/4940	HR/Ncfpc/Sp3mp
041Su	Num.1.36	לְ/בֵ֣ית	l/1004 b	HR/Ncmsc
04MEz	Num.1.36	אֲבֹתָ֑/ם	1	HNcmpc/Sp3mp
04Q2u	Num.1.36	בְּ/מִסְפַּ֣ר	b/4557	HR/Ncmsc
04yT5	Num.1.36	שֵׁמֹ֗ת	8034	HNcmpa
04b5Q	Num.1.36	מִ/בֶּ֨ן	m/1121 a	HR/Ncmsc
04F88	Num.1.36	עֶשְׂרִ֤ים	6242	HAcbpa
04AXb	Num.1.36	שָׁנָה֙	8141	HNcfsa
04Wjz	Num.1.36	וָ/מַ֔עְלָ/ה	c/4605	HC/D/Sd
04bPJ	Num.1.36	כֹּ֖ל	3605	HNcmsc
04hS1	Num.1.36	יֹצֵ֥א	3318	HVqrmsc
04h53	Num.1.36	צָבָֽא	6635 a	HNcbsa
04vpK	Num.1.37	פְּקֻדֵי/הֶ֖ם	6485 a	HVqsmpc/Sp3mp
04G6E	Num.1.37	לְ/מַטֵּ֣ה	l/4294	HR/Ncmsc
044vX	Num.1.37	בִנְיָמִ֑ן	1144	HNp
04X1R	Num.1.37	חֲמִשָּׁ֧ה	2568	HAcmsa
04bsu	Num.1.37	וּ/שְׁלֹשִׁ֛ים	c/7970	HC/Acbpa
04Ygn	Num.1.37	אֶ֖לֶף	505	HAcbsa
042gM	Num.1.37	וְ/אַרְבַּ֥ע	c/702	HC/Acfsa
04pAw	Num.1.37	מֵאֽוֹת	3967	HAcbpa
04mVV	Num.1.38	לִ/בְנֵ֣י	l/1121 a	HR/Ncmpc
04FMa	Num.1.38	דָ֔ן	1835	HNp
04KPU	Num.1.38	תּוֹלְדֹתָ֥/ם	8435	HNcfpc/Sp3mp
04ki2	Num.1.38	לְ/מִשְׁפְּחֹתָ֖/ם	l/4940	HR/Ncfpc/Sp3mp
045pZ	Num.1.38	לְ/בֵ֣ית	l/1004 b	HR/Ncmsc
04HWo	Num.1.38	אֲבֹתָ֑/ם	1	HNcmpc/Sp3mp
04zkA	Num.1.38	בְּ/מִסְפַּ֣ר	b/4557	HR/Ncmsc
04JMT	Num.1.38	שֵׁמֹ֗ת	8034	HNcmpa
04jEX	Num.1.38	מִ/בֶּ֨ן	m/1121 a	HR/Ncmsc
04uUA	Num.1.38	עֶשְׂרִ֤ים	6242	HAcbpa
04tKf	Num.1.38	שָׁנָה֙	8141	HNcfsa
04awE	Num.1.38	וָ/מַ֔עְלָ/ה	c/4605	HC/D/Sd
04yNT	Num.1.38	כֹּ֖ל	3605	HNcmsc
04Azu	Num.1.38	יֹצֵ֥א	3318	HVqrmsc
04884	Num.1.38	צָבָֽא	6635 a	HNcbsa
04XMu	Num.1.39	פְּקֻדֵי/הֶ֖ם	6485 a	HVqsmpc/Sp3mp
04mrn	Num.1.39	לְ/מַטֵּ֣ה	l/4294	HR/Ncmsc
04Xh9	Num.1.39	דָ֑ן	1835	HNp
04D3a	Num.1.39	שְׁנַ֧יִם	8147	HAcmda
04wEr	Num.1.39	וְ/שִׁשִּׁ֛ים	c/8346	HC/Acbpa
04Rvc	Num.1.39	אֶ֖לֶף	505	HAcbsa
04c6V	Num.1.39	וּ/שְׁבַ֥ע	c/7651	HC/Acfsa
048eM	Num.1.39	מֵאֽוֹת	3967	HAcbpa
04xkK	Num.1.40	לִ/בְנֵ֣י	l/1121 a	HR/Ncmpc
04rGa	Num.1.40	אָשֵׁ֔ר	836	HNp
04fp1	Num.1.40	תּוֹלְדֹתָ֥/ם	8435	HNcfpc/Sp3mp
04Y9g	Num.1.40	לְ/מִשְׁפְּחֹתָ֖/ם	l/4940	HR/Ncfpc/Sp3mp
04mGU	Num.1.40	לְ/בֵ֣ית	l/1004 b	HR/Ncmsc
04gBW	Num.1.40	אֲבֹתָ֑/ם	1	HNcmpc/Sp3mp
04eLD	Num.1.40	בְּ/מִסְפַּ֣ר	b/4557	HR/Ncmsc
0493F	Num.1.40	שֵׁמֹ֗ת	8034	HNcmpa
04eyL	Num.1.40	מִ/בֶּ֨ן	m/1121 a	HR/Ncmsc
04pm7	Num.1.40	עֶשְׂרִ֤ים	6242	HAcbpa
04teU	Num.1.40	שָׁנָה֙	8141	HNcfsa
04c58	Num.1.40	וָ/מַ֔עְלָ/ה	c/4605	HC/D/Sd
04MRA	Num.1.40	כֹּ֖ל	3605	HNcmsc
04xp4	Num.1.40	יֹצֵ֥א	3318	HVqrmsc
04Hki	Num.1.40	צָבָֽא	6635 a	HNcbsa
04QvZ	Num.1.41	פְּקֻדֵי/הֶ֖ם	6485 a	HVqsmpc/Sp3mp
04S38	Num.1.41	לְ/מַטֵּ֣ה	l/4294	HR/Ncmsc
04eN1	Num.1.41	אָשֵׁ֑ר	836	HNp
04HoD	Num.1.41	אֶחָ֧ד	259	HAcmsa
04P5s	Num.1.41	וְ/אַרְבָּעִ֛ים	c/705	HC/Acbpa
045QX	Num.1.41	אֶ֖לֶף	505	HAcbsa
04Mxy	Num.1.41	וַ/חֲמֵ֥שׁ	c/2568	HC/Acfsa
04w6u	Num.1.41	מֵאֽוֹת	3967	HAcbpa
04e3z	Num.1.42	בְּנֵ֣י	1121 a	HNcmpc
042c6	Num.1.42	נַפְתָּלִ֔י	5321	HNp
043RL	Num.1.42	תּוֹלְדֹתָ֥/ם	8435	HNcfpc/Sp3mp
04JUf	Num.1.42	לְ/מִשְׁפְּחֹתָ֖/ם	l/4940	HR/Ncfpc/Sp3mp
04ce9	Num.1.42	לְ/בֵ֣ית	l/1004 b	HR/Ncmsc
04dPK	Num.1.42	אֲבֹתָ֑/ם	1	HNcmpc/Sp3mp
04vLv	Num.1.42	בְּ/מִסְפַּ֣ר	b/4557	HR/Ncmsc
04UrG	Num.1.42	שֵׁמֹ֗ת	8034	HNcmpa
04Sxc	Num.1.42	מִ/בֶּ֨ן	m/1121 a	HR/Ncmsc
04xwN	Num.1.42	עֶשְׂרִ֤ים	6242	HAcbpa
04GjY	Num.1.42	שָׁנָה֙	8141	HNcfsa
04KNo	Num.1.42	וָ/מַ֔עְלָ/ה	c/4605	HC/D/Sd
04NLD	Num.1.42	כֹּ֖ל	3605	HNcmsc
04GUh	Num.1.42	יֹצֵ֥א	3318	HVqrmsc
045aF	Num.1.42	צָבָֽא	6635 a	HNcbsa
04taY	Num.1.43	פְּקֻדֵי/הֶ֖ם	6485 a	HVqsmpc/Sp3mp
04EZz	Num.1.43	לְ/מַטֵּ֣ה	l/4294	HR/Ncmsc
04Hnw	Num.1.43	נַפְתָּלִ֑י	5321	HNp
04pXi	Num.1.43	שְׁלֹשָׁ֧ה	7969	HAcmsa
04Nq4	Num.1.43	וַ/חֲמִשִּׁ֛ים	c/2572	HC/Acbpa
04rZH	Num.1.43	אֶ֖לֶף	505	HAcbsa
04GtT	Num.1.43	וְ/אַרְבַּ֥ע	c/702	HC/Acfsa
04kwz	Num.1.43	מֵאֽוֹת	3967	HAcbpa
04tc4	Num.1.44	אֵ֣לֶּה	428	HPdxcp
04CMD	Num.1.44	הַ/פְּקֻדִ֡ים	d/6485 a	HTd/Vqsmpa
045eq	Num.1.44	אֲשֶׁר֩	834 a	HTr
04Cj2	Num.1.44	פָּקַ֨ד	6485 a	HVqp3ms
04Ttm	Num.1.44	מֹשֶׁ֤ה	4872	HNp
046Vi	Num.1.44	וְ/אַהֲרֹן֙	c/175	HC/Np
04V8W	Num.1.44	וּ/נְשִׂיאֵ֣י	c/5387 a	HC/Ncmpc
04zg2	Num.1.44	יִשְׂרָאֵ֔ל	3478	HNp
04gXh	Num.1.44	שְׁנֵ֥ים	8147	HAcmda
043iR	Num.1.44	עָשָׂ֖ר	6240	HAcmsa
04RoG	Num.1.44	אִ֑ישׁ	376	HNcmsa
04jP7	Num.1.44	אִישׁ	376	HNcmsa
04vCn	Num.1.44	אֶחָ֥ד	259	HAcmsa
04jv3	Num.1.44	לְ/בֵית	l/1004 b	HR/Ncmsc
04ggL	Num.1.44	אֲבֹתָ֖י/ו	1	HNcmpc/Sp3ms
04MVq	Num.1.44	הָיֽוּ	1961	HVqp3cp
04g1y	Num.1.45	וַ/יִּֽהְי֛וּ	c/1961	HC/Vqw3mp
04CBH	Num.1.45	כָּל	3605	HNcmsc
043t6	Num.1.45	פְּקוּדֵ֥י	6485 a	HVqsmpc
04g33	Num.1.45	בְנֵֽי	1121 a	HNcmpc
04LDn	Num.1.45	יִשְׂרָאֵ֖ל	3478	HNp
043jG	Num.1.45	לְ/בֵ֣ית	l/1004 b	HR/Ncmsc
04WDP	Num.1.45	אֲבֹתָ֑/ם	1	HNcmpc/Sp3mp
04eeF	Num.1.45	מִ/בֶּ֨ן	m/1121 a	HR/Ncmsc
04idA	Num.1.45	עֶשְׂרִ֤ים	6242	HAcbpa
04Z4D	Num.1.45	שָׁנָה֙	8141	HNcfsa
04VMC	Num.1.45	וָ/מַ֔עְלָ/ה	c/4605	HC/D/Sd
04K8W	Num.1.45	כָּל	3605	HNcmsc
046RX	Num.1.45	יֹצֵ֥א	3318	HVqrmsa
04bYm	Num.1.45	צָבָ֖א	6635 a	HNcbsa
04M7H	Num.1.45	בְּ/יִשְׂרָאֵֽל	b/3478	HR/Np
04gcK	Num.1.46	וַ/יִּֽהְיוּ֙	c/1961	HC/Vqw3mp
04p7s	Num.1.46	כָּל	3605	HNcmsc
04ZBR	Num.1.46	הַ/פְּקֻדִ֔ים	d/6485 a	HTd/Vqsmpa
04ACh	Num.1.46	שֵׁשׁ	8337	HAcfsa
04mnL	Num.1.46	מֵא֥וֹת	3967	HAcbpa
0489r	Num.1.46	אֶ֖לֶף	505	HAcbsa
04GmF	Num.1.46	וּ/שְׁלֹ֣שֶׁת	c/7969	HC/Acmsc
04fcv	Num.1.46	אֲלָפִ֑ים	505	HAcbpa
04knb	Num.1.46	וַ/חֲמֵ֥שׁ	c/2568	HC/Acfsa
04Qpj	Num.1.46	מֵא֖וֹת	3967	HAcbpa
04MDS	Num.1.46	וַ/חֲמִשִּֽׁים	c/2572	HC/Acbpa
04YBx	Num.1.47	וְ/הַ/לְוִיִּ֖ם	c/d/3881	HC/Td/Ngmpa
04kMZ	Num.1.47	לְ/מַטֵּ֣ה	l/4294	HR/Ncmsc
04uqC	Num.1.47	אֲבֹתָ֑/ם	1	HNcmpc/Sp3mp
04VY5	Num.1.47	לֹ֥א	3808	HTn
04WJY	Num.1.47	הָתְפָּקְד֖וּ	6485 a	HVup3cp
04brh	Num.1.47	בְּ/תוֹכָֽ/ם	b/8432	HR/Ncmsc/Sp3mp
04w1U	Num.1.48	וַ/יְדַבֵּ֥ר	c/1696	HC/Vpw3ms
04aqT	Num.1.48	יְהוָ֖ה	3068	HNp
04zXi	Num.1.48	אֶל	413	HR
04H8a	Num.1.48	מֹשֶׁ֥ה	4872	HNp
04Sjh	Num.1.48	לֵּ/אמֹֽר	l/559	HR/Vqc
04oYp	Num.1.49	אַ֣ךְ	389	HTa
04Pht	Num.1.49	אֶת	853	HTo
04idy	Num.1.49	מַטֵּ֤ה	4294	HNcmsc
04PU6	Num.1.49	לֵוִי֙	3878	HNp
04FCP	Num.1.49	לֹ֣א	3808	HTn
04YuY	Num.1.49	תִפְקֹ֔ד	6485 a	HVqi2ms
048Js	Num.1.49	וְ/אֶת	c/853	HC/To
04FyK	Num.1.49	רֹאשָׁ֖/ם	7218 a	HNcmsc/Sp3mp
04XjR	Num.1.49	לֹ֣א	3808	HTn
04jaD	Num.1.49	תִשָּׂ֑א	5375	HVqi2ms
04W7V	Num.1.49	בְּ/ת֖וֹךְ	b/8432	HR/Ncmsc
04U2Y	Num.1.49	בְּנֵ֥י	1121 a	HNcmpc
048na	Num.1.49	יִשְׂרָאֵֽל	3478	HNp
04sgw	Num.1.50	וְ/אַתָּ֡ה	c/859 a	HC/Pp2ms
04MDX	Num.1.50	הַפְקֵ֣ד	6485 a	HVhv2ms
04pPp	Num.1.50	אֶת	853	HTo
04ieN	Num.1.50	הַ/לְוִיִּם֩	d/3881	HTd/Ngmpa
04Csj	Num.1.50	עַל	5921 a	HR
04rHn	Num.1.50	מִשְׁכַּ֨ן	4908	HNcmsc
04ViB	Num.1.50	הָ/עֵדֻ֜ת	d/5715	HTd/Ncfsa
04CFo	Num.1.50	וְ/עַ֣ל	c/5921 a	HC/R
045Ja	Num.1.50	כָּל	3605	HNcmsc
04UXS	Num.1.50	כֵּלָי/ו֮	3627	HNcmpc/Sp3ms
04YQ8	Num.1.50	וְ/עַ֣ל	c/5921 a	HC/R
04Abd	Num.1.50	כָּל	3605	HNcmsc
042UV	Num.1.50	אֲשֶׁר	834 a	HTr
04ZtS	Num.1.50	ל/וֹ֒	l	HR/Sp3ms
04gMU	Num.1.50	הֵ֜מָּה	1992	HPp3mp
04nWb	Num.1.50	יִשְׂא֤וּ	5375	HVqi3mp
04GXk	Num.1.50	אֶת	853	HTo
04TZa	Num.1.50	הַ/מִּשְׁכָּן֙	d/4908	HTd/Ncmsa
045qp	Num.1.50	וְ/אֶת	c/853	HC/To
04uHZ	Num.1.50	כָּל	3605	HNcmsc
04pAL	Num.1.50	כֵּלָ֔י/ו	3627	HNcmpc/Sp3ms
04hSr	Num.1.50	וְ/הֵ֖ם	c/1992	HC/Pp3mp
04ZMk	Num.1.50	יְשָׁרְתֻ֑/הוּ	8334	HVpi3mp/Sp3ms
04irW	Num.1.50	וְ/סָבִ֥יב	c/5439	HC/Ncbsa
04x72	Num.1.50	לַ/מִּשְׁכָּ֖ן	l/4908	HRd/Ncmsa
04FYV	Num.1.50	יַחֲנֽוּ	2583	HVqi3mp
04Uoo	Num.1.51	וּ/בִ/נְסֹ֣עַ	c/b/5265	HC/R/Vqc
04sC3	Num.1.51	הַ/מִּשְׁכָּ֗ן	d/4908	HTd/Ncmsa
044CS	Num.1.51	יוֹרִ֤ידוּ	3381	HVhi3mp
046n2	Num.1.51	אֹת/וֹ֙	853	HTo/Sp3ms
04HqY	Num.1.51	הַ/לְוִיִּ֔ם	d/3881	HTd/Ngmpa
04BFZ	Num.1.51	וּ/בַ/חֲנֹת֙	c/b/2583	HC/R/Vqc
04shy	Num.1.51	הַ/מִּשְׁכָּ֔ן	d/4908	HTd/Ncmsa
04nzj	Num.1.51	יָקִ֥ימוּ	6965 b	HVhi3mp
04vpT	Num.1.51	אֹת֖/וֹ	853	HTo/Sp3ms
043Sx	Num.1.51	הַ/לְוִיִּ֑ם	d/3881	HTd/Ngmpa
04qVv	Num.1.51	וְ/הַ/זָּ֥ר	c/d/2114 a	HC/Td/Aamsa
04Kov	Num.1.51	הַ/קָּרֵ֖ב	d/7126	HTd/Aamsa
04HNy	Num.1.51	יוּמָֽת	4191	HVHi3ms
04Ta6	Num.1.52	וְ/חָנ֖וּ	c/2583	HC/Vqq3cp
04ER2	Num.1.52	בְּנֵ֣י	1121 a	HNcmpc
04yP1	Num.1.52	יִשְׂרָאֵ֑ל	3478	HNp
04w4T	Num.1.52	אִ֧ישׁ	376	HNcmsa
04Cyx	Num.1.52	עַֽל	5921 a	HR
04qTT	Num.1.52	מַחֲנֵ֛/הוּ	4264	HNcbsc/Sp3ms
04m55	Num.1.52	וְ/אִ֥ישׁ	c/376	HC/Ncmsa
04AF1	Num.1.52	עַל	5921 a	HR
045ED	Num.1.52	דִּגְל֖/וֹ	1714	HNcmsc/Sp3ms
04zCS	Num.1.52	לְ/צִבְאֹתָֽ/ם	l/6635 a	HR/Ncbpc/Sp3mp
04LsC	Num.1.53	וְ/הַ/לְוִיִּ֞ם	c/d/3881	HC/Td/Ngmpa
04B4x	Num.1.53	יַחֲנ֤וּ	2583	HVqi3mp
04JB6	Num.1.53	סָבִיב֙	5439	HNcbsa
04LzS	Num.1.53	לְ/מִשְׁכַּ֣ן	l/4908	HR/Ncmsc
0483E	Num.1.53	הָ/עֵדֻ֔ת	d/5715	HTd/Ncfsa
04hQD	Num.1.53	וְ/לֹֽא	c/3808	HC/Tn
04LZD	Num.1.53	יִהְיֶ֣ה	1961	HVqi3ms
046bH	Num.1.53	קֶ֔צֶף	7110 a	HNcmsa
04Ekx	Num.1.53	עַל	5921 a	HR
04PG7	Num.1.53	עֲדַ֖ת	5712	HNcfsc
04EL8	Num.1.53	בְּנֵ֣י	1121 a	HNcmpc
04ufm	Num.1.53	יִשְׂרָאֵ֑ל	3478	HNp
04XSi	Num.1.53	וְ/שָׁמְרוּ֙	c/8104	HC/Vqq3cp
04ELV	Num.1.53	הַ/לְוִיִּ֔ם	d/3881	HTd/Ngmpa
04Y6w	Num.1.53	אֶת	853	HTo
04qLR	Num.1.53	מִשְׁמֶ֖רֶת	4931	HNcfsc
04vfq	Num.1.53	מִשְׁכַּ֥ן	4908	HNcmsc
04Qsx	Num.1.53	הָ/עֵדֽוּת	d/5715	HTd/Ncfsa
048KZ	Num.1.54	וַֽ/יַּעֲשׂ֖וּ	c/6213 a	HC/Vqw3mp
04GXq	Num.1.54	בְּנֵ֣י	1121 a	HNcmpc
04iCi	Num.1.54	יִשְׂרָאֵ֑ל	3478	HNp
04vwH	Num.1.54	כְּ֠/כֹל	k/3605	HR/Ncmsa
04dbM	Num.1.54	אֲשֶׁ֨ר	834 a	HTr
04Dqb	Num.1.54	צִוָּ֧ה	6680	HVpp3ms
04kCD	Num.1.54	יְהוָ֛ה	3068	HNp
04XgW	Num.1.54	אֶת	853	HTo
046PV	Num.1.54	מֹשֶׁ֖ה	4872	HNp
04qGs	Num.1.54	כֵּ֥ן	3651 c	HTm
04w7p	Num.1.54	עָשֽׂוּ	6213 a	HVqp3cp
04k7H	Num.2.1	וַ/יְדַבֵּ֣ר	c/1696	HC/Vpw3ms
04r6F	Num.2.1	יְהוָ֔ה	3068	HNp
04Ugz	Num.2.1	אֶל	413	HR
04Mjg	Num.2.1	מֹשֶׁ֥ה	4872	HNp
04mdR	Num.2.1	וְ/אֶֽל	c/413	HC/R
04eWA	Num.2.1	אַהֲרֹ֖ן	175	HNp
04CqN	Num.2.1	לֵ/אמֹֽר	l/559	HR/Vqc
04Cpt	Num.2.2	אִ֣ישׁ	376	HNcmsa
04aSi	Num.2.2	עַל	5921 a	HR
047VU	Num.2.2	דִּגְל֤/וֹ	1714	HNcmsc/Sp3ms
04eK3	Num.2.2	בְ/אֹתֹת֙	b/226	HR/Ncbpa
04c63	Num.2.2	לְ/בֵ֣ית	l/1004 b	HR/Ncmsc
04TuL	Num.2.2	אֲבֹתָ֔/ם	1	HNcmpc/Sp3mp
04emQ	Num.2.2	יַחֲנ֖וּ	2583	HVqi3mp
04uf4	Num.2.2	בְּנֵ֣י	1121 a	HNcmpc
04jQv	Num.2.2	יִשְׂרָאֵ֑ל	3478	HNp
04ME1	Num.2.2	מִ/נֶּ֕גֶד	m/5048	HR/R
04ht4	Num.2.2	סָבִ֥יב	5439	HNcbsa
043Yo	Num.2.2	לְ/אֹֽהֶל	l/168	HR/Ncmsc
04pYb	Num.2.2	מוֹעֵ֖ד	4150	HNcmsa
04g5u	Num.2.2	יַחֲנֽוּ	2583	HVqi3mp
04w6U	Num.2.3	וְ/הַ/חֹנִים֙	c/d/2583	HC/Td/Vqrmpa
04ifL	Num.2.3	קֵ֣דְמָ/ה	6924 b	HNcmsa/Sd
04LZU	Num.2.3	מִזְרָ֔חָ/ה	4217	HNcmsa/Sd
04yHT	Num.2.3	דֶּ֛גֶל	1714	HNcmsc
049Dq	Num.2.3	מַחֲנֵ֥ה	4264	HNcbsc
047Vg	Num.2.3	יְהוּדָ֖ה	3063	HNp
043LR	Num.2.3	לְ/צִבְאֹתָ֑/ם	l/6635 a	HR/Ncbpc/Sp3mp
04vdQ	Num.2.3	וְ/נָשִׂיא֙	c/5387 a	HC/Ncmsa
04zAa	Num.2.3	לִ/בְנֵ֣י	l/1121 a	HR/Ncmpc
04HK3	Num.2.3	יְהוּדָ֔ה	3063	HNp
04sCi	Num.2.3	נַחְשׁ֖וֹן	5177	HNp
04S3d	Num.2.3	בֶּן	1121 a	HNcmsc
04RFe	Num.2.3	עַמִּינָדָֽב	5992	HNp
04PfQ	Num.2.4	וּ/צְבָא֖/וֹ	c/6635 a	HC/Ncbsc/Sp3ms
04AwN	Num.2.4	וּ/פְקֻדֵי/הֶ֑ם	c/6485 a	HC/Vqsmpc/Sp3mp
04khc	Num.2.4	אַרְבָּעָ֧ה	702	HAcmsa
04kYA	Num.2.4	וְ/שִׁבְעִ֛ים	c/7657	HC/Acbpa
04u6F	Num.2.4	אֶ֖לֶף	505	HAcbsa
04PYJ	Num.2.4	וְ/שֵׁ֥שׁ	c/8337	HC/Acfsa
041Za	Num.2.4	מֵאֽוֹת	3967	HAcbpa
04gam	Num.2.5	וְ/הַ/חֹנִ֥ים	c/d/2583	HC/Td/Vqrmpa
04un5	Num.2.5	עָלָ֖י/ו	5921 a	HR/Sp3ms
04WSe	Num.2.5	מַטֵּ֣ה	4294	HNcmsc
04AFs	Num.2.5	יִשָּׂשכָ֑ר	3485	HNp
04aJe	Num.2.5	וְ/נָשִׂיא֙	c/5387 a	HC/Ncmsa
04g2t	Num.2.5	לִ/בְנֵ֣י	l/1121 a	HR/Ncmpc
048HV	Num.2.5	יִשָּׂשכָ֔ר	3485	HNp
04j8W	Num.2.5	נְתַנְאֵ֖ל	5417	HNp
04h73	Num.2.5	בֶּן	1121 a	HNcmsc
049Yh	Num.2.5	צוּעָֽר	6686	HNp
04SkM	Num.2.6	וּ/צְבָא֖/וֹ	c/6635 a	HC/Ncbsc/Sp3ms
04yXK	Num.2.6	וּ/פְקֻדָ֑י/ו	c/6485 a	HC/Vqsmpc/Sp3ms
04hDf	Num.2.6	אַרְבָּעָ֧ה	702	HAcmsa
04PuA	Num.2.6	וַ/חֲמִשִּׁ֛ים	c/2572	HC/Acbpa
04myi	Num.2.6	אֶ֖לֶף	505	HAcbsa
04YLn	Num.2.6	וְ/אַרְבַּ֥ע	c/702	HC/Acfsa
04AXU	Num.2.6	מֵאֽוֹת	3967	HAcbpa
04reD	Num.2.7	מַטֵּ֖ה	4294	HNcmsc
04VFM	Num.2.7	זְבוּלֻ֑ן	2074	HNp
04SGf	Num.2.7	וְ/נָשִׂיא֙	c/5387 a	HC/Ncmsa
049jX	Num.2.7	לִ/בְנֵ֣י	l/1121 a	HR/Ncmpc
046t4	Num.2.7	זְבוּלֻ֔ן	2074	HNp
04Yu7	Num.2.7	אֱלִיאָ֖ב	446	HNp
04vL9	Num.2.7	בֶּן	1121 a	HNcmsc
04G2d	Num.2.7	חֵלֹֽן	2497	HNp
04xY3	Num.2.8	וּ/צְבָא֖/וֹ	c/6635 a	HC/Ncbsc/Sp3ms
04Zmd	Num.2.8	וּ/פְקֻדָ֑י/ו	c/6485 a	HC/Vqsmpc/Sp3ms
04Wyn	Num.2.8	שִׁבְעָ֧ה	7651	HAcmsa
04njg	Num.2.8	וַ/חֲמִשִּׁ֛ים	c/2572	HC/Acbpa
04L6G	Num.2.8	אֶ֖לֶף	505	HAcbsa
04EDP	Num.2.8	וְ/אַרְבַּ֥ע	c/702	HC/Acfsa
04QUP	Num.2.8	מֵאֽוֹת	3967	HAcbpa
04fv8	Num.2.9	כָּֽל	3605	HNcmsc
042SX	Num.2.9	הַ/פְּקֻדִ֞ים	d/6485 a	HTd/Vqsmpa
04pwZ	Num.2.9	לְ/מַחֲנֵ֣ה	l/4264	HR/Ncbsc
04KKJ	Num.2.9	יְהוּדָ֗ה	3063	HNp
04U9v	Num.2.9	מְאַ֨ת	3967	HAcbsc
043V4	Num.2.9	אֶ֜לֶף	505	HAcbsa
04gJ1	Num.2.9	וּ/שְׁמֹנִ֥ים	c/8084	HC/Acbpa
04rWk	Num.2.9	אֶ֛לֶף	505	HAcbsa
046gQ	Num.2.9	וְ/שֵֽׁשֶׁת	c/8337	HC/Acmsc
04mSF	Num.2.9	אֲלָפִ֥ים	505	HAcbpa
04awX	Num.2.9	וְ/אַרְבַּע	c/702	HC/Acfsa
04wik	Num.2.9	מֵא֖וֹת	3967	HAcbpa
04CVM	Num.2.9	לְ/צִבְאֹתָ֑/ם	l/6635 a	HR/Ncbpc/Sp3mp
04gbT	Num.2.9	רִאשֹׁנָ֖ה	7223	HAafsa
04wMq	Num.2.9	יִסָּֽעוּ	5265	HVqi3mp
042GY	Num.2.10	דֶּ֣גֶל	1714	HNcmsc
04Doj	Num.2.10	מַחֲנֵ֧ה	4264	HNcbsc
04m3h	Num.2.10	רְאוּבֵ֛ן	7205	HNp
04Djb	Num.2.10	תֵּימָ֖נָ/ה	8486	HNcfsa/Sd
04F5r	Num.2.10	לְ/צִבְאֹתָ֑/ם	l/6635 a	HR/Ncbpc/Sp3mp
04V4p	Num.2.10	וְ/נָשִׂיא֙	c/5387 a	HC/Ncmsa
04HsZ	Num.2.10	לִ/בְנֵ֣י	l/1121 a	HR/Ncmpc
04DgA	Num.2.10	רְאוּבֵ֔ן	7205	HNp
04QCa	Num.2.10	אֱלִיצ֖וּר	468	HNp
04nps	Num.2.10	בֶּן	1121 a	HNcmsc
04oA2	Num.2.10	שְׁדֵיאֽוּר	7707	HNp
04CYW	Num.2.11	וּ/צְבָא֖/וֹ	c/6635 a	HC/Ncbsc/Sp3ms
04TDs	Num.2.11	וּ/פְקֻדָ֑י/ו	c/6485 a	HC/Vqsmpc/Sp3ms
04fhx	Num.2.11	שִׁשָּׁ֧ה	8337	HAcmsa
04JPp	Num.2.11	וְ/אַרְבָּעִ֛ים	c/705	HC/Acbpa
04dWm	Num.2.11	אֶ֖לֶף	505	HAcbsa
04BYg	Num.2.11	וַ/חֲמֵ֥שׁ	c/2568	HC/Acfsa
049by	Num.2.11	מֵאֽוֹת	3967	HAcbpa
04VRt	Num.2.12	וְ/הַ/חוֹנִ֥ם	c/d/2583	HC/Td/Vqrmpa
04CPS	Num.2.12	עָלָ֖י/ו	5921 a	HR/Sp3ms
04fiV	Num.2.12	מַטֵּ֣ה	4294	HNcmsc
04vAa	Num.2.12	שִׁמְע֑וֹן	8095	HNp
048Na	Num.2.12	וְ/נָשִׂיא֙	c/5387 a	HC/Ncmsa
04RZN	Num.2.12	לִ/בְנֵ֣י	l/1121 a	HR/Ncmpc
04krV	Num.2.12	שִׁמְע֔וֹן	8095	HNp
04sQy	Num.2.12	שְׁלֻמִיאֵ֖ל	8017	HNp
04asy	Num.2.12	בֶּן	1121 a	HNcmsc
04rxG	Num.2.12	צוּרִֽי	6701+	HNp
046fj	Num.2.12	שַׁדָּֽי	6701	HNp
04oGi	Num.2.13	וּ/צְבָא֖/וֹ	c/6635 a	HC/Ncbsc/Sp3ms
04PrG	Num.2.13	וּ/פְקֻדֵי/הֶ֑ם	c/6485 a	HC/Vqsmpc/Sp3mp
04Ao4	Num.2.13	תִּשְׁעָ֧ה	8672	HAcmsa
04fjK	Num.2.13	וַ/חֲמִשִּׁ֛ים	c/2572	HC/Acbpa
04Dwm	Num.2.13	אֶ֖לֶף	505	HAcbsa
0431Z	Num.2.13	וּ/שְׁלֹ֥שׁ	c/7969	HC/Acfsa
04nRw	Num.2.13	מֵאֽוֹת	3967	HAcbpa
04qjY	Num.2.14	וְ/מַטֵּ֖ה	c/4294	HC/Ncmsc
042oH	Num.2.14	גָּ֑ד	1410	HNp
04H3W	Num.2.14	וְ/נָשִׂיא֙	c/5387 a	HC/Ncmsa
04wQL	Num.2.14	לִ/בְנֵ֣י	l/1121 a	HR/Ncmpc
044LW	Num.2.14	גָ֔ד	1410	HNp
04q4j	Num.2.14	אֶלְיָסָ֖ף	460	HNp
04Jdu	Num.2.14	בֶּן	1121 a	HNcmsc
04cgg	Num.2.14	רְעוּאֵֽל	7467	HNp
04x5W	Num.2.15	וּ/צְבָא֖/וֹ	c/6635 a	HC/Ncbsc/Sp3ms
04s3h	Num.2.15	וּ/פְקֻדֵי/הֶ֑ם	c/6485 a	HC/Vqsmpc/Sp3mp
04ymv	Num.2.15	חֲמִשָּׁ֤ה	2568	HAcmsa
0462T	Num.2.15	וְ/אַרְבָּעִים֙	c/705	HC/Acbpa
04NmZ	Num.2.15	אֶ֔לֶף	505	HAcbsa
04RD4	Num.2.15	וְ/שֵׁ֥שׁ	c/8337	HC/Acfsa
04Xjv	Num.2.15	מֵא֖וֹת	3967	HAcbpa
04WVH	Num.2.15	וַ/חֲמִשִּֽׁים	c/2572	HC/Acbpa
04WMK	Num.2.16	כָּֽל	3605	HNcmsc
04ctU	Num.2.16	הַ/פְּקֻדִ֞ים	d/6485 a	HTd/Vqsmpa
04CmP	Num.2.16	לְ/מַחֲנֵ֣ה	l/4264	HR/Ncbsc
04LY2	Num.2.16	רְאוּבֵ֗ן	7205	HNp
04k7w	Num.2.16	מְאַ֨ת	3967	HAcbsc
04JFy	Num.2.16	אֶ֜לֶף	505	HAcbsa
04Amf	Num.2.16	וְ/אֶחָ֨ד	c/259	HC/Acmsa
04i9m	Num.2.16	וַ/חֲמִשִּׁ֥ים	c/2572	HC/Acbpa
04FCo	Num.2.16	אֶ֛לֶף	505	HAcbsa
04wNS	Num.2.16	וְ/אַרְבַּע	c/702	HC/Acfsa
04XPV	Num.2.16	מֵא֥וֹת	3967	HAcbpa
04K9E	Num.2.16	וַ/חֲמִשִּׁ֖ים	c/2572	HC/Acbpa
04sNR	Num.2.16	לְ/צִבְאֹתָ֑/ם	l/6635 a	HR/Ncbpc/Sp3mp
04pww	Num.2.16	וּ/שְׁנִיִּ֖ם	c/8145	HC/Aompa
04d1k	Num.2.16	יִסָּֽעוּ	5265	HVqi3mp
04Gpp	Num.2.17	וְ/נָסַ֧ע	c/5265	HC/Vqq3ms
04T85	Num.2.17	אֹֽהֶל	168	HNcmsc
04E2x	Num.2.17	מוֹעֵ֛ד	4150	HNcmsa
04vUM	Num.2.17	מַחֲנֵ֥ה	4264	HNcbsc
04pMW	Num.2.17	הַ/לְוִיִּ֖ם	d/3881	HTd/Ngmpa
04fiZ	Num.2.17	בְּ/ת֣וֹךְ	b/8432	HR/Ncmsc
04FQf	Num.2.17	הַֽ/מַּחֲנֹ֑ת	d/4264	HTd/Ncbpa
04Gbx	Num.2.17	כַּ/אֲשֶׁ֤ר	k/834 d	HR/Tr
04H82	Num.2.17	יַחֲנוּ֙	2583	HVqi3mp
04XaZ	Num.2.17	כֵּ֣ן	3651 c	HTm
04RGz	Num.2.17	יִסָּ֔עוּ	5265	HVqi3mp
04tQ1	Num.2.17	אִ֥ישׁ	376	HNcmsa
04oSR	Num.2.17	עַל	5921 a	HR
04rUR	Num.2.17	יָד֖/וֹ	3027	HNcbsc/Sp3ms
04NME	Num.2.17	לְ/דִגְלֵי/הֶֽם	l/1714	HR/Ncmpc/Sp3mp
04eQs	Num.2.18	דֶּ֣גֶל	1714	HNcmsc
04fE2	Num.2.18	מַחֲנֵ֥ה	4264	HNcbsc
04rio	Num.2.18	אֶפְרַ֛יִם	669	HNp
04hum	Num.2.18	לְ/צִבְאֹתָ֖/ם	l/6635 a	HR/Ncbpc/Sp3mp
04UG5	Num.2.18	יָ֑מָּ/ה	3220	HNcmsa/Sd
04tZb	Num.2.18	וְ/נָשִׂיא֙	c/5387 a	HC/Ncmsa
04UEd	Num.2.18	לִ/בְנֵ֣י	l/1121 a	HR/Ncmpc
04zit	Num.2.18	אֶפְרַ֔יִם	669	HNp
04pcg	Num.2.18	אֱלִישָׁמָ֖ע	476	HNp
041pD	Num.2.18	בֶּן	1121 a	HNcmsc
04UCh	Num.2.18	עַמִּיהֽוּד	5989	HNp
04jZZ	Num.2.19	וּ/צְבָא֖/וֹ	c/6635 a	HC/Ncbsc/Sp3ms
047a3	Num.2.19	וּ/פְקֻדֵי/הֶ֑ם	c/6485 a	HC/Vqsmpc/Sp3mp
04k23	Num.2.19	אַרְבָּעִ֥ים	705	HAcbpa
04nxs	Num.2.19	אֶ֖לֶף	505	HAcbsa
04Rs7	Num.2.19	וַ/חֲמֵ֥שׁ	c/2568	HC/Acfsa
04x1q	Num.2.19	מֵאֽוֹת	3967	HAcbpa
04ozK	Num.2.20	וְ/עָלָ֖י/ו	c/5921 a	HC/R/Sp3ms
046Tj	Num.2.20	מַטֵּ֣ה	4294	HNcmsc
04Wp4	Num.2.20	מְנַשֶּׁ֑ה	4519	HNp
04ayu	Num.2.20	וְ/נָשִׂיא֙	c/5387 a	HC/Ncmsa
04izi	Num.2.20	לִ/בְנֵ֣י	l/1121 a	HR/Ncmpc
04cNi	Num.2.20	מְנַשֶּׁ֔ה	4519	HNp
042Z3	Num.2.20	גַּמְלִיאֵ֖ל	1583	HNp
04bTo	Num.2.20	בֶּן	1121 a	HNcmsc
04hvK	Num.2.20	פְּדָהצֽוּר	6301	HNp
04XQw	Num.2.21	וּ/צְבָא֖/וֹ	c/6635 a	HC/Ncbsc/Sp3ms
04Ssi	Num.2.21	וּ/פְקֻדֵי/הֶ֑ם	c/6485 a	HC/Vqsmpc/Sp3mp
04UtQ	Num.2.21	שְׁנַ֧יִם	8147	HAcmda
04MVx	Num.2.21	וּ/שְׁלֹשִׁ֛ים	c/7970	HC/Acbpa
044dp	Num.2.21	אֶ֖לֶף	505	HAcbsa
04nsw	Num.2.21	וּ/מָאתָֽיִם	c/3967	HC/Acbda
04KGj	Num.2.22	וּ/מַטֵּ֖ה	c/4294	HC/Ncmsc
048xz	Num.2.22	בִּנְיָמִ֑ן	1144	HNp
04y1Z	Num.2.22	וְ/נָשִׂיא֙	c/5387 a	HC/Ncmsa
04Uq9	Num.2.22	לִ/בְנֵ֣י	l/1121 a	HR/Ncmpc
04TiM	Num.2.22	בִנְיָמִ֔ן	1144	HNp
04NqW	Num.2.22	אֲבִידָ֖ן	27	HNp
04emv	Num.2.22	בֶּן	1121 a	HNcmsc
043r3	Num.2.22	גִּדְעֹנִֽי	1441	HNp
04sEP	Num.2.23	וּ/צְבָא֖/וֹ	c/6635 a	HC/Ncbsc/Sp3ms
04BYi	Num.2.23	וּ/פְקֻדֵי/הֶ֑ם	c/6485 a	HC/Vqsmpc/Sp3mp
04K78	Num.2.23	חֲמִשָּׁ֧ה	2568	HAcmsa
04LG5	Num.2.23	וּ/שְׁלֹשִׁ֛ים	c/7970	HC/Acbpa
04pvY	Num.2.23	אֶ֖לֶף	505	HAcbsa
04B6g	Num.2.23	וְ/אַרְבַּ֥ע	c/702	HC/Acfsa
04UDg	Num.2.23	מֵאֽוֹת	3967	HAcbpa
04Baw	Num.2.24	כָּֽל	3605	HNcmsc
04MZ9	Num.2.24	הַ/פְּקֻדִ֞ים	d/6485 a	HTd/Vqsmpa
04Svn	Num.2.24	לְ/מַחֲנֵ֣ה	l/4264	HR/Ncbsc
04x62	Num.2.24	אֶפְרַ֗יִם	669	HNp
04dQK	Num.2.24	מְאַ֥ת	3967	HAcbsc
04dDm	Num.2.24	אֶ֛לֶף	505	HAcbsa
04XwG	Num.2.24	וּ/שְׁמֹֽנַת	c/8083	HC/Acmsc
04iPC	Num.2.24	אֲלָפִ֥ים	505	HAcbpa
048E1	Num.2.24	וּ/מֵאָ֖ה	c/3967	HC/Acbsa
044vF	Num.2.24	לְ/צִבְאֹתָ֑/ם	l/6635 a	HR/Ncbpc/Sp3mp
04y7z	Num.2.24	וּ/שְׁלִשִׁ֖ים	c/7992	HC/Aompa
04bvs	Num.2.24	יִסָּֽעוּ	5265	HVqi3mp
04Gxe	Num.2.25	דֶּ֣גֶל	1714	HNcmsc
04Qjd	Num.2.25	מַחֲנֵ֥ה	4264	HNcbsc
04t98	Num.2.25	דָ֛ן	1835	HNp
04YfW	Num.2.25	צָפֹ֖נָ/ה	6828	HNcfsa/Sd
04P1s	Num.2.25	לְ/צִבְאֹתָ֑/ם	l/6635 a	HR/Ncbpc/Sp3mp
04a9X	Num.2.25	וְ/נָשִׂיא֙	c/5387 a	HC/Ncmsa
04RUp	Num.2.25	לִ/בְנֵ֣י	l/1121 a	HR/Ncmpc
047Kw	Num.2.25	דָ֔ן	1835	HNp
04E6n	Num.2.25	אֲחִיעֶ֖זֶר	295	HNp
044YU	Num.2.25	בֶּן	1121 a	HNcmsc
04yMS	Num.2.25	עַמִּֽישַׁדָּֽי	5996	HNp
04RZD	Num.2.26	וּ/צְבָא֖/וֹ	c/6635 a	HC/Ncbsc/Sp3ms
04T97	Num.2.26	וּ/פְקֻדֵי/הֶ֑ם	c/6485 a	HC/Vqsmpc/Sp3mp
045L1	Num.2.26	שְׁנַ֧יִם	8147	HAcmda
04nY7	Num.2.26	וְ/שִׁשִּׁ֛ים	c/8346	HC/Acbpa
04S83	Num.2.26	אֶ֖לֶף	505	HAcbsa
04SDb	Num.2.26	וּ/שְׁבַ֥ע	c/7651	HC/Acfsa
04DKS	Num.2.26	מֵאֽוֹת	3967	HAcbpa
04YKr	Num.2.27	וְ/הַ/חֹנִ֥ים	c/d/2583	HC/Td/Vqrmpa
04r66	Num.2.27	עָלָ֖י/ו	5921 a	HR/Sp3ms
04TW5	Num.2.27	מַטֵּ֣ה	4294	HNcmsc
04KaN	Num.2.27	אָשֵׁ֑ר	836	HNp
04FsE	Num.2.27	וְ/נָשִׂיא֙	c/5387 a	HC/Ncmsa
047Np	Num.2.27	לִ/בְנֵ֣י	l/1121 a	HR/Ncmpc
04965	Num.2.27	אָשֵׁ֔ר	836	HNp
04MeK	Num.2.27	פַּגְעִיאֵ֖ל	6295	HNp
04Pw8	Num.2.27	בֶּן	1121 a	HNcmsc
04Bxn	Num.2.27	עָכְרָֽן	5918	HNp
04Gne	Num.2.28	וּ/צְבָא֖/וֹ	c/6635 a	HC/Ncbsc/Sp3ms
04uXm	Num.2.28	וּ/פְקֻדֵי/הֶ֑ם	c/6485 a	HC/Vqsmpc/Sp3mp
04Cmf	Num.2.28	אֶחָ֧ד	259	HAcmsa
04K6T	Num.2.28	וְ/אַרְבָּעִ֛ים	c/705	HC/Acbpa
04XFF	Num.2.28	אֶ֖לֶף	505	HAcbsa
04gKP	Num.2.28	וַ/חֲמֵ֥שׁ	c/2568	HC/Acfsa
04YUv	Num.2.28	מֵאֽוֹת	3967	HAcbpa
04HQ9	Num.2.29	וּ/מַטֵּ֖ה	c/4294	HC/Ncmsc
04D5P	Num.2.29	נַפְתָּלִ֑י	5321	HNp
04pVx	Num.2.29	וְ/נָשִׂיא֙	c/5387 a	HC/Ncmsa
04WAq	Num.2.29	לִ/בְנֵ֣י	l/1121 a	HR/Ncmpc
04PxM	Num.2.29	נַפְתָּלִ֔י	5321	HNp
04oCH	Num.2.29	אֲחִירַ֖ע	299	HNp
04tQE	Num.2.29	בֶּן	1121 a	HNcmsc
04wtX	Num.2.29	עֵינָֽן	5881	HNp
04Hso	Num.2.30	וּ/צְבָא֖/וֹ	c/6635 a	HC/Ncbsc/Sp3ms
04yS3	Num.2.30	וּ/פְקֻדֵי/הֶ֑ם	c/6485 a	HC/Vqsmpc/Sp3mp
04PHG	Num.2.30	שְׁלֹשָׁ֧ה	7969	HAcmsa
041go	Num.2.30	וַ/חֲמִשִּׁ֛ים	c/2572	HC/Acbpa
04XLB	Num.2.30	אֶ֖לֶף	505	HAcbsa
04KTJ	Num.2.30	וְ/אַרְבַּ֥ע	c/702	HC/Acfsa
04twL	Num.2.30	מֵאֽוֹת	3967	HAcbpa
043MS	Num.2.31	כָּל	3605	HNcmsc
04GnD	Num.2.31	הַ/פְּקֻדִים֙	d/6485 a	HTd/Vqsmpa
04rVJ	Num.2.31	לְ/מַ֣חֲנֵה	l/4264	HR/Ncbsc
04w2R	Num.2.31	דָ֔ן	1835	HNp
04JsR	Num.2.31	מְאַ֣ת	3967	HAcbsc
04Sv8	Num.2.31	אֶ֗לֶף	505	HAcbsa
04adR	Num.2.31	וְ/שִׁבְעָ֧ה	c/7651	HC/Acmsa
04xek	Num.2.31	וַ/חֲמִשִּׁ֛ים	c/2572	HC/Acbpa
04UEH	Num.2.31	אֶ֖לֶף	505	HAcbsa
04L2G	Num.2.31	וְ/שֵׁ֣שׁ	c/8337	HC/Acfsa
04oPm	Num.2.31	מֵא֑וֹת	3967	HAcbpa
04azH	Num.2.31	לָ/אַחֲרֹנָ֥ה	l/314	HRd/Aafsa
04fZA	Num.2.31	יִסְע֖וּ	5265	HVqi3mp
046Hj	Num.2.31	לְ/דִגְלֵי/הֶֽם	l/1714	HR/Ncmpc/Sp3mp
04UCE	Num.2.32	אֵ֛לֶּה	428	HPdxcp
04dvY	Num.2.32	פְּקוּדֵ֥י	6485 a	HVqsmpc
04YkN	Num.2.32	בְנֵֽי	1121 a	HNcmpc
04k6s	Num.2.32	יִשְׂרָאֵ֖ל	3478	HNp
04awY	Num.2.32	לְ/בֵ֣ית	l/1004 b	HR/Ncmsc
04Wb1	Num.2.32	אֲבֹתָ֑/ם	1	HNcmpc/Sp3mp
04EAT	Num.2.32	כָּל	3605	HNcmsc
04MzG	Num.2.32	פְּקוּדֵ֤י	6485 a	HVqsmpc
04RBM	Num.2.32	הַֽ/מַּחֲנֹת֙	d/4264	HTd/Ncbpa
04wzx	Num.2.32	לְ/צִבְאֹתָ֔/ם	l/6635 a	HR/Ncbpc/Sp3mp
047Vm	Num.2.32	שֵׁשׁ	8337	HAcfsa
04vSy	Num.2.32	מֵא֥וֹת	3967	HAcbpa
04qgp	Num.2.32	אֶ֨לֶף֙	505	HAcbsa
04bcQ	Num.2.32	וּ/שְׁלֹ֣שֶׁת	c/7969	HC/Acmsc
04GFP	Num.2.32	אֲלָפִ֔ים	505	HAcbpa
04QZx	Num.2.32	וַ/חֲמֵ֥שׁ	c/2568	HC/Acfsa
04JH9	Num.2.32	מֵא֖וֹת	3967	HAcbpa
04Cdg	Num.2.32	וַ/חֲמִשִּֽׁים	c/2572	HC/Acbpa
04Uv6	Num.2.33	וְ/הַ֨/לְוִיִּ֔ם	c/d/3881	HC/Td/Ngmpa
04eec	Num.2.33	לֹ֣א	3808	HTn
04bea	Num.2.33	הָתְפָּקְד֔וּ	6485 a	HVup3cp
04zx5	Num.2.33	בְּ/ת֖וֹךְ	b/8432	HR/Ncmsc
04SMW	Num.2.33	בְּנֵ֣י	1121 a	HNcmpc
04GYp	Num.2.33	יִשְׂרָאֵ֑ל	3478	HNp
041GH	Num.2.33	כַּ/אֲשֶׁ֛ר	k/834 d	HR/Tr
043QW	Num.2.33	צִוָּ֥ה	6680	HVpp3ms
04tAW	Num.2.33	יְהוָ֖ה	3068	HNp
04DCB	Num.2.33	אֶת	853	HTo
04r2Z	Num.2.33	מֹשֶֽׁה	4872	HNp
04don	Num.2.34	וַֽ/יַּעֲשׂ֖וּ	c/6213 a	HC/Vqw3mp
04cdc	Num.2.34	בְּנֵ֣י	1121 a	HNcmpc
04Ybs	Num.2.34	יִשְׂרָאֵ֑ל	3478	HNp
04iFe	Num.2.34	כְּ֠/כֹל	k/3605	HR/Ncmsa
049w8	Num.2.34	אֲשֶׁר	834 a	HTr
049fJ	Num.2.34	צִוָּ֨ה	6680	HVpp3ms
04rMg	Num.2.34	יְהוָ֜ה	3068	HNp
04T3v	Num.2.34	אֶת	853	HTo
04e37	Num.2.34	מֹשֶׁ֗ה	4872	HNp
04F5j	Num.2.34	כֵּֽן	3651 c	HTm
04drK	Num.2.34	חָנ֤וּ	2583	HVqp3cp
041TS	Num.2.34	לְ/דִגְלֵי/הֶם֙	l/1714	HR/Ncmpc/Sp3mp
04e65	Num.2.34	וְ/כֵ֣ן	c/3651 c	HC/Tm
04Fkx	Num.2.34	נָסָ֔עוּ	5265	HVqp3cp
04ZVs	Num.2.34	אִ֥ישׁ	376	HNcmsa
04bmu	Num.2.34	לְ/מִשְׁפְּחֹתָ֖י/ו	l/4940	HR/Ncfpc/Sp3ms
04eis	Num.2.34	עַל	5921 a	HR
04B8V	Num.2.34	בֵּ֥ית	1004 b	HNcmsc
04gjk	Num.2.34	אֲבֹתָֽי/ו	1	HNcmpc/Sp3ms
04tiD	Num.3.1	וְ/אֵ֛לֶּה	c/428	HC/Pdxcp
04kXw	Num.3.1	תּוֹלְדֹ֥ת	8435	HNcfpc
04cHm	Num.3.1	אַהֲרֹ֖ן	175	HNp
04Loa	Num.3.1	וּ/מֹשֶׁ֑ה	c/4872	HC/Np
04NW8	Num.3.1	בְּ/י֗וֹם	b/3117	HR/Ncmsa
04Ufy	Num.3.1	דִּבֶּ֧ר	1696	HVpp3ms
04FCe	Num.3.1	יְהוָ֛ה	3068	HNp
04CBn	Num.3.1	אֶת	854	HR
04QFm	Num.3.1	מֹשֶׁ֖ה	4872	HNp
042st	Num.3.1	בְּ/הַ֥ר	b/2022	HR/Ncmsc
04rCW	Num.3.1	סִינָֽי	5514	HNp
047gm	Num.3.2	וְ/אֵ֛לֶּה	c/428	HC/Pdxcp
04zkf	Num.3.2	שְׁמ֥וֹת	8034	HNcmpc
04941	Num.3.2	בְּֽנֵי	1121 a	HNcmpc
046C3	Num.3.2	אַהֲרֹ֖ן	175	HNp
04WMb	Num.3.2	הַ/בְּכ֣וֹר	d/1060	HTd/Ncmsa
04ZgJ	Num.3.2	נָדָ֑ב	5070	HNp
04Ft4	Num.3.2	וַ/אֲבִיה֕וּא	c/30	HC/Np
04iMP	Num.3.2	אֶלְעָזָ֖ר	499	HNp
04aom	Num.3.2	וְ/אִיתָמָֽר	c/385	HC/Np
04xKf	Num.3.3	אֵ֗לֶּה	428	HPdxcp
04EnU	Num.3.3	שְׁמוֹת֙	8034	HNcmpc
04Zax	Num.3.3	בְּנֵ֣י	1121 a	HNcmpc
04Q2e	Num.3.3	אַהֲרֹ֔ן	175	HNp
04ZRJ	Num.3.3	הַ/כֹּהֲנִ֖ים	d/3548	HTd/Ncmpa
04YEi	Num.3.3	הַ/מְּשֻׁחִ֑ים	d/4886	HTd/Vqsmpa
04gvb	Num.3.3	אֲשֶׁר	834 a	HTr
04bJa	Num.3.3	מִלֵּ֥א	4390	HVpp3ms
0489f	Num.3.3	יָדָ֖/ם	3027	HNcbsc/Sp3mp
04re5	Num.3.3	לְ/כַהֵֽן	l/3547	HR/Vpc
04Xh3	Num.3.4	וַ/יָּ֣מָת	c/4191	HC/Vqw3ms
04EyU	Num.3.4	נָדָ֣ב	5070	HNp
04aci	Num.3.4	וַ/אֲבִיה֣וּא	c/30	HC/Np
04kbc	Num.3.4	לִ/פְנֵ֣י	l/6440	HR/Ncbpc
04baF	Num.3.4	יְהוָ֡ה	3068	HNp
04ZNU	Num.3.4	בְּֽ/הַקְרִבָ/ם֩	b/7126	HR/Vhc/Sp3mp
04KqQ	Num.3.4	אֵ֨שׁ	784	HNcbsa
04gLV	Num.3.4	זָרָ֜ה	2114 a	HAafsa
04KTp	Num.3.4	לִ/פְנֵ֤י	l/6440	HR/Ncbpc
04rzR	Num.3.4	יְהוָה֙	3068	HNp
04bh3	Num.3.4	בְּ/מִדְבַּ֣ר	b/4057 b	HR/Ncmsc
04duZ	Num.3.4	סִינַ֔י	5514	HNp
04YHi	Num.3.4	וּ/בָנִ֖ים	c/1121 a	HC/Ncmpa
04GV7	Num.3.4	לֹא	3808	HTn
04A76	Num.3.4	הָי֣וּ	1961	HVqp3cp
04eHZ	Num.3.4	לָ/הֶ֑ם	l	HR/Sp3mp
04ycY	Num.3.4	וַ/יְכַהֵ֤ן	c/3547	HC/Vpw3ms
04ejK	Num.3.4	אֶלְעָזָר֙	499	HNp
04Jb3	Num.3.4	וְ/אִ֣יתָמָ֔ר	c/385	HC/Np
04XXt	Num.3.4	עַל	5921 a	HR
04rKT	Num.3.4	פְּנֵ֖י	6440	HNcbpc
04Q8c	Num.3.4	אַהֲרֹ֥ן	175	HNp
04rHh	Num.3.4	אֲבִי/הֶֽם	1	HNcmsc/Sp3mp
04mUo	Num.3.5	וַ/יְדַבֵּ֥ר	c/1696	HC/Vpw3ms
04Hfj	Num.3.5	יְהוָ֖ה	3068	HNp
04ACV	Num.3.5	אֶל	413	HR
04ioH	Num.3.5	מֹשֶׁ֥ה	4872	HNp
04FCG	Num.3.5	לֵּ/אמֹֽר	l/559	HR/Vqc
047Jo	Num.3.6	הַקְרֵב֙	7126	HVhv2ms
04wKF	Num.3.6	אֶת	853	HTo
04YU5	Num.3.6	מַטֵּ֣ה	4294	HNcmsc
04xmV	Num.3.6	לֵוִ֔י	3878	HNp
04ZvX	Num.3.6	וְֽ/הַעֲמַדְתָּ֣	c/5975	HC/Vhq2ms
047Ch	Num.3.6	אֹת֔/וֹ	853	HTo/Sp3ms
04S67	Num.3.6	לִ/פְנֵ֖י	l/6440	HR/Ncbpc
04Hmd	Num.3.6	אַהֲרֹ֣ן	175	HNp
044Yz	Num.3.6	הַ/כֹּהֵ֑ן	d/3548	HTd/Ncmsa
04zbA	Num.3.6	וְ/שֵׁרְת֖וּ	c/8334	HC/Vpq3cp
04koP	Num.3.6	אֹתֽ/וֹ	853	HTo/Sp3ms
04Mdv	Num.3.7	וְ/שָׁמְר֣וּ	c/8104	HC/Vqq3cp
04TXv	Num.3.7	אֶת	853	HTo
04pbV	Num.3.7	מִשְׁמַרְתּ֗/וֹ	4931	HNcfsc/Sp3ms
04MSY	Num.3.7	וְ/אֶת	c/853	HC/To
04GXC	Num.3.7	מִשְׁמֶ֨רֶת֙	4931	HNcfsc
04Y6k	Num.3.7	כָּל	3605	HNcmsc
04ctR	Num.3.7	הָ֣/עֵדָ֔ה	d/5712	HTd/Ncfsa
04Qq3	Num.3.7	לִ/פְנֵ֖י	l/6440	HR/Ncbpc
04GdR	Num.3.7	אֹ֣הֶל	168	HNcmsc
04kV4	Num.3.7	מוֹעֵ֑ד	4150	HNcmsa
04Zy7	Num.3.7	לַ/עֲבֹ֖ד	l/5647	HR/Vqc
04ozy	Num.3.7	אֶת	853	HTo
04H6W	Num.3.7	עֲבֹדַ֥ת	5656	HNcfsc
04297	Num.3.7	הַ/מִּשְׁכָּֽן	d/4908	HTd/Ncmsa
04Eyi	Num.3.8	וְ/שָׁמְר֗וּ	c/8104	HC/Vqq3cp
04kz6	Num.3.8	אֶֽת	853	HTo
04PZP	Num.3.8	כָּל	3605	HNcmsc
04tkv	Num.3.8	כְּלֵי֙	3627	HNcmpc
04YJk	Num.3.8	אֹ֣הֶל	168	HNcmsc
04zp3	Num.3.8	מוֹעֵ֔ד	4150	HNcmsa
04GVz	Num.3.8	וְ/אֶת	c/853	HC/To
04MRd	Num.3.8	מִשְׁמֶ֖רֶת	4931	HNcfsc
04Ci2	Num.3.8	בְּנֵ֣י	1121 a	HNcmpc
04TD8	Num.3.8	יִשְׂרָאֵ֑ל	3478	HNp
046R1	Num.3.8	לַ/עֲבֹ֖ד	l/5647	HR/Vqc
04c7o	Num.3.8	אֶת	853	HTo
042Ss	Num.3.8	עֲבֹדַ֥ת	5656	HNcfsc
04JyU	Num.3.8	הַ/מִּשְׁכָּֽן	d/4908	HTd/Ncmsa
04uF7	Num.3.9	וְ/נָתַתָּה֙	c/5414	HC/Vqq2ms
04fbk	Num.3.9	אֶת	853	HTo
04RxS	Num.3.9	הַ/לְוִיִּ֔ם	d/3881	HTd/Ngmpa
04PTT	Num.3.9	לְ/אַהֲרֹ֖ן	l/175	HR/Np
041bY	Num.3.9	וּ/לְ/בָנָ֑י/ו	c/l/1121 a	HC/R/Ncmpc/Sp3ms
04GMz	Num.3.9	נְתוּנִ֨ם	5414	HVqsmpa
04uCN	Num.3.9	נְתוּנִ֥ם	5414	HVqsmpa
04Wmn	Num.3.9	הֵ֨מָּה֙	1992	HPp3mp
04Lri	Num.3.9	ל֔/וֹ	l	HR/Sp3ms
04ymB	Num.3.9	מֵ/אֵ֖ת	m/854	HR/R
04fac	Num.3.9	בְּנֵ֥י	1121 a	HNcmpc
04X2q	Num.3.9	יִשְׂרָאֵֽל	3478	HNp
049d7	Num.3.10	וְ/אֶת	c/853	HC/To
04bj4	Num.3.10	אַהֲרֹ֤ן	175	HNp
04ZRD	Num.3.10	וְ/אֶת	c/853	HC/To
04iFV	Num.3.10	בָּנָי/ו֙	1121 a	HNcmpc/Sp3ms
04JzQ	Num.3.10	תִּפְקֹ֔ד	6485 a	HVqi2ms
04qbn	Num.3.10	וְ/שָׁמְר֖וּ	c/8104	HC/Vqq3cp
04WeU	Num.3.10	אֶת	853	HTo
04TMW	Num.3.10	כְּהֻנָּתָ֑/ם	3550	HNcfsc/Sp3mp
04KvW	Num.3.10	וְ/הַ/זָּ֥ר	c/d/2114 a	HC/Td/Aamsa
04wz5	Num.3.10	הַ/קָּרֵ֖ב	d/7126	HTd/Aamsa
04g5b	Num.3.10	יוּמָֽת	4191	HVHi3ms
046Cg	Num.3.11	וַ/יְדַבֵּ֥ר	c/1696	HC/Vpw3ms
04cqw	Num.3.11	יְהוָ֖ה	3068	HNp
0476C	Num.3.11	אֶל	413	HR
04t1W	Num.3.11	מֹשֶׁ֥ה	4872	HNp
04vfm	Num.3.11	לֵּ/אמֹֽר	l/559	HR/Vqc
04pjd	Num.3.12	וַ/אֲנִ֞י	c/589	HC/Pp1cs
04Atm	Num.3.12	הִנֵּ֧ה	2009	HTm
04vFb	Num.3.12	לָקַ֣חְתִּי	3947	HVqp1cs
04sFr	Num.3.12	אֶת	853	HTo
04Q98	Num.3.12	הַ/לְוִיִּ֗ם	d/3881	HTd/Ngmpa
04e6Q	Num.3.12	מִ/תּוֹךְ֙	m/8432	HR/Ncmsc
04Zzk	Num.3.12	בְּנֵ֣י	1121 a	HNcmpc
04Ynf	Num.3.12	יִשְׂרָאֵ֔ל	3478	HNp
045pP	Num.3.12	תַּ֧חַת	8478	HR
04Xxj	Num.3.12	כָּל	3605	HNcmsc
04eNB	Num.3.12	בְּכ֛וֹר	1060	HNcmsa
04r8g	Num.3.12	פֶּ֥טֶר	6363 a	HNcmsc
04sJk	Num.3.12	רֶ֖חֶם	7358	HNcmsa
04wBJ	Num.3.12	מִ/בְּנֵ֣י	m/1121 a	HR/Ncmpc
04tvR	Num.3.12	יִשְׂרָאֵ֑ל	3478	HNp
04Uoi	Num.3.12	וְ/הָ֥יוּ	c/1961	HC/Vqq3cp
04H29	Num.3.12	לִ֖/י	l	HR/Sp1cs
04m2e	Num.3.12	הַ/לְוִיִּֽם	d/3881	HTd/Ngmpa
04WQ1	Num.3.13	כִּ֣י	3588 a	HC
047uv	Num.3.13	לִ/י֮	l	HR/Sp1cs
04Z1J	Num.3.13	כָּל	3605	HNcmsc
04KZa	Num.3.13	בְּכוֹר֒	1060	HNcmsa
042u6	Num.3.13	בְּ/יוֹם֩	b/3117	HR/Ncmsc
04CGY	Num.3.13	הַכֹּתִ֨/י	5221	HVhc/Sp1cs
04cy3	Num.3.13	כָל	3605	HNcmsc
045EE	Num.3.13	בְּכ֜וֹר	1060	HNcmsa
047yo	Num.3.13	בְּ/אֶ֣רֶץ	b/776	HR/Ncbsc
046ot	Num.3.13	מִצְרַ֗יִם	4714	HNp
042Sx	Num.3.13	הִקְדַּ֨שְׁתִּי	6942	HVhp1cs
044mo	Num.3.13	לִ֤/י	l	HR/Sp1cs
04RqC	Num.3.13	כָל	3605	HNcmsc
04ESM	Num.3.13	בְּכוֹר֙	1060	HNcmsa
04mCp	Num.3.13	בְּ/יִשְׂרָאֵ֔ל	b/3478	HR/Np
04DCR	Num.3.13	מֵ/אָדָ֖ם	m/120	HR/Ncmsa
049jq	Num.3.13	עַד	5704	HR
04uFy	Num.3.13	בְּהֵמָ֑ה	929	HNcfsa
04rnW	Num.3.13	לִ֥/י	l	HR/Sp1cs
04to2	Num.3.13	יִהְי֖וּ	1961	HVqi3mp
04XrY	Num.3.13	אֲנִ֥י	589	HPp1cs
044De	Num.3.13	יְהוָֽה	3068	HNp
04dPn	Num.3.14	וַ/יְדַבֵּ֤ר	c/1696	HC/Vpw3ms
04Qve	Num.3.14	יְהוָה֙	3068	HNp
043dz	Num.3.14	אֶל	413	HR
04vcq	Num.3.14	מֹשֶׁ֔ה	4872	HNp
044Ed	Num.3.14	בְּ/מִדְבַּ֥ר	b/4057 b	HR/Ncmsc
04kfR	Num.3.14	סִינַ֖י	5514	HNp
04FUa	Num.3.14	לֵ/אמֹֽר	l/559	HR/Vqc
04RZP	Num.3.15	פְּקֹד֙	6485 a	HVqv2ms
04qLo	Num.3.15	אֶת	853	HTo
04UwQ	Num.3.15	בְּנֵ֣י	1121 a	HNcmpc
04EG9	Num.3.15	לֵוִ֔י	3878	HNp
04fSj	Num.3.15	לְ/בֵ֥ית	l/1004 b	HR/Ncmsc
04LGP	Num.3.15	אֲבֹתָ֖/ם	1	HNcmpc/Sp3mp
04oYa	Num.3.15	לְ/מִשְׁפְּחֹתָ֑/ם	l/4940	HR/Ncfpc/Sp3mp
04L3V	Num.3.15	כָּל	3605	HNcmsc
04Nkc	Num.3.15	זָכָ֛ר	2145	HAamsa
048qm	Num.3.15	מִ/בֶּן	m/1121 a	HR/Ncmsc
04XRb	Num.3.15	חֹ֥דֶשׁ	2320	HNcmsa
04AkY	Num.3.15	וָ/מַ֖עְלָ/ה	c/4605	HC/D/Sd
04e5T	Num.3.15	תִּפְקְדֵֽ/ם	6485 a	HVqi2ms/Sp3mp
04MGG	Num.3.16	וַ/יִּפְקֹ֥ד	c/6485 a	HC/Vqw3ms
046q3	Num.3.16	אֹתָ֛/ם	853	HTo/Sp3mp
04MDa	Num.3.16	מֹשֶׁ֖ה	4872	HNp
04WBd	Num.3.16	עַל	5921 a	HR
04jGt	Num.3.16	פִּ֣י	6310	HNcmsc
04tyS	Num.3.16	יְהוָ֑ה	3068	HNp
04k6N	Num.3.16	כַּ/אֲשֶׁ֖ר	k/834 d	HR/Tr
04mY8	Num.3.16	צֻוָּֽה	6680	HVPp3ms
04Hod	Num.3.17	וַ/יִּֽהְיוּ	c/1961	HC/Vqw3mp
04LbG	Num.3.17	אֵ֥לֶּה	428	HPdxcp
04jJf	Num.3.17	בְנֵֽי	1121 a	HNcmpc
04zJw	Num.3.17	לֵוִ֖י	3878	HNp
04Sho	Num.3.17	בִּ/שְׁמֹתָ֑/ם	b/8034	HR/Ncmpc/Sp3mp
048zu	Num.3.17	גֵּרְשׁ֕וֹן	1648	HNp
046TZ	Num.3.17	וּ/קְהָ֖ת	c/6955	HC/Np
04mQU	Num.3.17	וּ/מְרָרִֽי	c/4847	HC/Np
045oN	Num.3.18	וְ/אֵ֛לֶּה	c/428	HC/Pdxcp
04HQC	Num.3.18	שְׁמ֥וֹת	8034	HNcmpc
04tFU	Num.3.18	בְּֽנֵי	1121 a	HNcmpc
04QHV	Num.3.18	גֵרְשׁ֖וֹן	1648	HNp
04ot3	Num.3.18	לְ/מִשְׁפְּחֹתָ֑/ם	l/4940	HR/Ncfpc/Sp3mp
04HBY	Num.3.18	לִבְנִ֖י	3845	HNp
045H9	Num.3.18	וְ/שִׁמְעִֽי	c/8096	HC/Np
04eWk	Num.3.19	וּ/בְנֵ֥י	c/1121 a	HC/Ncmpc
04UNQ	Num.3.19	קְהָ֖ת	6955	HNp
04GX8	Num.3.19	לְ/מִשְׁפְּחֹתָ֑/ם	l/4940	HR/Ncfpc/Sp3mp
04pky	Num.3.19	עַמְרָ֣ם	6019	HNp
043N5	Num.3.19	וְ/יִצְהָ֔ר	c/3324	HC/Np
04gv9	Num.3.19	חֶבְר֖וֹן	2275 b	HNp
0428H	Num.3.19	וְ/עֻזִּיאֵֽל	c/5816	HC/Np
04cog	Num.3.20	וּ/בְנֵ֧י	c/1121 a	HC/Ncmpc
04dVq	Num.3.20	מְרָרִ֛י	4847	HNp
04SmU	Num.3.20	לְ/מִשְׁפְּחֹתָ֖/ם	l/4940	HR/Ncfpc/Sp3mp
04xRR	Num.3.20	מַחְלִ֣י	4249	HNp
04NYp	Num.3.20	וּ/מוּשִׁ֑י	c/4187	HC/Np
04Gjw	Num.3.20	אֵ֥לֶּה	428	HPdxcp
049Na	Num.3.20	הֵ֛ם	1992	HPp3mp
04xjb	Num.3.20	מִשְׁפְּחֹ֥ת	4940	HNcfpc
0478y	Num.3.20	הַ/לֵּוִ֖י	d/3881	HTd/Ngmsa
04Vgg	Num.3.20	לְ/בֵ֥ית	l/1004 b	HR/Ncmsc
04F1H	Num.3.20	אֲבֹתָֽ/ם	1	HNcmpc/Sp3mp
04j2J	Num.3.21	לְ/גֵ֣רְשׁ֔וֹן	l/1648	HR/Np
04ch4	Num.3.21	מִשְׁפַּ֨חַת֙	4940	HNcfsc
04etU	Num.3.21	הַ/לִּבְנִ֔י	d/3846	HTd/Ngmsa
04ean	Num.3.21	וּ/מִשְׁפַּ֖חַת	c/4940	HC/Ncfsc
04aJG	Num.3.21	הַ/שִּׁמְעִ֑י	d/8097	HTd/Ngmsa
04nF8	Num.3.21	אֵ֣לֶּה	428	HPdxcp
04wEW	Num.3.21	הֵ֔ם	1992	HPp3mp
04fJd	Num.3.21	מִשְׁפְּחֹ֖ת	4940	HNcfpc
04eEh	Num.3.21	הַ/גֵּרְשֻׁנִּֽי	d/1649	HTd/Ngmsa
04K1s	Num.3.22	פְּקֻדֵי/הֶם֙	6485 a	HVqsmpc/Sp3mp
0476o	Num.3.22	בְּ/מִסְפַּ֣ר	b/4557	HR/Ncmsc
04omx	Num.3.22	כָּל	3605	HNcmsc
04XBe	Num.3.22	זָכָ֔ר	2145	HAamsa
048A2	Num.3.22	מִ/בֶּן	m/1121 a	HR/Ncmsc
043Qm	Num.3.22	חֹ֖דֶשׁ	2320	HNcmsa
04yeG	Num.3.22	וָ/מָ֑עְלָ/ה	c/4605	HC/D/Sd
041NW	Num.3.22	פְּקֻ֣דֵי/הֶ֔ם	6485 a	HVqsmpc/Sp3mp
04f13	Num.3.22	שִׁבְעַ֥ת	7651	HAcmsc
045on	Num.3.22	אֲלָפִ֖ים	505	HAcbpa
04b2J	Num.3.22	וַ/חֲמֵ֥שׁ	c/2568	HC/Acfsa
04MnD	Num.3.22	מֵאֽוֹת	3967	HAcbpa
042B3	Num.3.23	מִשְׁפְּחֹ֖ת	4940	HNcfpc
04eAA	Num.3.23	הַ/גֵּרְשֻׁנִּ֑י	d/1649	HTd/Ngmsa
04usA	Num.3.23	אַחֲרֵ֧י	310 a	HR
04bmL	Num.3.23	הַ/מִּשְׁכָּ֛ן	d/4908	HTd/Ncmsa
04DK9	Num.3.23	יַחֲנ֖וּ	2583	HVqi3mp
047vQ	Num.3.23	יָֽמָּ/ה	3220	HNcmsa/Sd
04JoL	Num.3.24	וּ/נְשִׂ֥יא	c/5387 a	HC/Ncmsc
04Zzg	Num.3.24	בֵֽית	1004 b	HNcmsc
04k3m	Num.3.24	אָ֖ב	1	HNcmsa
04Q2N	Num.3.24	לַ/גֵּרְשֻׁנִּ֑י	l/1649	HRd/Ngmsa
04Ggr	Num.3.24	אֶלְיָסָ֖ף	460	HNp
04hnA	Num.3.24	בֶּן	1121 a	HNcmsc
047tY	Num.3.24	לָאֵֽל	3815	HNp
042Dp	Num.3.25	וּ/מִשְׁמֶ֤רֶת	c/4931	HC/Ncfsc
04BQa	Num.3.25	בְּנֵֽי	1121 a	HNcmpc
04qNm	Num.3.25	גֵרְשׁוֹן֙	1648	HNp
044xx	Num.3.25	בְּ/אֹ֣הֶל	b/168	HR/Ncmsc
04E57	Num.3.25	מוֹעֵ֔ד	4150	HNcmsa
04zfG	Num.3.25	הַ/מִּשְׁכָּ֖ן	d/4908	HTd/Ncmsa
04y3Z	Num.3.25	וְ/הָ/אֹ֑הֶל	c/d/168	HC/Td/Ncmsa
04vtM	Num.3.25	מִכְסֵ֕/הוּ	4372	HNcmsc/Sp3ms
04BNu	Num.3.25	וּ/מָסַ֕ךְ	c/4539	HC/Ncmsc
04QTj	Num.3.25	פֶּ֖תַח	6607	HNcmsc
04Tgd	Num.3.25	אֹ֥הֶל	168	HNcmsc
04hAp	Num.3.25	מוֹעֵֽד	4150	HNcmsa
04KNK	Num.3.26	וְ/קַלְעֵ֣י	c/7050 b	HC/Ncmpc
04nk3	Num.3.26	הֶֽ/חָצֵ֗ר	d/2691 a	HTd/Ncbsa
04wj3	Num.3.26	וְ/אֶת	c/853	HC/To
04vFK	Num.3.26	מָסַךְ֙	4539	HNcmsc
04QNk	Num.3.26	פֶּ֣תַח	6607	HNcmsc
04h1i	Num.3.26	הֶֽ/חָצֵ֔ר	d/2691 a	HTd/Ncbsa
04c5a	Num.3.26	אֲשֶׁ֧ר	834 a	HTr
04MZK	Num.3.26	עַל	5921 a	HR
04Hx4	Num.3.26	הַ/מִּשְׁכָּ֛ן	d/4908	HTd/Ncmsa
04f6t	Num.3.26	וְ/עַל	c/5921 a	HC/R
04BzF	Num.3.26	הַ/מִּזְבֵּ֖חַ	d/4196	HTd/Ncmsa
04mrv	Num.3.26	סָבִ֑יב	5439	HNcbsa
04TVv	Num.3.26	וְ/אֵת֙	c/853	HC/To
04ZUH	Num.3.26	מֵֽיתָרָ֔י/ו	4340	HNcmpc/Sp3ms
04HWF	Num.3.26	לְ/כֹ֖ל	l/3605	HR/Ncmsc
04rhu	Num.3.26	עֲבֹדָתֽ/וֹ	5656	HNcfsc/Sp3ms
047YX	Num.3.27	וְ/לִ/קְהָ֗ת	c/l/6955	HC/R/Np
04caE	Num.3.27	מִשְׁפַּ֤חַת	4940	HNcfsc
04w2r	Num.3.27	הַֽ/עַמְרָמִי֙	d/6020	HTd/Ngmsa
04j2a	Num.3.27	וּ/מִשְׁפַּ֣חַת	c/4940	HC/Ncfsc
044ei	Num.3.27	הַ/יִּצְהָרִ֔י	d/3325	HTd/Ngmsa
04iQS	Num.3.27	וּ/מִשְׁפַּ֨חַת֙	c/4940	HC/Ncfsc
04pu1	Num.3.27	הַֽ/חֶבְרֹנִ֔י	d/2276	HTd/Ngmsa
049Gr	Num.3.27	וּ/מִשְׁפַּ֖חַת	c/4940	HC/Ncfsc
04jGA	Num.3.27	הָֽ/עָזִּיאֵלִ֑י	d/5817	HTd/Ngmsa
04Q9B	Num.3.27	אֵ֥לֶּה	428	HPdxcp
048LK	Num.3.27	הֵ֖ם	1992	HPp3mp
04aWe	Num.3.27	מִשְׁפְּחֹ֥ת	4940	HNcfpc
04JRh	Num.3.27	הַ/קְּהָתִֽי	d/6956	HTd/Ngmsa
04iqH	Num.3.28	בְּ/מִסְפַּר֙	b/4557	HR/Ncmsc
044ze	Num.3.28	כָּל	3605	HNcmsc
04Eur	Num.3.28	זָכָ֔ר	2145	HAamsa
04e9g	Num.3.28	מִ/בֶּן	m/1121 a	HR/Ncmsc
04hHu	Num.3.28	חֹ֖דֶשׁ	2320	HNcmsa
04C47	Num.3.28	וָ/מָ֑עְלָ/ה	c/4605	HC/D/Sd
04TWu	Num.3.28	שְׁמֹנַ֤ת	8083	HAcmsc
04EWV	Num.3.28	אֲלָפִים֙	505	HAcbpa
04nDr	Num.3.28	וְ/שֵׁ֣שׁ	c/8337	HC/Acfsa
04NH6	Num.3.28	מֵא֔וֹת	3967	HAcbpa
04PP2	Num.3.28	שֹׁמְרֵ֖י	8104	HVqrmpc
04sgH	Num.3.28	מִשְׁמֶ֥רֶת	4931	HNcfsc
047YZ	Num.3.28	הַ/קֹּֽדֶשׁ	d/6944	HTd/Ncmsa
04DLP	Num.3.29	מִשְׁפְּחֹ֥ת	4940	HNcfpc
04Wgd	Num.3.29	בְּנֵי	1121 a	HNcmpc
04tA5	Num.3.29	קְהָ֖ת	6955	HNp
04FQu	Num.3.29	יַחֲנ֑וּ	2583	HVqi3mp
04rxc	Num.3.29	עַ֛ל	5921 a	HR
04185	Num.3.29	יֶ֥רֶךְ	3409	HNcfsc
04ssA	Num.3.29	הַ/מִּשְׁכָּ֖ן	d/4908	HTd/Ncmsa
04un2	Num.3.29	תֵּימָֽנָ/ה	8486	HNcfsa/Sd
044Ei	Num.3.30	וּ/נְשִׂ֥יא	c/5387 a	HC/Ncmsc
04wp8	Num.3.30	בֵֽית	1004 b	HNcmsc
04fZr	Num.3.30	אָ֖ב	1	HNcmsa
04qsm	Num.3.30	לְ/מִשְׁפְּחֹ֣ת	l/4940	HR/Ncfpc
04Yvd	Num.3.30	הַ/קְּהָתִ֑י	d/6956	HTd/Ngmsa
04qo8	Num.3.30	אֶלִיצָפָ֖ן	469	HNp
04Rvz	Num.3.30	בֶּן	1121 a	HNcmsc
04UiP	Num.3.30	עֻזִּיאֵֽל	5816	HNp
04zc2	Num.3.31	וּ/מִשְׁמַרְתָּ֗/ם	c/4931	HC/Ncfsc/Sp3mp
04jWU	Num.3.31	הָ/אָרֹ֤ן	d/727	HTd/Ncbsa
04WRL	Num.3.31	וְ/הַ/שֻּׁלְחָן֙	c/d/7979	HC/Td/Ncmsa
04MEe	Num.3.31	וְ/הַ/מְּנֹרָ֣ה	c/d/4501	HC/Td/Ncfsa
04Lz7	Num.3.31	וְ/הַֽ/מִּזְבְּחֹ֔ת	c/d/4196	HC/Td/Ncmpa
04C5b	Num.3.31	וּ/כְלֵ֣י	c/3627	HC/Ncmpc
04KGK	Num.3.31	הַ/קֹּ֔דֶשׁ	d/6944	HTd/Ncmsa
04V8j	Num.3.31	אֲשֶׁ֥ר	834 a	HTr
04PaR	Num.3.31	יְשָׁרְת֖וּ	8334	HVpi3mp
04Env	Num.3.31	בָּ/הֶ֑ם	b	HR/Sp3mp
048Dt	Num.3.31	וְ/הַ֨/מָּסָ֔ךְ	c/d/4539	HC/Td/Ncmsa
04iSw	Num.3.31	וְ/כֹ֖ל	c/3605	HC/Ncmsc
04cX6	Num.3.31	עֲבֹדָתֽ/וֹ	5656	HNcfsc/Sp3ms
04nM3	Num.3.32	וּ/נְשִׂיא֙	c/5387 a	HC/Ncmsc
047Xe	Num.3.32	נְשִׂיאֵ֣י	5387 a	HNcmpc
04noN	Num.3.32	הַ/לֵּוִ֔י	d/3881	HTd/Ngmsa
04hHR	Num.3.32	אֶלְעָזָ֖ר	499	HNp
04CoS	Num.3.32	בֶּן	1121 a	HNcmsc
04KXg	Num.3.32	אַהֲרֹ֣ן	175	HNp
04Gq2	Num.3.32	הַ/כֹּהֵ֑ן	d/3548	HTd/Ncmsa
04sk8	Num.3.32	פְּקֻדַּ֕ת	6486	HNcfsc
04Vfr	Num.3.32	שֹׁמְרֵ֖י	8104	HVqrmpc
04tkY	Num.3.32	מִשְׁמֶ֥רֶת	4931	HNcfsc
04r5i	Num.3.32	הַ/קֹּֽדֶשׁ	d/6944	HTd/Ncmsa
042bH	Num.3.33	לִ/מְרָרִ֕י	l/4847	HR/Np
04wCy	Num.3.33	מִשְׁפַּ֨חַת֙	4940	HNcfsc
042ee	Num.3.33	הַ/מַּחְלִ֔י	d/4250	HTd/Ngmsa
04b7E	Num.3.33	וּ/מִשְׁפַּ֖חַת	c/4940	HC/Ncfsc
0445a	Num.3.33	הַ/מּוּשִׁ֑י	d/4188	HTd/Ngmsa
04Gby	Num.3.33	אֵ֥לֶּה	428	HPdxcp
04t6e	Num.3.33	הֵ֖ם	1992	HPp3mp
044wi	Num.3.33	מִשְׁפְּחֹ֥ת	4940	HNcfpc
04LNA	Num.3.33	מְרָרִֽי	4847	HNp
04bU4	Num.3.34	וּ/פְקֻדֵי/הֶם֙	c/6485 a	HC/Vqsmpc/Sp3mp
04R6Q	Num.3.34	בְּ/מִסְפַּ֣ר	b/4557	HR/Ncmsc
04LiE	Num.3.34	כָּל	3605	HNcmsc
04uCS	Num.3.34	זָכָ֔ר	2145	HAamsa
04taS	Num.3.34	מִ/בֶּן	m/1121 a	HR/Ncmsc
04Erp	Num.3.34	חֹ֖דֶשׁ	2320	HNcmsa
04azc	Num.3.34	וָ/מָ֑עְלָ/ה	c/4605	HC/D/Sd
04HpH	Num.3.34	שֵׁ֥שֶׁת	8337	HAcmsc
04wcd	Num.3.34	אֲלָפִ֖ים	505	HAcbpa
04DR2	Num.3.34	וּ/מָאתָֽיִם	c/3967	HC/Acbda
048MF	Num.3.35	וּ/נְשִׂ֤יא	c/5387 a	HC/Ncmsc
045wJ	Num.3.35	בֵֽית	1004 b	HNcmsc
04AuA	Num.3.35	אָב֙	1	HNcmsa
04pa7	Num.3.35	לְ/מִשְׁפְּחֹ֣ת	l/4940	HR/Ncfpc
041Q7	Num.3.35	מְרָרִ֔י	4847	HNp
04147	Num.3.35	צוּרִיאֵ֖ל	6700	HNp
04qpX	Num.3.35	בֶּן	1121 a	HNcmsc
04eEg	Num.3.35	אֲבִיחָ֑יִל	32	HNp
04FHa	Num.3.35	עַ֣ל	5921 a	HR
04ExS	Num.3.35	יֶ֧רֶךְ	3409	HNcfsc
0416M	Num.3.35	הַ/מִּשְׁכָּ֛ן	d/4908	HTd/Ncmsa
04nj6	Num.3.35	יַחֲנ֖וּ	2583	HVqi3mp
047hm	Num.3.35	צָפֹֽנָ/ה	6828	HNcfsa/Sd
04yrZ	Num.3.36	וּ/פְקֻדַּ֣ת	c/6486	HC/Ncfsc
04cpd	Num.3.36	מִשְׁמֶרֶת֮	4931	HNcfsc
04QR7	Num.3.36	בְּנֵ֣י	1121 a	HNcmpc
04388	Num.3.36	מְרָרִי֒	4847	HNp
04D9B	Num.3.36	קַרְשֵׁי֙	7175	HNcmpc
04KQr	Num.3.36	הַ/מִּשְׁכָּ֔ן	d/4908	HTd/Ncmsa
04bRM	Num.3.36	וּ/בְרִיחָ֖י/ו	c/1280	HC/Ncmpc/Sp3ms
04TPs	Num.3.36	וְ/עַמֻּדָ֣י/ו	c/5982	HC/Ncmpc/Sp3ms
04Mef	Num.3.36	וַ/אֲדָנָ֑י/ו	c/134	HC/Ncmpc/Sp3ms
04UeD	Num.3.36	וְ/כָל	c/3605	HC/Ncmsc
04Ddz	Num.3.36	כֵּלָ֔י/ו	3627	HNcmpc/Sp3ms
04VYG	Num.3.36	וְ/כֹ֖ל	c/3605	HC/Ncmsc
04zd1	Num.3.36	עֲבֹדָתֽ/וֹ	5656	HNcfsc/Sp3ms
04mw6	Num.3.37	וְ/עַמֻּדֵ֧י	c/5982	HC/Ncmpc
044AV	Num.3.37	הֶ/חָצֵ֛ר	d/2691 a	HTd/Ncbsa
04RJM	Num.3.37	סָבִ֖יב	5439	HNcbsa
04ZPm	Num.3.37	וְ/אַדְנֵי/הֶ֑ם	c/134	HC/Ncmpc/Sp3mp
04aZX	Num.3.37	וִ/יתֵדֹתָ֖/ם	c/3489	HC/Ncfpc/Sp3mp
04QJg	Num.3.37	וּ/מֵֽיתְרֵי/הֶֽם	c/4340	HC/Ncmpc/Sp3mp
04P5E	Num.3.38	וְ/הַ/חֹנִ֣ים	c/d/2583	HC/Td/Vqrmpa
04yrH	Num.3.38	לִ/פְנֵ֣י	l/6440	HR/Ncbpc
04sud	Num.3.38	הַ/מִּשְׁכָּ֡ן	d/4908	HTd/Ncmsa
04id4	Num.3.38	קֵ֣דְמָ/ה	6924 b	HNcmsa/Sd
04rbK	Num.3.38	לִ/פְנֵי֩	l/6440	HR/Ncbpc
04fQG	Num.3.38	אֹֽהֶל	168	HNcmsc
04HAz	Num.3.38	מוֹעֵ֨ד	4150	HNcmsa
04J4B	Num.3.38	מִזְרָ֜חָ/ה	4217	HNcmsa/Sd
04cc4	Num.3.38	מֹשֶׁ֣ה	4872	HNp
04oRq	Num.3.38	וְ/אַהֲרֹ֣ן	c/175	HC/Np
04cUw	Num.3.38	וּ/בָנָ֗י/ו	c/1121 a	HC/Ncmpc/Sp3ms
04MVU	Num.3.38	שֹֽׁמְרִים֙	8104	HVqrmpa
04CE4	Num.3.38	מִשְׁמֶ֣רֶת	4931	HNcfsc
04Li4	Num.3.38	הַ/מִּקְדָּ֔שׁ	d/4720	HTd/Ncmsa
04L6s	Num.3.38	לְ/מִשְׁמֶ֖רֶת	l/4931	HR/Ncfsc
04g5n	Num.3.38	בְּנֵ֣י	1121 a	HNcmpc
04jmB	Num.3.38	יִשְׂרָאֵ֑ל	3478	HNp
04kmE	Num.3.38	וְ/הַ/זָּ֥ר	c/d/2114 a	HC/Td/Aamsa
04hyH	Num.3.38	הַ/קָּרֵ֖ב	d/7126	HTd/Aamsa
04DMx	Num.3.38	יוּמָֽת	4191	HVHi3ms
04D1c	Num.3.39	כָּל	3605	HNcmsc
04sgn	Num.3.39	פְּקוּדֵ֨י	6485 a	HVqsmpc
04cLA	Num.3.39	הַ/לְוִיִּ֜ם	d/3881	HTd/Ngmpa
04Jrt	Num.3.39	אֲשֶׁר֩	834 a	HTr
04jwP	Num.3.39	פָּקַ֨ד	6485 a	HVqp3ms
04XZe	Num.3.39	מֹשֶׁ֧ה	4872	HNp
04dip	Num.3.39	וְׄ/אַׄהֲׄרֹ֛ׄןׄ	c/175	HC/Np
04f7v	Num.3.39	עַל	5921 a	HR
045hr	Num.3.39	פִּ֥י	6310	HNcmsc
04RDs	Num.3.39	יְהוָ֖ה	3068	HNp
04Tvm	Num.3.39	לְ/מִשְׁפְּחֹתָ֑/ם	l/4940	HR/Ncfpc/Sp3mp
041vy	Num.3.39	כָּל	3605	HNcmsc
04JzC	Num.3.39	זָכָר֙	2145	HAamsa
04Pv9	Num.3.39	מִ/בֶּן	m/1121 a	HR/Ncmsc
04u6Y	Num.3.39	חֹ֣דֶשׁ	2320	HNcmsa
04iTM	Num.3.39	וָ/מַ֔עְלָ/ה	c/4605	HC/D/Sd
04jDe	Num.3.39	שְׁנַ֥יִם	8147	HAcmda
04uHz	Num.3.39	וְ/עֶשְׂרִ֖ים	c/6242	HC/Acbpa
042iJ	Num.3.39	אָֽלֶף	505	HAcbsa
04evD	Num.3.40	וַ/יֹּ֨אמֶר	c/559	HC/Vqw3ms
04vKo	Num.3.40	יְהוָ֜ה	3068	HNp
04mvJ	Num.3.40	אֶל	413	HR
04pDQ	Num.3.40	מֹשֶׁ֗ה	4872	HNp
04deG	Num.3.40	פְּקֹ֨ד	6485 a	HVqv2ms
04Nvj	Num.3.40	כָּל	3605	HNcmsc
04Gye	Num.3.40	בְּכֹ֤ר	1060	HNcmsa
04qCo	Num.3.40	זָכָר֙	2145	HAamsa
04h3K	Num.3.40	לִ/בְנֵ֣י	l/1121 a	HR/Ncmpc
04USJ	Num.3.40	יִשְׂרָאֵ֔ל	3478	HNp
04rMp	Num.3.40	מִ/בֶּן	m/1121 a	HR/Ncmsc
04sd2	Num.3.40	חֹ֖דֶשׁ	2320	HNcmsa
04Ssu	Num.3.40	וָ/מָ֑עְלָ/ה	c/4605	HC/D/Sd
04x1x	Num.3.40	וְ/שָׂ֕א	c/5375	HC/Vqv2ms
04w5T	Num.3.40	אֵ֖ת	853	HTo
04FrL	Num.3.40	מִסְפַּ֥ר	4557	HNcmsc
04q3X	Num.3.40	שְׁמֹתָֽ/ם	8034	HNcmpc/Sp3mp
04YjW	Num.3.41	וְ/לָקַחְתָּ֨	c/3947	HC/Vqq2ms
044i9	Num.3.41	אֶת	853	HTo
04Afw	Num.3.41	הַ/לְוִיִּ֥ם	d/3881	HTd/Ngmpa
04Vcq	Num.3.41	לִ/י֙	l	HR/Sp1cs
04eF7	Num.3.41	אֲנִ֣י	589	HPp1cs
04wPX	Num.3.41	יְהוָ֔ה	3068	HNp
04tUi	Num.3.41	תַּ֥חַת	8478	HR
04S6i	Num.3.41	כָּל	3605	HNcmsc
04KNH	Num.3.41	בְּכֹ֖ר	1060	HNcmsa
04XUc	Num.3.41	בִּ/בְנֵ֣י	b/1121 a	HR/Ncmpc
04KGa	Num.3.41	יִשְׂרָאֵ֑ל	3478	HNp
04jzU	Num.3.41	וְ/אֵת֙	c/853	HC/To
043ws	Num.3.41	בֶּהֱמַ֣ת	929	HNcfsc
04nkE	Num.3.41	הַ/לְוִיִּ֔ם	d/3881	HTd/Ngmpa
04UeK	Num.3.41	תַּ֣חַת	8478	HR
04CYD	Num.3.41	כָּל	3605	HNcmsc
049gs	Num.3.41	בְּכ֔וֹר	1060	HNcmsa
04GTQ	Num.3.41	בְּ/בֶהֱמַ֖ת	b/929	HR/Ncfsc
04gKo	Num.3.41	בְּנֵ֥י	1121 a	HNcmpc
04oZb	Num.3.41	יִשְׂרָאֵֽל	3478	HNp
04KCy	Num.3.42	וַ/יִּפְקֹ֣ד	c/6485 a	HC/Vqw3ms
04juz	Num.3.42	מֹשֶׁ֔ה	4872	HNp
04DH2	Num.3.42	כַּ/אֲשֶׁ֛ר	k/834 d	HR/Tr
044VF	Num.3.42	צִוָּ֥ה	6680	HVpp3ms
0472H	Num.3.42	יְהוָ֖ה	3068	HNp
0425j	Num.3.42	אֹת֑/וֹ	853	HTo/Sp3ms
04Vo3	Num.3.42	אֶֽת	853	HTo
04dhD	Num.3.42	כָּל	3605	HNcmsc
046uw	Num.3.42	בְּכֹ֖ר	1060	HNcmsa
04zjv	Num.3.42	בִּ/בְנֵ֥י	b/1121 a	HR/Ncmpc
041Mn	Num.3.42	יִשְׂרָאֵֽל	3478	HNp
046qW	Num.3.43	וַ/יְהִי֩	c/1961	HC/Vqw3ms
04Zjx	Num.3.43	כָל	3605	HNcmsc
04aoZ	Num.3.43	בְּכ֨וֹר	1060	HNcmsa
04EJP	Num.3.43	זָכָ֜ר	2145	HAamsa
044HM	Num.3.43	בְּ/מִסְפַּ֥ר	b/4557	HR/Ncmsc
04EjA	Num.3.43	שֵׁמ֛וֹת	8034	HNcmpa
04E1f	Num.3.43	מִ/בֶּן	m/1121 a	HR/Ncmsc
04Hwq	Num.3.43	חֹ֥דֶשׁ	2320	HNcmsa
04MWU	Num.3.43	וָ/מַ֖עְלָ/ה	c/4605	HC/D/Sd
04vD2	Num.3.43	לִ/פְקֻדֵי/הֶ֑ם	l/6485 a	HR/Vqsmpc/Sp3mp
04ygZ	Num.3.43	שְׁנַ֤יִם	8147	HAcmda
046YP	Num.3.43	וְ/עֶשְׂרִים֙	c/6242	HC/Acbpa
04UhH	Num.3.43	אֶ֔לֶף	505	HAcbsa
04MSM	Num.3.43	שְׁלֹשָׁ֥ה	7969	HAcmsa
04TYN	Num.3.43	וְ/שִׁבְעִ֖ים	c/7657	HC/Acbpa
04cMr	Num.3.43	וּ/מָאתָֽיִם	c/3967	HC/Acbda
044Up	Num.3.44	וַ/יְדַבֵּ֥ר	c/1696	HC/Vpw3ms
04pa1	Num.3.44	יְהוָ֖ה	3068	HNp
04GDg	Num.3.44	אֶל	413	HR
04ZxK	Num.3.44	מֹשֶׁ֥ה	4872	HNp
04KpZ	Num.3.44	לֵּ/אמֹֽר	l/559	HR/Vqc
04nwq	Num.3.45	קַ֣ח	3947	HVqv2ms
04Lgy	Num.3.45	אֶת	853	HTo
045AY	Num.3.45	הַ/לְוִיִּ֗ם	d/3881	HTd/Ngmpa
04HUX	Num.3.45	תַּ֤חַת	8478	HR
04RYU	Num.3.45	כָּל	3605	HNcmsc
043Q1	Num.3.45	בְּכוֹר֙	1060	HNcmsa
04ikx	Num.3.45	בִּ/בְנֵ֣י	b/1121 a	HR/Ncmpc
045Xt	Num.3.45	יִשְׂרָאֵ֔ל	3478	HNp
048jj	Num.3.45	וְ/אֶת	c/853	HC/To
043v4	Num.3.45	בֶּהֱמַ֥ת	929	HNcfsc
04hFh	Num.3.45	הַ/לְוִיִּ֖ם	d/3881	HTd/Ngmpa
043it	Num.3.45	תַּ֣חַת	8478	HR
04pf7	Num.3.45	בְּהֶמְתָּ֑/ם	929	HNcfsc/Sp3mp
04Dne	Num.3.45	וְ/הָיוּ	c/1961	HC/Vqq3cp
04fqZ	Num.3.45	לִ֥/י	l	HR/Sp1cs
047ev	Num.3.45	הַ/לְוִיִּ֖ם	d/3881	HTd/Ngmpa
04eWV	Num.3.45	אֲנִ֥י	589	HPp1cs
04DUZ	Num.3.45	יְהוָֽה	3068	HNp
04abv	Num.3.46	וְ/אֵת֙	c/853	HC/To
049XH	Num.3.46	פְּדוּיֵ֣י	6302	HNcmpc
04tui	Num.3.46	הַ/שְּׁלֹשָׁ֔ה	d/7969	HTd/Acmsa
045mW	Num.3.46	וְ/הַ/שִּׁבְעִ֖ים	c/d/7657	HC/Td/Acbpa
049p4	Num.3.46	וְ/הַ/מָּאתָ֑יִם	c/d/3967	HC/Td/Acbda
041AP	Num.3.46	הָ/עֹֽדְפִים֙	d/5736	HTd/Vqrmpa
04Dh6	Num.3.46	עַל	5921 a	HR
04q22	Num.3.46	הַ/לְוִיִּ֔ם	d/3881	HTd/Ngmpa
04Z1p	Num.3.46	מִ/בְּכ֖וֹר	m/1060	HR/Ncmsc
044mF	Num.3.46	בְּנֵ֥י	1121 a	HNcmpc
04PJU	Num.3.46	יִשְׂרָאֵֽל	3478	HNp
04eKG	Num.3.47	וְ/לָקַחְתָּ֗	c/3947	HC/Vqq2ms
04Anx	Num.3.47	חֲמֵ֧שֶׁת	2568	HAcmsc
04kWB	Num.3.47	חֲמֵ֛שֶׁת	2568	HAcmsc
0426j	Num.3.47	שְׁקָלִ֖ים	8255	HNcmpa
04ZiN	Num.3.47	לַ/גֻּלְגֹּ֑לֶת	l/1538	HRd/Ncfsa
04NAb	Num.3.47	בְּ/שֶׁ֤קֶל	b/8255	HR/Ncmsc
04NJS	Num.3.47	הַ/קֹּ֨דֶשׁ֙	d/6944	HTd/Ncmsa
04S4e	Num.3.47	תִּקָּ֔ח	3947	HVqi2ms
04cZG	Num.3.47	עֶשְׂרִ֥ים	6242	HAcbpa
04Nqf	Num.3.47	גֵּרָ֖ה	1626	HNcfsa
04tKV	Num.3.47	הַ/שָּֽׁקֶל	d/8255	HTd/Ncmsa
04hpd	Num.3.48	וְ/נָתַתָּ֣ה	c/5414	HC/Vqp2ms
04CAC	Num.3.48	הַ/כֶּ֔סֶף	d/3701	HTd/Ncmsa
04MBs	Num.3.48	לְ/אַהֲרֹ֖ן	l/175	HR/Np
04uCk	Num.3.48	וּ/לְ/בָנָ֑י/ו	c/l/1121 a	HC/R/Ncmpc/Sp3ms
04KHf	Num.3.48	פְּדוּיֵ֕י	6302	HNcmpc
04bcM	Num.3.48	הָ/עֹדְפִ֖ים	d/5736	HTd/Vqrmpa
04mry	Num.3.48	בָּ/הֶֽם	b	HR/Sp3mp
04e4r	Num.3.49	וַ/יִּקַּ֣ח	c/3947	HC/Vqw3ms
04rFe	Num.3.49	מֹשֶׁ֔ה	4872	HNp
04bu5	Num.3.49	אֵ֖ת	853	HTo
04nfi	Num.3.49	כֶּ֣סֶף	3701	HNcmsc
04kkD	Num.3.49	הַ/פִּדְי֑וֹם	d/6306 a	HTd/Ncmsa
04EPr	Num.3.49	מֵ/אֵת֙	m/854	HR/R
04KoZ	Num.3.49	הָ/עֹ֣דְפִ֔ים	d/5736	HTd/Vqrmpa
04A4n	Num.3.49	עַ֖ל	5921 a	HR
04Eq3	Num.3.49	פְּדוּיֵ֥י	6302	HNcmpc
044c8	Num.3.49	הַ/לְוִיִּֽם	d/3881	HTd/Ngmpa
04Npb	Num.3.50	מֵ/אֵ֗ת	m/854	HR/R
04ETF	Num.3.50	בְּכ֛וֹר	1060	HNcmsc
04TmV	Num.3.50	בְּנֵ֥י	1121 a	HNcmpc
04tBT	Num.3.50	יִשְׂרָאֵ֖ל	3478	HNp
04BBm	Num.3.50	לָקַ֣ח	3947	HVqp3ms
04qKL	Num.3.50	אֶת	853	HTo
04qip	Num.3.50	הַ/כָּ֑סֶף	d/3701	HTd/Ncmsa
04p4D	Num.3.50	חֲמִשָּׁ֨ה	2568	HAcmsa
04G5R	Num.3.50	וְ/שִׁשִּׁ֜ים	c/8346	HC/Acbpa
04GXr	Num.3.50	וּ/שְׁלֹ֥שׁ	c/7969	HC/Acfsa
04XSa	Num.3.50	מֵא֛וֹת	3967	HAcbpa
04bsA	Num.3.50	וָ/אֶ֖לֶף	c/505	HC/Acbsa
04nnJ	Num.3.50	בְּ/שֶׁ֥קֶל	b/8255	HR/Ncmsc
04b2r	Num.3.50	הַ/קֹּֽדֶשׁ	d/6944	HTd/Ncmsa
04Tzx	Num.3.51	וַ/יִּתֵּ֨ן	c/5414	HC/Vqw3ms
04fTQ	Num.3.51	מֹשֶׁ֜ה	4872	HNp
04nCu	Num.3.51	אֶת	853	HTo
04Gds	Num.3.51	כֶּ֧סֶף	3701	HNcmsc
049cC	Num.3.51	הַ/פְּדֻיִ֛ם	d/6302	HTd/Ncmpa
04Y4b	Num.3.51	לְ/אַהֲרֹ֥ן	l/175	HR/Np
04RWu	Num.3.51	וּ/לְ/בָנָ֖י/ו	c/l/1121 a	HC/R/Ncmpc/Sp3ms
04MLc	Num.3.51	עַל	5921 a	HR
04DKB	Num.3.51	פִּ֣י	6310	HNcmsc
04h2V	Num.3.51	יְהוָ֑ה	3068	HNp
04Z2k	Num.3.51	כַּ/אֲשֶׁ֛ר	k/834 d	HR/Tr
045VT	Num.3.51	צִוָּ֥ה	6680	HVpp3ms
048JC	Num.3.51	יְהוָ֖ה	3068	HNp
04Lqq	Num.3.51	אֶת	853	HTo
04qDM	Num.3.51	מֹשֶֽׁה	4872	HNp
04qqx	Num.4.1	וַ/יְדַבֵּ֣ר	c/1696	HC/Vpw3ms
04Q3F	Num.4.1	יְהוָ֔ה	3068	HNp
042Kw	Num.4.1	אֶל	413	HR
04jCk	Num.4.1	מֹשֶׁ֥ה	4872	HNp
04jJB	Num.4.1	וְ/אֶֽל	c/413	HC/R
042Ur	Num.4.1	אַהֲרֹ֖ן	175	HNp
04bTz	Num.4.1	לֵ/אמֹֽר	l/559	HR/Vqc
04CfS	Num.4.2	נָשֹׂ֗א	5375	HVqa
04RZe	Num.4.2	אֶת	853	HTo
04jDT	Num.4.2	רֹאשׁ֙	7218 a	HNcmsc
04euw	Num.4.2	בְּנֵ֣י	1121 a	HNcmpc
04WXb	Num.4.2	קְהָ֔ת	6955	HNp
04KPQ	Num.4.2	מִ/תּ֖וֹךְ	m/8432	HR/Ncmsc
04wNE	Num.4.2	בְּנֵ֣י	1121 a	HNcmpc
04rtc	Num.4.2	לֵוִ֑י	3878	HNp
04xpP	Num.4.2	לְ/מִשְׁפְּחֹתָ֖/ם	l/4940	HR/Ncfpc/Sp3mp
04yvH	Num.4.2	לְ/בֵ֥ית	l/1004 b	HR/Ncmsc
04456	Num.4.2	אֲבֹתָֽ/ם	1	HNcmpc/Sp3mp
04neV	Num.4.3	מִ/בֶּ֨ן	m/1121 a	HR/Ncmsc
04bEv	Num.4.3	שְׁלֹשִׁ֤ים	7970	HAcbpa
04yWa	Num.4.3	שָׁנָה֙	8141	HNcfsa
04PL3	Num.4.3	וָ/מַ֔עְלָ/ה	c/4605	HC/D/Sd
041SP	Num.4.3	וְ/עַ֖ד	c/5704	HC/R
04TZB	Num.4.3	בֶּן	1121 a	HNcmsc
04fd5	Num.4.3	חֲמִשִּׁ֣ים	2572	HAcbpa
04GYA	Num.4.3	שָׁנָ֑ה	8141	HNcfsa
04K5D	Num.4.3	כָּל	3605	HNcmsc
047rm	Num.4.3	בָּא֙	935	HVqrmsa
04aFY	Num.4.3	לַ/צָּבָ֔א	l/6635 a	HRd/Ncbsa
04F4N	Num.4.3	לַ/עֲשׂ֥וֹת	l/6213 a	HR/Vqc
04Q12	Num.4.3	מְלָאכָ֖ה	4399	HNcfsa
04EF4	Num.4.3	בְּ/אֹ֥הֶל	b/168	HR/Ncmsc
04pmF	Num.4.3	מוֹעֵֽד	4150	HNcmsa
04124	Num.4.4	זֹ֛את	2063	HPdxfs
04rtz	Num.4.4	עֲבֹדַ֥ת	5656	HNcfsc
04H8n	Num.4.4	בְּנֵי	1121 a	HNcmpc
04dV3	Num.4.4	קְהָ֖ת	6955	HNp
04QKM	Num.4.4	בְּ/אֹ֣הֶל	b/168	HR/Ncmsc
047pu	Num.4.4	מוֹעֵ֑ד	4150	HNcmsa
04dwS	Num.4.4	קֹ֖דֶשׁ	6944	HNcmsc
04A8T	Num.4.4	הַ/קֳּדָשִֽׁים	d/6944	HTd/Ncmpa
04eKy	Num.4.5	וּ/בָ֨א	c/935	HC/Vqq3ms
0499H	Num.4.5	אַהֲרֹ֤ן	175	HNp
04Eat	Num.4.5	וּ/בָנָי/ו֙	c/1121 a	HC/Ncmpc/Sp3ms
04GJt	Num.4.5	בִּ/נְסֹ֣עַ	b/5265	HR/Vqc
04aUT	Num.4.5	הַֽ/מַּחֲנֶ֔ה	d/4264	HTd/Ncbsa
04thm	Num.4.5	וְ/הוֹרִ֕דוּ	c/3381	HC/Vhq3cp
04o4f	Num.4.5	אֵ֖ת	853	HTo
04iaj	Num.4.5	פָּרֹ֣כֶת	6532	HNcfsc
04BKq	Num.4.5	הַ/מָּסָ֑ךְ	d/4539	HTd/Ncmsa
04zK3	Num.4.5	וְ/כִ֨סּוּ	c/3680	HC/Vpq3cp
04rJJ	Num.4.5	בָ֔/הּ	b	HR/Sp3fs
04uEK	Num.4.5	אֵ֖ת	853	HTo
0431Q	Num.4.5	אֲרֹ֥ן	727	HNcbsc
048XT	Num.4.5	הָ/עֵדֻֽת	d/5715	HTd/Ncfsa
04KRB	Num.4.6	וְ/נָתְנ֣וּ	c/5414	HC/Vqq3cp
04Vir	Num.4.6	עָלָ֗י/ו	5921 a	HR/Sp3ms
04Bi2	Num.4.6	כְּסוּי֙	3681	HNcmsc
04DdX	Num.4.6	ע֣וֹר	5785	HNcmsc
04FaQ	Num.4.6	תַּ֔חַשׁ	8476	HNcmsa
04MTx	Num.4.6	וּ/פָרְשׂ֧וּ	c/6566	HC/Vqq3cp
04eeu	Num.4.6	בֶֽגֶד	899 b	HNcmsc
04u2K	Num.4.6	כְּלִ֛יל	3632	HAamsc
04Ji5	Num.4.6	תְּכֵ֖לֶת	8504	HNcfsa
04sRx	Num.4.6	מִ/לְ/מָ֑עְלָ/ה	m/l/4605	HR/R/D/Sd
04oGS	Num.4.6	וְ/שָׂמ֖וּ	c/7760 a	HC/Vqq3cp
04ojQ	Num.4.6	בַּדָּֽי/ו	905	HNcmpc/Sp3ms
048eL	Num.4.7	וְ/עַ֣ל	c/5921 a	HC/R
04JUj	Num.4.7	שֻׁלְחַ֣ן	7979	HNcmsc
04Gmx	Num.4.7	הַ/פָּנִ֗ים	d/6440	HTd/Ncbpa
04zqp	Num.4.7	יִפְרְשׂוּ֮	6566	HVqi3mp
04Z4n	Num.4.7	בֶּ֣גֶד	899 b	HNcmsc
04EBC	Num.4.7	תְּכֵלֶת֒	8504	HNcfsa
04Qrj	Num.4.7	וְ/נָתְנ֣וּ	c/5414	HC/Vqq3cp
04zcn	Num.4.7	עָ֠לָי/ו	5921 a	HR/Sp3ms
04htk	Num.4.7	אֶת	853	HTo
04mPM	Num.4.7	הַ/קְּעָרֹ֤ת	d/7086	HTd/Ncfpa
04rNM	Num.4.7	וְ/אֶת	c/853	HC/To
04mxT	Num.4.7	הַ/כַּפֹּת֙	d/3709	HTd/Ncfpa
04JFY	Num.4.7	וְ/אֶת	c/853	HC/To
04tNW	Num.4.7	הַ/מְּנַקִּיֹּ֔ת	d/4518	HTd/Ncfpa
04vVg	Num.4.7	וְ/אֵ֖ת	c/853	HC/To
04GsN	Num.4.7	קְשׂ֣וֹת	7184	HNcfpc
04ESe	Num.4.7	הַ/נָּ֑סֶךְ	d/5262	HTd/Ncmsa
042xq	Num.4.7	וְ/לֶ֥חֶם	c/3899	HC/Ncbsc
04Gta	Num.4.7	הַ/תָּמִ֖יד	d/8548	HTd/Ncmsa
04NA7	Num.4.7	עָלָ֥י/ו	5921 a	HR/Sp3ms
049KR	Num.4.7	יִהְיֶֽה	1961	HVqi3ms
04R5N	Num.4.8	וּ/פָרְשׂ֣וּ	c/6566	HC/Vqq3cp
04Rom	Num.4.8	עֲלֵי/הֶ֗ם	5921 a	HR/Sp3mp
04L7X	Num.4.8	בֶּ֚גֶד	899 b	HNcmsc
04ZEr	Num.4.8	תּוֹלַ֣עַת	8438 b	HNcfsc
04G6B	Num.4.8	שָׁנִ֔י	8144	HNcmsa
04a5r	Num.4.8	וְ/כִסּ֣וּ	c/3680	HC/Vpq3cp
04CBu	Num.4.8	אֹת֔/וֹ	853	HTo/Sp3ms
04h7x	Num.4.8	בְּ/מִכְסֵ֖ה	b/4372	HR/Ncmsc
04vJb	Num.4.8	ע֣וֹר	5785	HNcmsc
04aNN	Num.4.8	תָּ֑חַשׁ	8476	HNcmsa
04kZd	Num.4.8	וְ/שָׂמ֖וּ	c/7760 a	HC/Vqq3cp
04p5b	Num.4.8	אֶת	853	HTo
04X2y	Num.4.8	בַּדָּֽי/ו	905	HNcmpc/Sp3ms
04PMj	Num.4.9	וְ/לָקְח֣וּ	c/3947	HC/Vqq3cp
04ZCR	Num.4.9	בֶּ֣גֶד	899 b	HNcmsc
04m4e	Num.4.9	תְּכֵ֗לֶת	8504	HNcfsa
04PRD	Num.4.9	וְ/כִסּ֞וּ	c/3680	HC/Vpq3cp
04kKo	Num.4.9	אֶת	853	HTo
042fb	Num.4.9	מְנֹרַ֤ת	4501	HNcfsc
04NeN	Num.4.9	הַ/מָּאוֹר֙	d/3974	HTd/Ncmsa
045Jm	Num.4.9	וְ/אֶת	c/853	HC/To
04GUj	Num.4.9	נֵ֣רֹתֶ֔י/הָ	5216 a	HNcmpc/Sp3fs
04aUh	Num.4.9	וְ/אֶת	c/853	HC/To
04ik6	Num.4.9	מַלְקָחֶ֖י/הָ	4457	HNcmdc/Sp3fs
04R15	Num.4.9	וְ/אֶת	c/853	HC/To
04fmL	Num.4.9	מַחְתֹּתֶ֑י/הָ	4289	HNcfpc/Sp3fs
04Vez	Num.4.9	וְ/אֵת֙	c/853	HC/To
045sh	Num.4.9	כָּל	3605	HNcmsc
04Dmo	Num.4.9	כְּלֵ֣י	3627	HNcmpc
04S76	Num.4.9	שַׁמְנָ֔/הּ	8081	HNcmsc/Sp3fs
043U9	Num.4.9	אֲשֶׁ֥ר	834 a	HTr
043iN	Num.4.9	יְשָׁרְתוּ	8334	HVpi3mp
045vj	Num.4.9	לָ֖/הּ	l	HR/Sp3fs
04iTL	Num.4.9	בָּ/הֶֽם	b	HR/Sp3mp
04Vwr	Num.4.10	וְ/נָתְנ֤וּ	c/5414	HC/Vqq3cp
04Qra	Num.4.10	אֹתָ/הּ֙	853	HTo/Sp3fs
04aLf	Num.4.10	וְ/אֶת	c/853	HC/To
04B4a	Num.4.10	כָּל	3605	HNcmsc
04KJD	Num.4.10	כֵּלֶ֔י/הָ	3627	HNcmpc/Sp3fs
04wfG	Num.4.10	אֶל	413	HR
04QVj	Num.4.10	מִכְסֵ֖ה	4372	HNcmsc
04tLr	Num.4.10	ע֣וֹר	5785	HNcmsc
04xhW	Num.4.10	תָּ֑חַשׁ	8476	HNcmsa
04UrB	Num.4.10	וְ/נָתְנ֖וּ	c/5414	HC/Vqq3cp
04NGV	Num.4.10	עַל	5921 a	HR
04GWv	Num.4.10	הַ/מּֽוֹט	d/4132	HTd/Ncmsa
04Eei	Num.4.11	וְ/עַ֣ל	c/5921 a	HC/R
04L97	Num.4.11	מִזְבַּ֣ח	4196	HNcmsc
04uSP	Num.4.11	הַ/זָּהָ֗ב	d/2091	HTd/Ncmsa
04vkL	Num.4.11	יִפְרְשׂוּ֙	6566	HVqi3mp
0464X	Num.4.11	בֶּ֣גֶד	899 b	HNcmsc
04UXX	Num.4.11	תְּכֵ֔לֶת	8504	HNcfsa
04mec	Num.4.11	וְ/כִסּ֣וּ	c/3680	HC/Vpq3cp
04oQV	Num.4.11	אֹת֔/וֹ	853	HTo/Sp3ms
04NrV	Num.4.11	בְּ/מִכְסֵ֖ה	b/4372	HR/Ncmsc
04am3	Num.4.11	ע֣וֹר	5785	HNcmsc
04pwA	Num.4.11	תָּ֑חַשׁ	8476	HNcmsa
04tJ1	Num.4.11	וְ/שָׂמ֖וּ	c/7760 a	HC/Vqq3cp
04wT4	Num.4.11	אֶת	853	HTo
044QP	Num.4.11	בַּדָּֽי/ו	905	HNcmpc/Sp3ms
04esN	Num.4.12	וְ/לָקְחוּ֩	c/3947	HC/Vqq3cp
04tos	Num.4.12	אֶת	853	HTo
04YNQ	Num.4.12	כָּל	3605	HNcmsc
04H41	Num.4.12	כְּלֵ֨י	3627	HNcmpc
04uyq	Num.4.12	הַ/שָּׁרֵ֜ת	d/8335	HTd/Ncmsa
04i8S	Num.4.12	אֲשֶׁ֧ר	834 a	HTr
046z9	Num.4.12	יְשָֽׁרְתוּ	8334	HVpi3mp
045Py	Num.4.12	בָ֣/ם	b	HR/Sp3mp
04AHL	Num.4.12	בַּ/קֹּ֗דֶשׁ	b/6944	HRd/Ncmsa
04xF2	Num.4.12	וְ/נָֽתְנוּ֙	c/5414	HC/Vqq3cp
04rbR	Num.4.12	אֶל	413	HR
04deN	Num.4.12	בֶּ֣גֶד	899 b	HNcmsc
04m4c	Num.4.12	תְּכֵ֔לֶת	8504	HNcfsa
04Lrp	Num.4.12	וְ/כִסּ֣וּ	c/3680	HC/Vpq3cp
04c4q	Num.4.12	אוֹתָ֔/ם	853	HTo/Sp3mp
04xqq	Num.4.12	בְּ/מִכְסֵ֖ה	b/4372	HR/Ncmsc
04XdH	Num.4.12	ע֣וֹר	5785	HNcmsc
04NvG	Num.4.12	תָּ֑חַשׁ	8476	HNcmsa
04vnB	Num.4.12	וְ/נָתְנ֖וּ	c/5414	HC/Vqq3cp
04U2p	Num.4.12	עַל	5921 a	HR
04SG8	Num.4.12	הַ/מּֽוֹט	d/4132	HTd/Ncmsa
04kbN	Num.4.13	וְ/דִשְּׁנ֖וּ	c/1878	HC/Vpq3cp
046mC	Num.4.13	אֶת	853	HTo
04jug	Num.4.13	הַ/מִּזְבֵּ֑חַ	d/4196	HTd/Ncmsa
04Vkq	Num.4.13	וּ/פָרְשׂ֣וּ	c/6566	HC/Vqq3cp
04kRy	Num.4.13	עָלָ֔י/ו	5921 a	HR/Sp3ms
044Jr	Num.4.13	בֶּ֖גֶד	899 b	HNcmsc
04AJD	Num.4.13	אַרְגָּמָֽן	713	HNcmsa
04w7S	Num.4.14	וְ/נָתְנ֣וּ	c/5414	HC/Vqq3cp
04bwc	Num.4.14	עָ֠לָי/ו	5921 a	HR/Sp3ms
04tSL	Num.4.14	אֶֽת	853	HTo
04HZZ	Num.4.14	כָּל	3605	HNcmsc
04Bo3	Num.4.14	כֵּלָ֞י/ו	3627	HNcmpc/Sp3ms
04Mos	Num.4.14	אֲשֶׁ֣ר	834 a	HTr
04JJB	Num.4.14	יְֽשָׁרְת֧וּ	8334	HVpi3mp
04yAj	Num.4.14	עָלָ֣י/ו	5921 a	HR/Sp3ms
04Gon	Num.4.14	בָּ/הֶ֗ם	b	HR/Sp3mp
04Fu4	Num.4.14	אֶת	853	HTo
04UxF	Num.4.14	הַ/מַּחְתֹּ֤ת	d/4289	HTd/Ncfpa
04u5M	Num.4.14	אֶת	853	HTo
04jQ2	Num.4.14	הַ/מִּזְלָגֹת֙	d/4207 b	HTd/Ncfpa
0426m	Num.4.14	וְ/אֶת	c/853	HC/To
04pu5	Num.4.14	הַ/יָּעִ֣ים	d/3257	HTd/Ncmpa
04eof	Num.4.14	וְ/אֶת	c/853	HC/To
044Th	Num.4.14	הַ/מִּזְרָקֹ֔ת	d/4219	HTd/Ncmpa
04x6W	Num.4.14	כֹּ֖ל	3605	HNcmsc
04Dux	Num.4.14	כְּלֵ֣י	3627	HNcmpc
04txJ	Num.4.14	הַ/מִּזְבֵּ֑חַ	d/4196	HTd/Ncmsa
04pBm	Num.4.14	וּ/פָרְשׂ֣וּ	c/6566	HC/Vqq3cp
04HLf	Num.4.14	עָלָ֗י/ו	5921 a	HR/Sp3ms
04gJx	Num.4.14	כְּס֛וּי	3681	HNcmsc
04rPn	Num.4.14	ע֥וֹר	5785	HNcmsc
04BPG	Num.4.14	תַּ֖חַשׁ	8476	HNcmsa
04jZJ	Num.4.14	וְ/שָׂמ֥וּ	c/7760 a	HC/Vqq3cp
04xoW	Num.4.14	בַדָּֽי/ו	905	HNcmpc/Sp3ms
04ZXZ	Num.4.15	וְ/כִלָּ֣ה	c/3615	HC/Vpq3ms
04ybM	Num.4.15	אַֽהֲרֹן	175	HNp
04JT8	Num.4.15	וּ֠/בָנָי/ו	c/1121 a	HC/Ncmpc/Sp3ms
04T2X	Num.4.15	לְ/כַסֹּ֨ת	l/3680	HR/Vpc
042GL	Num.4.15	אֶת	853	HTo
04e2V	Num.4.15	הַ/קֹּ֜דֶשׁ	d/6944	HTd/Ncmsa
04dGs	Num.4.15	וְ/אֶת	c/853	HC/To
042Mh	Num.4.15	כָּל	3605	HNcmsc
04J1i	Num.4.15	כְּלֵ֣י	3627	HNcmpc
04xua	Num.4.15	הַ/קֹּדֶשׁ֮	d/6944	HTd/Ncmsa
047BX	Num.4.15	בִּ/נְסֹ֣עַ	b/5265	HR/Vqc
04mim	Num.4.15	הַֽ/מַּחֲנֶה֒	d/4264	HTd/Ncbsa
04Hbd	Num.4.15	וְ/אַחֲרֵי	c/310 a	HC/R
04SSi	Num.4.15	כֵ֗ן	3651 c	HD
04iS2	Num.4.15	יָבֹ֤אוּ	935	HVqi3mp
04Ua3	Num.4.15	בְנֵי	1121 a	HNcmpc
04X8d	Num.4.15	קְהָת֙	6955	HNp
04ASF	Num.4.15	לָ/שֵׂ֔את	l/5375	HR/Vqc
04qNw	Num.4.15	וְ/לֹֽא	c/3808	HC/Tn
043PW	Num.4.15	יִגְּע֥וּ	5060	HVqi3mp
04ZDB	Num.4.15	אֶל	413	HR
04Fr5	Num.4.15	הַ/קֹּ֖דֶשׁ	d/6944	HTd/Ncmsa
0431V	Num.4.15	וָ/מֵ֑תוּ	c/4191	HC/Vqq3cp
04iWv	Num.4.15	אֵ֛לֶּה	428	HPdxcp
04vzh	Num.4.15	מַשָּׂ֥א	4853 a	HNcmsc
04G27	Num.4.15	בְנֵֽי	1121 a	HNcmpc
04Jbv	Num.4.15	קְהָ֖ת	6955	HNp
04oWA	Num.4.15	בְּ/אֹ֥הֶל	b/168	HR/Ncmsc
04ZK9	Num.4.15	מוֹעֵֽד	4150	HNcmsa
04yjm	Num.4.16	וּ/פְקֻדַּ֞ת	c/6486	HC/Ncfsc
04yxA	Num.4.16	אֶלְעָזָ֣ר	499	HNp
047ug	Num.4.16	בֶּן	1121 a	HNcmsc
04PGz	Num.4.16	אַהֲרֹ֣ן	175	HNp
04wpp	Num.4.16	הַ/כֹּהֵ֗ן	d/3548	HTd/Ncmsa
04PeV	Num.4.16	שֶׁ֤מֶן	8081	HNcmsc
04zGh	Num.4.16	הַ/מָּאוֹר֙	d/3974	HTd/Ncmsa
048sY	Num.4.16	וּ/קְטֹ֣רֶת	c/7004	HC/Ncfsc
04Jdo	Num.4.16	הַ/סַּמִּ֔ים	d/5561	HTd/Ncmpa
046E3	Num.4.16	וּ/מִנְחַ֥ת	c/4503	HC/Ncfsc
046P5	Num.4.16	הַ/תָּמִ֖יד	d/8548	HTd/Ncmsa
04apQ	Num.4.16	וְ/שֶׁ֣מֶן	c/8081	HC/Ncmsc
04BqY	Num.4.16	הַ/מִּשְׁחָ֑ה	d/4888 a	HTd/Ncfsa
0449o	Num.4.16	פְּקֻדַּ֗ת	6486	HNcfsc
04fF6	Num.4.16	כָּל	3605	HNcmsc
0492K	Num.4.16	הַ/מִּשְׁכָּן֙	d/4908	HTd/Ncmsa
04tGz	Num.4.16	וְ/כָל	c/3605	HC/Ncmsc
04YrC	Num.4.16	אֲשֶׁר	834 a	HTr
04VrZ	Num.4.16	בּ֔/וֹ	b	HR/Sp3ms
04C6S	Num.4.16	בְּ/קֹ֖דֶשׁ	b/6944	HR/Ncmsa
04vxb	Num.4.16	וּ/בְ/כֵלָֽי/ו	c/b/3627	HC/R/Ncmpc/Sp3ms
04kjb	Num.4.17	וַ/יְדַבֵּ֣ר	c/1696	HC/Vpw3ms
042Vu	Num.4.17	יְהוָ֔ה	3068	HNp
04L3Q	Num.4.17	אֶל	413	HR
04HGZ	Num.4.17	מֹשֶׁ֥ה	4872	HNp
0464C	Num.4.17	וְ/אֶֽל	c/413	HC/R
046RY	Num.4.17	אַהֲרֹ֖ן	175	HNp
04fA1	Num.4.17	לֵ/אמֹֽר	l/559	HR/Vqc
04pXr	Num.4.18	אַל	408	HTn
04WEX	Num.4.18	תַּכְרִ֕יתוּ	3772	HVhj2mp
04e9D	Num.4.18	אֶת	853	HTo
04peZ	Num.4.18	שֵׁ֖בֶט	7626	HNcmsc
04CNe	Num.4.18	מִשְׁפְּחֹ֣ת	4940	HNcfpc
04nm5	Num.4.18	הַ/קְּהָתִ֑י	d/6956	HTd/Ngmsa
04orh	Num.4.18	מִ/תּ֖וֹךְ	m/8432	HR/Ncmsc
04Acg	Num.4.18	הַ/לְוִיִּֽם	d/3881	HTd/Ngmpa
04D85	Num.4.19	וְ/זֹ֣את	c/2063	HC/Pdxfs
04BUn	Num.4.19	עֲשׂ֣וּ	6213 a	HVqv2mp
04UF1	Num.4.19	לָ/הֶ֗ם	l	HR/Sp3mp
04zco	Num.4.19	וְ/חָיוּ֙	c/2421	HC/Vqq3cp
04GBT	Num.4.19	וְ/לֹ֣א	c/3808	HC/Tn
04h66	Num.4.19	יָמֻ֔תוּ	4191	HVqi3mp
046Dk	Num.4.19	בְּ/גִשְׁתָּ֖/ם	b/5066	HR/Vqc/Sp3mp
04r7r	Num.4.19	אֶת	853	HTo
04oJg	Num.4.19	קֹ֣דֶשׁ	6944	HNcmsc
04me1	Num.4.19	הַ/קֳּדָשִׁ֑ים	d/6944	HTd/Ncmpa
04oxa	Num.4.19	אַהֲרֹ֤ן	175	HNp
04YiJ	Num.4.19	וּ/בָנָי/ו֙	c/1121 a	HC/Ncmpc/Sp3ms
04Ypk	Num.4.19	יָבֹ֔אוּ	935	HVqi3mp
04C33	Num.4.19	וְ/שָׂמ֣וּ	c/7760 a	HC/Vqq3cp
04W8V	Num.4.19	אוֹתָ֗/ם	853	HTo/Sp3mp
042Z4	Num.4.19	אִ֥ישׁ	376	HNcmsa
04uX2	Num.4.19	אִ֛ישׁ	376	HNcmsa
04TPk	Num.4.19	עַל	5921 a	HR
04hdw	Num.4.19	עֲבֹדָת֖/וֹ	5656	HNcfsc/Sp3ms
04LaJ	Num.4.19	וְ/אֶל	c/413	HC/R
04ZkJ	Num.4.19	מַשָּׂאֽ/וֹ	4853 a	HNcmsc/Sp3ms
04rrP	Num.4.20	וְ/לֹא	c/3808	HC/Tn
04fqW	Num.4.20	יָבֹ֧אוּ	935	HVqi3mp
04sNS	Num.4.20	לִ/רְא֛וֹת	l/7200	HR/Vqc
04Rij	Num.4.20	כְּ/בַלַּ֥ע	k/1104	HR/Vpc
04rq9	Num.4.20	אֶת	853	HTo
042pQ	Num.4.20	הַ/קֹּ֖דֶשׁ	d/6944	HTd/Ncmsa
04hDH	Num.4.20	וָ/מֵֽתוּ	c/4191	HC/Vqq3cp
04zCX	Num.4.21	וַ/יְדַבֵּ֥ר	c/1696	HC/Vpw3ms
04BTq	Num.4.21	יְהוָ֖ה	3068	HNp
04qmD	Num.4.21	אֶל	413	HR
04T54	Num.4.21	מֹשֶׁ֥ה	4872	HNp
04KK7	Num.4.21	לֵּ/אמֹֽר	l/559	HR/Vqc
04xrB	Num.4.22	נָשֹׂ֗א	5375	HVqa
042tb	Num.4.22	אֶת	853	HTo
04AAU	Num.4.22	רֹ֛אשׁ	7218 a	HNcmsc
04fKo	Num.4.22	בְּנֵ֥י	1121 a	HNcmpc
04hrP	Num.4.22	גֵרְשׁ֖וֹן	1648	HNp
04NXB	Num.4.22	גַּם	1571	HTa
04cv9	Num.4.22	הֵ֑ם	1992	HPp3mp
048HL	Num.4.22	לְ/בֵ֥ית	l/1004 b	HR/Ncmsc
04sDr	Num.4.22	אֲבֹתָ֖/ם	1	HNcmpc/Sp3mp
04Xyc	Num.4.22	לְ/מִשְׁפְּחֹתָֽ/ם	l/4940	HR/Ncfpc/Sp3mp
04nYo	Num.4.23	מִ/בֶּן֩	m/1121 a	HR/Ncmsc
04pow	Num.4.23	שְׁלֹשִׁ֨ים	7970	HAcbpa
04j9W	Num.4.23	שָׁנָ֜ה	8141	HNcfsa
04c3J	Num.4.23	וָ/מַ֗עְלָ/ה	c/4605	HC/D/Sd
04a5b	Num.4.23	עַ֛ד	5704	HR
04wEY	Num.4.23	בֶּן	1121 a	HNcmsc
04EQ4	Num.4.23	חֲמִשִּׁ֥ים	2572	HAcbpa
04avL	Num.4.23	שָׁנָ֖ה	8141	HNcfsa
047ej	Num.4.23	תִּפְקֹ֣ד	6485 a	HVqi2ms
04amD	Num.4.23	אוֹתָ֑/ם	853	HTo/Sp3mp
04VUr	Num.4.23	כָּל	3605	HNcmsc
04yB6	Num.4.23	הַ/בָּא֙	d/935	HTd/Vqrmsa
04c5N	Num.4.23	לִ/צְבֹ֣א	l/6633	HR/Vqc
04T55	Num.4.23	צָבָ֔א	6635 a	HNcbsa
04peT	Num.4.23	לַ/עֲבֹ֥ד	l/5647	HR/Vqc
04Ksj	Num.4.23	עֲבֹדָ֖ה	5656	HNcfsa
04Z3e	Num.4.23	בְּ/אֹ֥הֶל	b/168	HR/Ncmsc
04Kzf	Num.4.23	מוֹעֵֽד	4150	HNcmsa
04orc	Num.4.24	זֹ֣את	2063	HPdxfs
0462Y	Num.4.24	עֲבֹדַ֔ת	5656	HNcfsc
04k5t	Num.4.24	מִשְׁפְּחֹ֖ת	4940	HNcfpc
04KZM	Num.4.24	הַ/גֵּרְשֻׁנִּ֑י	d/1649	HTd/Ngmsa
04rez	Num.4.24	לַ/עֲבֹ֖ד	l/5647	HR/Vqc
04HUJ	Num.4.24	וּ/לְ/מַשָּֽׂא	c/l/4853 a	HC/R/Ncmsa
04psq	Num.4.25	וְ/נָ֨שְׂא֜וּ	c/5375	HC/Vqq3cp
04WRG	Num.4.25	אֶת	853	HTo
04wbu	Num.4.25	יְרִיעֹ֤ת	3407	HNcfpc
04Bav	Num.4.25	הַ/מִּשְׁכָּן֙	d/4908	HTd/Ncmsa
04GVi	Num.4.25	וְ/אֶת	c/853	HC/To
04Csn	Num.4.25	אֹ֣הֶל	168	HNcmsc
04R9z	Num.4.25	מוֹעֵ֔ד	4150	HNcmsa
04tn3	Num.4.25	מִכְסֵ֕/הוּ	4372	HNcmsc/Sp3ms
04uiF	Num.4.25	וּ/מִכְסֵ֛ה	c/4372	HC/Ncmsc
04hmQ	Num.4.25	הַ/תַּ֥חַשׁ	d/8476	HTd/Ncmsa
04pj9	Num.4.25	אֲשֶׁר	834 a	HTr
04gza	Num.4.25	עָלָ֖י/ו	5921 a	HR/Sp3ms
04nh4	Num.4.25	מִ/לְ/מָ֑עְלָ/ה	m/l/4605	HR/R/D/Sd
04yip	Num.4.25	וְ/אֶ֨ת	c/853	HC/To
04yhX	Num.4.25	מָסַ֔ךְ	4539	HNcmsc
04Rr8	Num.4.25	פֶּ֖תַח	6607	HNcmsc
04q3q	Num.4.25	אֹ֥הֶל	168	HNcmsc
04zBj	Num.4.25	מוֹעֵֽד	4150	HNcmsa
04mM8	Num.4.26	וְ/אֵת֩	c/853	HC/To
04Boi	Num.4.26	קַלְעֵ֨י	7050 b	HNcmpc
049tu	Num.4.26	הֶֽ/חָצֵ֜ר	d/2691 a	HTd/Ncbsa
04cJ2	Num.4.26	וְ/אֶת	c/853	HC/To
04qwa	Num.4.26	מָסַ֣ךְ	4539	HNcmsc
04U6p	Num.4.26	פֶּ֣תַח	6607	HNcmsc
04gi1	Num.4.26	שַׁ֣עַר	8179	HNcmsc
04zuP	Num.4.26	הֶ/חָצֵ֗ר	d/2691 a	HTd/Ncbsa
04RH3	Num.4.26	אֲשֶׁ֨ר	834 a	HTr
04tap	Num.4.26	עַל	5921 a	HR
04dpu	Num.4.26	הַ/מִּשְׁכָּ֤ן	d/4908	HTd/Ncmsa
04bEm	Num.4.26	וְ/עַל	c/5921 a	HC/R
04jsC	Num.4.26	הַ/מִּזְבֵּ֨חַ֙	d/4196	HTd/Ncmsa
04VLV	Num.4.26	סָבִ֔יב	5439	HNcbsa
04RYi	Num.4.26	וְ/אֵת֙	c/853	HC/To
04VMS	Num.4.26	מֵֽיתְרֵי/הֶ֔ם	4340	HNcmpc/Sp3mp
04WwP	Num.4.26	וְ/אֶֽת	c/853	HC/To
049hJ	Num.4.26	כָּל	3605	HNcmsc
04wDc	Num.4.26	כְּלֵ֖י	3627	HNcmpc
041ME	Num.4.26	עֲבֹדָתָ֑/ם	5656	HNcfsc/Sp3mp
04bxs	Num.4.26	וְ/אֵ֨ת	c/853	HC/To
04Eya	Num.4.26	כָּל	3605	HNcmsc
04bTU	Num.4.26	אֲשֶׁ֧ר	834 a	HTr
04Wzj	Num.4.26	יֵעָשֶׂ֛ה	6213 a	HVNi3ms
04xVG	Num.4.26	לָ/הֶ֖ם	l	HR/Sp3mp
04Ehm	Num.4.26	וְ/עָבָֽדוּ	c/5647	HC/Vqq3cp
04CAK	Num.4.27	עַל	5921 a	HR
04o3f	Num.4.27	פִּי֩	6310	HNcmsc
04e88	Num.4.27	אַהֲרֹ֨ן	175	HNp
04f25	Num.4.27	וּ/בָנָ֜י/ו	c/1121 a	HC/Ncmpc/Sp3ms
04Hww	Num.4.27	תִּהְיֶ֗ה	1961	HVqi3fs
04TVz	Num.4.27	כָּל	3605	HNcmsc
04LRb	Num.4.27	עֲבֹדַת֙	5656	HNcfsc
04HAt	Num.4.27	בְּנֵ֣י	1121 a	HNcmpc
04nGv	Num.4.27	הַ/גֵּרְשֻׁנִּ֔י	d/1649	HTd/Ngmsa
04iiv	Num.4.27	לְ/כָל	l/3605	HR/Ncmsc
04CVL	Num.4.27	מַשָּׂאָ֔/ם	4853 a	HNcmsc/Sp3mp
049vz	Num.4.27	וּ/לְ/כֹ֖ל	c/l/3605	HC/R/Ncmsc
04NTb	Num.4.27	עֲבֹדָתָ֑/ם	5656	HNcfsc/Sp3mp
04cvb	Num.4.27	וּ/פְקַדְתֶּ֤ם	c/6485 a	HC/Vqq2mp
04B7J	Num.4.27	עֲלֵ/הֶם֙	5921 a	HR/Sp3mp
04XBu	Num.4.27	בְּ/מִשְׁמֶ֔רֶת	b/4931	HR/Ncfsa
04uMM	Num.4.27	אֵ֖ת	853	HTo
04XBy	Num.4.27	כָּל	3605	HNcmsc
04Gch	Num.4.27	מַשָּׂאָֽ/ם	4853 a	HNcmsc/Sp3mp
04tZs	Num.4.28	זֹ֣את	2063	HPdxfs
04Sx5	Num.4.28	עֲבֹדַ֗ת	5656	HNcfsc
04mYa	Num.4.28	מִשְׁפְּחֹ֛ת	4940	HNcfpc
04Fc9	Num.4.28	בְּנֵ֥י	1121 a	HNcmpc
0463V	Num.4.28	הַ/גֵּרְשֻׁנִּ֖י	d/1649	HTd/Ngmsa
04xVx	Num.4.28	בְּ/אֹ֣הֶל	b/168	HR/Ncmsc
04ZMa	Num.4.28	מוֹעֵ֑ד	4150	HNcmsa
04K9n	Num.4.28	וּ/מִ֨שְׁמַרְתָּ֔/ם	c/4931	HC/Ncfsc/Sp3mp
04rsj	Num.4.28	בְּ/יַד֙	b/3027	HR/Ncbsc
04QzN	Num.4.28	אִֽיתָמָ֔ר	385	HNp
04zQg	Num.4.28	בֶּֽן	1121 a	HNcmsc
04s54	Num.4.28	אַהֲרֹ֖ן	175	HNp
04ZxQ	Num.4.28	הַ/כֹּהֵֽן	d/3548	HTd/Ncmsa
04mBQ	Num.4.29	בְּנֵ֖י	1121 a	HNcmpc
04kmu	Num.4.29	מְרָרִ֑י	4847	HNp
04Rpd	Num.4.29	לְ/מִשְׁפְּחֹתָ֥/ם	l/4940	HR/Ncfpc/Sp3mp
042xG	Num.4.29	לְ/בֵית	l/1004 b	HR/Ncmsc
04ex2	Num.4.29	אֲבֹתָ֖/ם	1	HNcmpc/Sp3mp
043VA	Num.4.29	תִּפְקֹ֥ד	6485 a	HVqi2ms
04XVR	Num.4.29	אֹתָֽ/ם	853	HTo/Sp3mp
04Lx1	Num.4.30	מִ/בֶּן֩	m/1121 a	HR/Ncmsc
047zA	Num.4.30	שְׁלֹשִׁ֨ים	7970	HAcbpa
04bE4	Num.4.30	שָׁנָ֜ה	8141	HNcfsa
04qcU	Num.4.30	וָ/מַ֗עְלָ/ה	c/4605	HC/D/Sd
048e9	Num.4.30	וְ/עַ֛ד	c/5704	HC/R
04iuc	Num.4.30	בֶּן	1121 a	HNcmsc
044pW	Num.4.30	חֲמִשִּׁ֥ים	2572	HAcbpa
04tDy	Num.4.30	שָׁנָ֖ה	8141	HNcfsa
04NLe	Num.4.30	תִּפְקְדֵ֑/ם	6485 a	HVqi2ms/Sp3mp
04GtD	Num.4.30	כָּל	3605	HNcmsc
04mwz	Num.4.30	הַ/בָּא֙	d/935	HTd/Vqrmsa
04v4c	Num.4.30	לַ/צָּבָ֔א	l/6635 a	HRd/Ncbsa
04SkK	Num.4.30	לַ/עֲבֹ֕ד	l/5647	HR/Vqc
045xn	Num.4.30	אֶת	853	HTo
04U8y	Num.4.30	עֲבֹדַ֖ת	5656	HNcfsc
04G3b	Num.4.30	אֹ֥הֶל	168	HNcmsc
04i4K	Num.4.30	מוֹעֵֽד	4150	HNcmsa
04Vhq	Num.4.31	וְ/זֹאת֙	c/2063	HC/Pdxfs
048w5	Num.4.31	מִשְׁמֶ֣רֶת	4931	HNcfsc
04XKu	Num.4.31	מַשָּׂאָ֔/ם	4853 a	HNcmsc/Sp3mp
04N3Z	Num.4.31	לְ/כָל	l/3605	HR/Ncmsc
0472P	Num.4.31	עֲבֹדָתָ֖/ם	5656	HNcfsc/Sp3mp
04u1j	Num.4.31	בְּ/אֹ֣הֶל	b/168	HR/Ncmsc
04DBw	Num.4.31	מוֹעֵ֑ד	4150	HNcmsa
04KyH	Num.4.31	קַרְשֵׁי֙	7175	HNcmpc
04sK9	Num.4.31	הַ/מִּשְׁכָּ֔ן	d/4908	HTd/Ncmsa
04soG	Num.4.31	וּ/בְרִיחָ֖י/ו	c/1280	HC/Ncmpc/Sp3ms
04Ggv	Num.4.31	וְ/עַמּוּדָ֥י/ו	c/5982	HC/Ncmpc/Sp3ms
04NRv	Num.4.31	וַ/אֲדָנָֽי/ו	c/134	HC/Ncmpc/Sp3ms
04fdT	Num.4.32	וְ/עַמּוּדֵי֩	c/5982	HC/Ncmpc
04qex	Num.4.32	הֶ/חָצֵ֨ר	d/2691 a	HTd/Ncbsa
04GE5	Num.4.32	סָבִ֜יב	5439	HNcbsa
044oz	Num.4.32	וְ/אַדְנֵי/הֶ֗ם	c/134	HC/Ncmpc/Sp3mp
046kG	Num.4.32	וִֽ/יתֵדֹתָ/ם֙	c/3489	HC/Ncfpc/Sp3mp
04Wuj	Num.4.32	וּ/מֵ֣יתְרֵי/הֶ֔ם	c/4340	HC/Ncmpc/Sp3mp
046jv	Num.4.32	לְ/כָל	l/3605	HR/Ncmsc
04WSR	Num.4.32	כְּלֵי/הֶ֔ם	3627	HNcmpc/Sp3mp
04xRq	Num.4.32	וּ/לְ/כֹ֖ל	c/l/3605	HC/R/Ncmsc
04xiv	Num.4.32	עֲבֹדָתָ֑/ם	5656	HNcfsc/Sp3mp
04Vhb	Num.4.32	וּ/בְ/שֵׁמֹ֣ת	c/b/8034	HC/R/Ncmpa
04Kra	Num.4.32	תִּפְקְד֔וּ	6485 a	HVqi2mp
04FB9	Num.4.32	אֶת	853	HTo
04WPN	Num.4.32	כְּלֵ֖י	3627	HNcmpc
04zbb	Num.4.32	מִשְׁמֶ֥רֶת	4931	HNcfsc
04W6k	Num.4.32	מַשָּׂאָֽ/ם	4853 a	HNcmsc/Sp3mp
04dcc	Num.4.33	זֹ֣את	2063	HPdxfs
043fz	Num.4.33	עֲבֹדַ֗ת	5656	HNcfsc
04pV4	Num.4.33	מִשְׁפְּחֹת֙	4940	HNcfpc
04K76	Num.4.33	בְּנֵ֣י	1121 a	HNcmpc
04Xvh	Num.4.33	מְרָרִ֔י	4847	HNp
04F23	Num.4.33	לְ/כָל	l/3605	HR/Ncmsc
04t9z	Num.4.33	עֲבֹדָתָ֖/ם	5656	HNcfsc/Sp3mp
04whu	Num.4.33	בְּ/אֹ֣הֶל	b/168	HR/Ncmsc
04ose	Num.4.33	מוֹעֵ֑ד	4150	HNcmsa
04min	Num.4.33	בְּ/יַד֙	b/3027	HR/Ncbsc
04iic	Num.4.33	אִֽיתָמָ֔ר	385	HNp
04uQX	Num.4.33	בֶּֽן	1121 a	HNcmsc
04fqr	Num.4.33	אַהֲרֹ֖ן	175	HNp
04gRQ	Num.4.33	הַ/כֹּהֵֽן	d/3548	HTd/Ncmsa
04oC6	Num.4.34	וַ/יִּפְקֹ֨ד	c/6485 a	HC/Vqw3ms
04AB9	Num.4.34	מֹשֶׁ֧ה	4872	HNp
046Bi	Num.4.34	וְ/אַהֲרֹ֛ן	c/175	HC/Np
04TKQ	Num.4.34	וּ/נְשִׂיאֵ֥י	c/5387 a	HC/Ncmpc
04sX9	Num.4.34	הָ/עֵדָ֖ה	d/5712	HTd/Ncfsa
04CNX	Num.4.34	אֶת	853	HTo
045Jx	Num.4.34	בְּנֵ֣י	1121 a	HNcmpc
04K8B	Num.4.34	הַ/קְּהָתִ֑י	d/6956	HTd/Ngmsa
04qTM	Num.4.34	לְ/מִשְׁפְּחֹתָ֖/ם	l/4940	HR/Ncfpc/Sp3mp
04kST	Num.4.34	וּ/לְ/בֵ֥ית	c/l/1004 b	HC/R/Ncmsc
049ok	Num.4.34	אֲבֹתָֽ/ם	1	HNcmpc/Sp3mp
04G8f	Num.4.35	מִ/בֶּ֨ן	m/1121 a	HR/Ncmsc
04bjL	Num.4.35	שְׁלֹשִׁ֤ים	7970	HAcbpa
04ant	Num.4.35	שָׁנָה֙	8141	HNcfsa
044aq	Num.4.35	וָ/מַ֔עְלָ/ה	c/4605	HC/D/Sd
04xLT	Num.4.35	וְ/עַ֖ד	c/5704	HC/R
04fns	Num.4.35	בֶּן	1121 a	HNcmsc
04p9L	Num.4.35	חֲמִשִּׁ֣ים	2572	HAcbpa
04ZUC	Num.4.35	שָׁנָ֑ה	8141	HNcfsa
04JCj	Num.4.35	כָּל	3605	HNcmsc
04cTb	Num.4.35	הַ/בָּא֙	d/935	HTd/Vqrmsa
04EZX	Num.4.35	לַ/צָּבָ֔א	l/6635 a	HRd/Ncbsa
04Y8E	Num.4.35	לַ/עֲבֹדָ֖ה	l/5656	HR/Ncfsa
04WfP	Num.4.35	בְּ/אֹ֥הֶל	b/168	HR/Ncmsc
04EHX	Num.4.35	מוֹעֵֽד	4150	HNcmsa
04htV	Num.4.36	וַ/יִּהְי֥וּ	c/1961	HC/Vqw3mp
04dnq	Num.4.36	פְקֻדֵי/הֶ֖ם	6485 a	HVqsmpc/Sp3mp
04Bfr	Num.4.36	לְ/מִשְׁפְּחֹתָ֑/ם	l/4940	HR/Ncfpc/Sp3mp
04n3U	Num.4.36	אַלְפַּ֕יִם	505	HAcbpa
04UYs	Num.4.36	שְׁבַ֥ע	7651	HAcfsa
04T4t	Num.4.36	מֵא֖וֹת	3967	HAcbpa
04CXn	Num.4.36	וַ/חֲמִשִּֽׁים	c/2572	HC/Acbpa
04eoV	Num.4.37	אֵ֤לֶּה	428	HPdxcp
04z2s	Num.4.37	פְקוּדֵי֙	6485 a	HVqsmpc
04eW4	Num.4.37	מִשְׁפְּחֹ֣ת	4940	HNcfpc
04Kox	Num.4.37	הַ/קְּהָתִ֔י	d/6956	HTd/Ngmsa
04RGB	Num.4.37	כָּל	3605	HNcmsc
04Upn	Num.4.37	הָ/עֹבֵ֖ד	d/5647	HTd/Vqrmsa
04dXz	Num.4.37	בְּ/אֹ֣הֶל	b/168	HR/Ncmsc
04Bbn	Num.4.37	מוֹעֵ֑ד	4150	HNcmsa
041Zv	Num.4.37	אֲשֶׁ֨ר	834 a	HTr
04TB4	Num.4.37	פָּקַ֤ד	6485 a	HVqp3ms
04oG9	Num.4.37	מֹשֶׁה֙	4872	HNp
04prm	Num.4.37	וְ/אַהֲרֹ֔ן	c/175	HC/Np
04rwi	Num.4.37	עַל	5921 a	HR
04EAA	Num.4.37	פִּ֥י	6310	HNcmsc
04LxY	Num.4.37	יְהוָ֖ה	3068	HNp
04Frb	Num.4.37	בְּ/יַד	b/3027	HR/Ncbsc
04HJn	Num.4.37	מֹשֶֽׁה	4872	HNp
04LuD	Num.4.38	וּ/פְקוּדֵ֖י	c/6485 a	HC/Vqsmpc
04XnL	Num.4.38	בְּנֵ֣י	1121 a	HNcmpc
04sUy	Num.4.38	גֵרְשׁ֑וֹן	1648	HNp
047nT	Num.4.38	לְ/מִשְׁפְּחוֹתָ֖/ם	l/4940	HR/Ncfpc/Sp3mp
04yyf	Num.4.38	וּ/לְ/בֵ֥ית	c/l/1004 b	HC/R/Ncmsc
044Zw	Num.4.38	אֲבֹתָֽ/ם	1	HNcmpc/Sp3mp
04JqE	Num.4.39	מִ/בֶּ֨ן	m/1121 a	HR/Ncmsc
04rnt	Num.4.39	שְׁלֹשִׁ֤ים	7970	HAcbpa
04DiF	Num.4.39	שָׁנָה֙	8141	HNcfsa
04eUy	Num.4.39	וָ/מַ֔עְלָ/ה	c/4605	HC/D/Sd
04Vak	Num.4.39	וְ/עַ֖ד	c/5704	HC/R
04oiN	Num.4.39	בֶּן	1121 a	HNcmsc
04vnQ	Num.4.39	חֲמִשִּׁ֣ים	2572	HAcbpa
04gEr	Num.4.39	שָׁנָ֑ה	8141	HNcfsa
04WLF	Num.4.39	כָּל	3605	HNcmsc
04wGZ	Num.4.39	הַ/בָּא֙	d/935	HTd/Vqrmsa
04HVd	Num.4.39	לַ/צָּבָ֔א	l/6635 a	HRd/Ncbsa
04Fze	Num.4.39	לַ/עֲבֹדָ֖ה	l/5656	HR/Ncfsa
04ZHY	Num.4.39	בְּ/אֹ֥הֶל	b/168	HR/Ncmsc
041sU	Num.4.39	מוֹעֵֽד	4150	HNcmsa
04CGv	Num.4.40	וַ/יִּֽהְיוּ֙	c/1961	HC/Vqw3mp
04xTA	Num.4.40	פְּקֻ֣דֵי/הֶ֔ם	6485 a	HVqsmpc/Sp3mp
04isH	Num.4.40	לְ/מִשְׁפְּחֹתָ֖/ם	l/4940	HR/Ncfpc/Sp3mp
04nJS	Num.4.40	לְ/בֵ֣ית	l/1004 b	HR/Ncmsc
04cUx	Num.4.40	אֲבֹתָ֑/ם	1	HNcmpc/Sp3mp
04a6i	Num.4.40	אַלְפַּ֕יִם	505	HAcbpa
04Jfc	Num.4.40	וְ/שֵׁ֥שׁ	c/8337	HC/Acfsa
04hEY	Num.4.40	מֵא֖וֹת	3967	HAcbpa
04ijZ	Num.4.40	וּ/שְׁלֹשִֽׁים	c/7970	HC/Acbpa
04u83	Num.4.41	אֵ֣לֶּה	428	HPdxcp
04NzX	Num.4.41	פְקוּדֵ֗י	6485 a	HVqsmpc
0417r	Num.4.41	מִשְׁפְּחֹת֙	4940	HNcfpc
04ZU1	Num.4.41	בְּנֵ֣י	1121 a	HNcmpc
04otL	Num.4.41	גֵרְשׁ֔וֹן	1648	HNp
04um7	Num.4.41	כָּל	3605	HNcmsc
04KjJ	Num.4.41	הָ/עֹבֵ֖ד	d/5647	HTd/Vqrmsa
04fiM	Num.4.41	בְּ/אֹ֣הֶל	b/168	HR/Ncmsc
04dcf	Num.4.41	מוֹעֵ֑ד	4150	HNcmsa
04KEb	Num.4.41	אֲשֶׁ֨ר	834 a	HTr
04hC2	Num.4.41	פָּקַ֥ד	6485 a	HVqp3ms
044fq	Num.4.41	מֹשֶׁ֛ה	4872	HNp
04sEG	Num.4.41	וְ/אַהֲרֹ֖ן	c/175	HC/Np
04HuD	Num.4.41	עַל	5921 a	HR
043KB	Num.4.41	פִּ֥י	6310	HNcmsc
04q7m	Num.4.41	יְהוָֽה	3068	HNp
04bTg	Num.4.42	וּ/פְקוּדֵ֕י	c/6485 a	HC/Vqsmpc
04Aw1	Num.4.42	מִשְׁפְּחֹ֖ת	4940	HNcfpc
04AqN	Num.4.42	בְּנֵ֣י	1121 a	HNcmpc
0476m	Num.4.42	מְרָרִ֑י	4847	HNp
046a2	Num.4.42	לְ/מִשְׁפְּחֹתָ֖/ם	l/4940	HR/Ncfpc/Sp3mp
04g5k	Num.4.42	לְ/בֵ֥ית	l/1004 b	HR/Ncmsc
04wJN	Num.4.42	אֲבֹתָֽ/ם	1	HNcmpc/Sp3mp
04bGZ	Num.4.43	מִ/בֶּ֨ן	m/1121 a	HR/Ncmsc
04pX4	Num.4.43	שְׁלֹשִׁ֤ים	7970	HAcbpa
04J7k	Num.4.43	שָׁנָה֙	8141	HNcfsa
04AuP	Num.4.43	וָ/מַ֔עְלָ/ה	c/4605	HC/D/Sd
04syM	Num.4.43	וְ/עַ֖ד	c/5704	HC/R
04ayp	Num.4.43	בֶּן	1121 a	HNcmsc
04zG9	Num.4.43	חֲמִשִּׁ֣ים	2572	HAcbpa
04DUx	Num.4.43	שָׁנָ֑ה	8141	HNcfsa
04G26	Num.4.43	כָּל	3605	HNcmsc
04r7o	Num.4.43	הַ/בָּא֙	d/935	HTd/Vqrmsa
04kDi	Num.4.43	לַ/צָּבָ֔א	l/6635 a	HRd/Ncbsa
04VnV	Num.4.43	לַ/עֲבֹדָ֖ה	l/5656	HR/Ncfsa
04J24	Num.4.43	בְּ/אֹ֥הֶל	b/168	HR/Ncmsc
04s9A	Num.4.43	מוֹעֵֽד	4150	HNcmsa
04vhV	Num.4.44	וַ/יִּהְי֥וּ	c/1961	HC/Vqw3mp
04kFL	Num.4.44	פְקֻדֵי/הֶ֖ם	6485 a	HVqsmpc/Sp3mp
04xfx	Num.4.44	לְ/מִשְׁפְּחֹתָ֑/ם	l/4940	HR/Ncfpc/Sp3mp
04aHo	Num.4.44	שְׁלֹ֥שֶׁת	7969	HAcmsc
04pSV	Num.4.44	אֲלָפִ֖ים	505	HAcbpa
04LrK	Num.4.44	וּ/מָאתָֽיִם	c/3967	HC/Acbda
043sH	Num.4.45	אֵ֣לֶּה	428	HPdxcp
04vzR	Num.4.45	פְקוּדֵ֔י	6485 a	HVqsmpc
04ZCZ	Num.4.45	מִשְׁפְּחֹ֖ת	4940	HNcfpc
04SJf	Num.4.45	בְּנֵ֣י	1121 a	HNcmpc
04wVm	Num.4.45	מְרָרִ֑י	4847	HNp
04Qmg	Num.4.45	אֲשֶׁ֨ר	834 a	HTr
04n9A	Num.4.45	פָּקַ֤ד	6485 a	HVqp3ms
04dXa	Num.4.45	מֹשֶׁה֙	4872	HNp
049Nr	Num.4.45	וְ/אַהֲרֹ֔ן	c/175	HC/Np
04FSa	Num.4.45	עַל	5921 a	HR
041UN	Num.4.45	פִּ֥י	6310	HNcmsc
04cin	Num.4.45	יְהוָ֖ה	3068	HNp
04bE5	Num.4.45	בְּ/יַד	b/3027	HR/Ncbsc
04qW4	Num.4.45	מֹשֶֽׁה	4872	HNp
04S49	Num.4.46	כָּֽל	3605	HNcmsc
04TSp	Num.4.46	הַ/פְּקֻדִ֡ים	d/6485 a	HTd/Vqsmpa
04Vea	Num.4.46	אֲשֶׁר֩	834 a	HTr
04Ca6	Num.4.46	פָּקַ֨ד	6485 a	HVqp3ms
04tEM	Num.4.46	מֹשֶׁ֧ה	4872	HNp
04qkk	Num.4.46	וְ/אַהֲרֹ֛ן	c/175	HC/Np
04CTn	Num.4.46	וּ/נְשִׂיאֵ֥י	c/5387 a	HC/Ncmpc
04EJ6	Num.4.46	יִשְׂרָאֵ֖ל	3478	HNp
04bDE	Num.4.46	אֶת	853	HTo
04Q8d	Num.4.46	הַ/לְוִיִּ֑ם	d/3881	HTd/Ngmpa
04vNa	Num.4.46	לְ/מִשְׁפְּחֹתָ֖/ם	l/4940	HR/Ncfpc/Sp3mp
043VZ	Num.4.46	וּ/לְ/בֵ֥ית	c/l/1004 b	HC/R/Ncmsc
04WTF	Num.4.46	אֲבֹתָֽ/ם	1	HNcmpc/Sp3mp
04Cbt	Num.4.47	מִ/בֶּ֨ן	m/1121 a	HR/Ncmsc
04cnB	Num.4.47	שְׁלֹשִׁ֤ים	7970	HAcbpa
04dS2	Num.4.47	שָׁנָה֙	8141	HNcfsa
04ckH	Num.4.47	וָ/מַ֔עְלָ/ה	c/4605	HC/D/Sd
04rGf	Num.4.47	וְ/עַ֖ד	c/5704	HC/R
04NLP	Num.4.47	בֶּן	1121 a	HNcmsc
04aVA	Num.4.47	חֲמִשִּׁ֣ים	2572	HAcbpa
04FZ7	Num.4.47	שָׁנָ֑ה	8141	HNcfsa
04ML5	Num.4.47	כָּל	3605	HNcmsc
04vua	Num.4.47	הַ/בָּ֗א	d/935	HTd/Vqrmsa
04v3n	Num.4.47	לַ/עֲבֹ֨ד	l/5647	HR/Vqc
04zNk	Num.4.47	עֲבֹדַ֧ת	5656	HNcfsc
04W9D	Num.4.47	עֲבֹדָ֛ה	5656	HNcfsa
04yYE	Num.4.47	וַ/עֲבֹדַ֥ת	c/5656	HC/Ncfsc
04Aok	Num.4.47	מַשָּׂ֖א	4853 a	HNcmsa
04uxn	Num.4.47	בְּ/אֹ֥הֶל	b/168	HR/Ncmsc
047cw	Num.4.47	מוֹעֵֽד	4150	HNcmsa
04JhN	Num.4.48	וַ/יִּהְי֖וּ	c/1961	HC/Vqw3mp
042Xh	Num.4.48	פְּקֻדֵי/הֶ֑ם	6485 a	HVqsmpc/Sp3mp
04oMP	Num.4.48	שְׁמֹנַ֣ת	8083	HAcmsc
04fMQ	Num.4.48	אֲלָפִ֔ים	505	HAcbpa
04ngx	Num.4.48	וַ/חֲמֵ֥שׁ	c/2568	HC/Acfsa
049eB	Num.4.48	מֵא֖וֹת	3967	HAcbpa
04cbT	Num.4.48	וּ/שְׁמֹנִֽים	c/8084	HC/Acbpa
04u2m	Num.4.49	עַל	5921 a	HR
04mwg	Num.4.49	פִּ֨י	6310	HNcmsc
04YcV	Num.4.49	יְהוָ֜ה	3068	HNp
04Yny	Num.4.49	פָּקַ֤ד	6485 a	HVqp3ms
04orY	Num.4.49	אוֹתָ/ם֙	853	HTo/Sp3mp
042jV	Num.4.49	בְּ/יַד	b/3027	HR/Ncbsc
04w3o	Num.4.49	מֹשֶׁ֔ה	4872	HNp
04qch	Num.4.49	אִ֥ישׁ	376	HNcmsa
04VmY	Num.4.49	אִ֛ישׁ	376	HNcmsa
04uLw	Num.4.49	עַל	5921 a	HR
04eWY	Num.4.49	עֲבֹדָת֖/וֹ	5656	HNcfsc/Sp3ms
04BaQ	Num.4.49	וְ/עַל	c/5921 a	HC/R
0498x	Num.4.49	מַשָּׂא֑/וֹ	4853 a	HNcmsc/Sp3ms
04jFf	Num.4.49	וּ/פְקֻדָ֕י/ו	c/6485 a	HC/Vqsmpc/Sp3ms
04GR3	Num.4.49	אֲשֶׁר	834 a	HTr
04qQN	Num.4.49	צִוָּ֥ה	6680	HVpp3ms
04aee	Num.4.49	יְהוָ֖ה	3068	HNp
04CqB	Num.4.49	אֶת	853	HTo
04UWF	Num.4.49	מֹשֶֽׁה	4872	HNp
042Ha	Num.5.1	וַ/יְדַבֵּ֥ר	c/1696	HC/Vpw3ms
04EnP	Num.5.1	יְהוָ֖ה	3068	HNp
04nb6	Num.5.1	אֶל	413	HR
04YMF	Num.5.1	מֹשֶׁ֥ה	4872	HNp
04BAm	Num.5.1	לֵּ/אמֹֽר	l/559	HR/Vqc
04xLv	Num.5.2	צַ֚ו	6680	HVpv2ms
04ENs	Num.5.2	אֶת	853	HTo
04f29	Num.5.2	בְּנֵ֣י	1121 a	HNcmpc
04nbb	Num.5.2	יִשְׂרָאֵ֔ל	3478	HNp
043zy	Num.5.2	וִֽ/ישַׁלְּחוּ֙	c/7971	HC/Vpi3mp
04UBC	Num.5.2	מִן	4480 a	HR
042Bp	Num.5.2	הַֽ/מַּחֲנֶ֔ה	d/4264	HTd/Ncbsa
04YVx	Num.5.2	כָּל	3605	HNcmsc
042iX	Num.5.2	צָר֖וּעַ	6879	HVqsmsa
04kav	Num.5.2	וְ/כָל	c/3605	HC/Ncmsc
04enN	Num.5.2	זָ֑ב	2100	HVqrmsa
04vBq	Num.5.2	וְ/כֹ֖ל	c/3605	HC/Ncmsa
04xhr	Num.5.2	טָמֵ֥א	2931	HAamsa
0492H	Num.5.2	לָ/נָֽפֶשׁ	l/5315	HR/Ncbsa
04xhx	Num.5.3	מִ/זָּכָ֤ר	m/2145	HR/Ncmsa
04TLE	Num.5.3	עַד	5704	HR
046mu	Num.5.3	נְקֵבָה֙	5347	HNcfsa
04zyy	Num.5.3	תְּשַׁלֵּ֔חוּ	7971	HVpi2mp
04KhN	Num.5.3	אֶל	413	HR
04zbv	Num.5.3	מִ/ח֥וּץ	m/2351	HR/Ncmsa
04nXx	Num.5.3	לַֽ/מַּחֲנֶ֖ה	l/4264	HRd/Ncbsa
04RhB	Num.5.3	תְּשַׁלְּח֑וּ/ם	7971	HVpi2mp/Sp3mp
04HmR	Num.5.3	וְ/לֹ֤א	c/3808	HC/Tn
04XWV	Num.5.3	יְטַמְּאוּ֙	2930 a	HVpi3mp
04jR8	Num.5.3	אֶת	853	HTo
047jg	Num.5.3	מַ֣חֲנֵי/הֶ֔ם	4264	HNcbpc/Sp3mp
04m9m	Num.5.3	אֲשֶׁ֥ר	834 a	HTr
04aDj	Num.5.3	אֲנִ֖י	589	HPp1cs
04oib	Num.5.3	שֹׁכֵ֥ן	7931	HVqrmsa
04sBE	Num.5.3	בְּ/תוֹכָֽ/ם	b/8432	HR/Ncmsc/Sp3mp
044BE	Num.5.4	וַ/יַּֽעֲשׂוּ	c/6213 a	HC/Vqw3mp
04t8g	Num.5.4	כֵן֙	3651 c	HD
04gsX	Num.5.4	בְּנֵ֣י	1121 a	HNcmpc
04yBx	Num.5.4	יִשְׂרָאֵ֔ל	3478	HNp
04vE1	Num.5.4	וַ/יְשַׁלְּח֣וּ	c/7971	HC/Vpw3mp
04896	Num.5.4	אוֹתָ֔/ם	853	HTo/Sp3mp
04Xy3	Num.5.4	אֶל	413	HR
04TH8	Num.5.4	מִ/ח֖וּץ	m/2351	HR/Ncmsa
045Ve	Num.5.4	לַֽ/מַּחֲנֶ֑ה	l/4264	HRd/Ncbsa
04t5T	Num.5.4	כַּ/אֲשֶׁ֨ר	k/834 d	HR/Tr
04ssX	Num.5.4	דִּבֶּ֤ר	1696	HVpp3ms
047TK	Num.5.4	יְהוָה֙	3068	HNp
04wiu	Num.5.4	אֶל	413	HR
04gBQ	Num.5.4	מֹשֶׁ֔ה	4872	HNp
04gVx	Num.5.4	כֵּ֥ן	3651 c	HTm
04Q1t	Num.5.4	עָשׂ֖וּ	6213 a	HVqp3cp
04pZm	Num.5.4	בְּנֵ֥י	1121 a	HNcmpc
04qGV	Num.5.4	יִשְׂרָאֵֽל	3478	HNp
04TBs	Num.5.5	וַ/יְדַבֵּ֥ר	c/1696	HC/Vpw3ms
04sYk	Num.5.5	יְהוָ֖ה	3068	HNp
04yZ9	Num.5.5	אֶל	413	HR
04Ee6	Num.5.5	מֹשֶׁ֥ה	4872	HNp
04LvK	Num.5.5	לֵּ/אמֹֽר	l/559	HR/Vqc
04NsV	Num.5.6	דַּבֵּר֮	1696	HVpv2ms
04spB	Num.5.6	אֶל	413	HR
04QM1	Num.5.6	בְּנֵ֣י	1121 a	HNcmpc
04WMi	Num.5.6	יִשְׂרָאֵל֒	3478	HNp
04p5C	Num.5.6	אִ֣ישׁ	376	HNcmsa
04pLh	Num.5.6	אֽוֹ	176 a	HC
045n2	Num.5.6	אִשָּׁ֗ה	802	HNcfsa
04WG2	Num.5.6	כִּ֤י	3588 a	HC
04ddN	Num.5.6	יַעֲשׂוּ֙	6213 a	HVqi3mp
04oga	Num.5.6	מִ/כָּל	m/3605	HR/Ncmsc
04yLm	Num.5.6	חַטֹּ֣את	2403 b	HNcfpc
04mAF	Num.5.6	הָֽ/אָדָ֔ם	d/120	HTd/Ncmsa
0493w	Num.5.6	לִ/מְעֹ֥ל	l/4603	HR/Vqc
04XGn	Num.5.6	מַ֖עַל	4604	HNcmsa
04gnt	Num.5.6	בַּ/יהוָ֑ה	b/3068	HR/Np
04Ycp	Num.5.6	וְ/אָֽשְׁמָ֖ה	c/816	HC/Vqp3fs
04kGw	Num.5.6	הַ/נֶּ֥פֶשׁ	d/5315	HTd/Ncbsa
048xG	Num.5.6	הַ/הִֽוא	d/1931	HTd/Pp3fs
04X9f	Num.5.7	וְ/הִתְוַדּ֗וּ	c/3034	HC/Vtq3cp
04gBY	Num.5.7	אֶֽת	853	HTo
04JSS	Num.5.7	חַטָּאתָ/ם֮	2403 b	HNcfsc/Sp3mp
04hzi	Num.5.7	אֲשֶׁ֣ר	834 a	HTr
04xKZ	Num.5.7	עָשׂוּ֒	6213 a	HVqp3cp
04GD6	Num.5.7	וְ/הֵשִׁ֤יב	c/7725	HC/Vhq3ms
04e1w	Num.5.7	אֶת	853	HTo
04fK1	Num.5.7	אֲשָׁמ/וֹ֙	817	HNcmsc/Sp3ms
04UV1	Num.5.7	בְּ/רֹאשׁ֔/וֹ	b/7218 a	HR/Ncmsc/Sp3ms
04pJ8	Num.5.7	וַ/חֲמִישִׁת֖/וֹ	c/2549	HC/Ncfsc/Sp3ms
04d2D	Num.5.7	יֹסֵ֣ף	3254	HVhi3ms
04pY9	Num.5.7	עָלָ֑י/ו	5921 a	HR/Sp3ms
04GAq	Num.5.7	וְ/נָתַ֕ן	c/5414	HC/Vqq3ms
04ViK	Num.5.7	לַ/אֲשֶׁ֖ר	l/834 a	HR/Tr
04bs2	Num.5.7	אָשַׁ֥ם	816	HVqp3ms
0465v	Num.5.7	לֽ/וֹ	l	HR/Sp3ms
04ULQ	Num.5.8	וְ/אִם	c/518 a	HC/C
04B9j	Num.5.8	אֵ֨ין	369	HTn
04bWi	Num.5.8	לָ/אִ֜ישׁ	l/376	HRd/Ncmsa
04xoF	Num.5.8	גֹּאֵ֗ל	1350 a	HVqrmsa
04hCv	Num.5.8	לְ/הָשִׁ֤יב	l/7725	HR/Vhc
04Mci	Num.5.8	הָ/אָשָׁם֙	d/817	HTd/Ncmsa
04f9n	Num.5.8	אֵלָ֔י/ו	413	HR/Sp3ms
044Rf	Num.5.8	הָ/אָשָׁ֛ם	d/817	HTd/Ncmsa
04Qyd	Num.5.8	הַ/מּוּשָׁ֥ב	d/7725	HTd/VHsmsa
04C76	Num.5.8	לַ/יהוָ֖ה	l/3068	HR/Np
04CYo	Num.5.8	לַ/כֹּהֵ֑ן	l/3548	HRd/Ncmsa
04Bra	Num.5.8	מִ/לְּ/בַ֗ד	m/l/905	HR/R/Ncmsc
0459X	Num.5.8	אֵ֚יל	352 a	HNcmsc
04j6b	Num.5.8	הַ/כִּפֻּרִ֔ים	d/3725	HTd/Ncmpa
04KgL	Num.5.8	אֲשֶׁ֥ר	834 a	HTr
04BFU	Num.5.8	יְכַפֶּר	3722 a	HVpi3ms
04Js9	Num.5.8	בּ֖/וֹ	b	HR/Sp3ms
048Do	Num.5.8	עָלָֽי/ו	5921 a	HR/Sp3ms
04m6D	Num.5.9	וְ/כָל	c/3605	HC/Ncmsc
04agh	Num.5.9	תְּרוּמָ֞ה	8641	HNcfsa
04xGb	Num.5.9	לְ/כָל	l/3605	HR/Ncmsc
04Vmg	Num.5.9	קָדְשֵׁ֧י	6944	HNcmpc
04GWL	Num.5.9	בְנֵי	1121 a	HNcmpc
04adp	Num.5.9	יִשְׂרָאֵ֛ל	3478	HNp
04mEM	Num.5.9	אֲשֶׁר	834 a	HTr
04t5b	Num.5.9	יַקְרִ֥יבוּ	7126	HVhi3mp
04MmC	Num.5.9	לַ/כֹּהֵ֖ן	l/3548	HRd/Ncmsa
04VtE	Num.5.9	ל֥/וֹ	l	HR/Sp3ms
048yT	Num.5.9	יִהְיֶֽה	1961	HVqi3ms
04YE4	Num.5.10	וְ/אִ֥ישׁ	c/376	HC/Ncmsa
04gwY	Num.5.10	אֶת	853	HTo
04um2	Num.5.10	קֳדָשָׁ֖י/ו	6944	HNcmpc/Sp3ms
04WPk	Num.5.10	ל֣/וֹ	l	HR/Sp3ms
04J9S	Num.5.10	יִהְי֑וּ	1961	HVqi3mp
04Uh6	Num.5.10	אִ֛ישׁ	376	HNcmsa
04kWu	Num.5.10	אֲשֶׁר	834 a	HTr
04r5S	Num.5.10	יִתֵּ֥ן	5414	HVqi3ms
04q8B	Num.5.10	לַ/כֹּהֵ֖ן	l/3548	HRd/Ncmsa
04HNg	Num.5.10	ל֥/וֹ	l	HR/Sp3ms
04hZZ	Num.5.10	יִהְיֶֽה	1961	HVqi3ms
04n3Z	Num.5.11	וַ/יְדַבֵּ֥ר	c/1696	HC/Vpw3ms
04nVk	Num.5.11	יְהוָ֖ה	3068	HNp
04cwR	Num.5.11	אֶל	413	HR
04JQf	Num.5.11	מֹשֶׁ֥ה	4872	HNp
04aoK	Num.5.11	לֵּ/אמֹֽר	l/559	HR/Vqc
04HF8	Num.5.12	דַּבֵּר֙	1696	HVpv2ms
04WMt	Num.5.12	אֶל	413	HR
04tCm	Num.5.12	בְּנֵ֣י	1121 a	HNcmpc
04ibj	Num.5.12	יִשְׂרָאֵ֔ל	3478	HNp
04KiT	Num.5.12	וְ/אָמַרְתָּ֖	c/559	HC/Vqq2ms
04ovU	Num.5.12	אֲלֵ/הֶ֑ם	413	HR/Sp3mp
04H8i	Num.5.12	אִ֥ישׁ	376	HNcmsa
04kBK	Num.5.12	אִישׁ֙	376	HNcmsa
048p9	Num.5.12	כִּֽי	3588 a	HC
04Vib	Num.5.12	תִשְׂטֶ֣ה	7847	HVqi3fs
04FXw	Num.5.12	אִשְׁתּ֔/וֹ	802	HNcfsc/Sp3ms
04ZWD	Num.5.12	וּ/מָעֲלָ֥ה	c/4603	HC/Vqq3fs
04roj	Num.5.12	ב֖/וֹ	b	HR/Sp3ms
04dta	Num.5.12	מָֽעַל	4604	HNcmsa
04vv9	Num.5.13	וְ/שָׁכַ֨ב	c/7901	HC/Vqq3ms
04bPu	Num.5.13	אִ֣ישׁ	376	HNcmsa
04t52	Num.5.13	אֹתָ/הּ֮	853	HTo/Sp3fs
042qG	Num.5.13	שִׁכְבַת	7902	HNcfsc
04naz	Num.5.13	זֶרַע֒	2233	HNcmsa
04QW6	Num.5.13	וְ/נֶעְלַם֙	c/5956	HC/VNq3ms
04vQm	Num.5.13	מֵ/עֵינֵ֣י	m/5869 a	HR/Ncbdc
04gSo	Num.5.13	אִישָׁ֔/הּ	376	HNcmsc/Sp3fs
04ToF	Num.5.13	וְ/נִסְתְּרָ֖ה	c/5641	HC/VNq3fs
04R76	Num.5.13	וְ/הִ֣יא	c/1931	HC/Pp3fs
045TM	Num.5.13	נִטְמָ֑אָה	2930 a	HVNp3fs
04cH4	Num.5.13	וְ/עֵד֙	c/5707	HC/Ncmsa
04ygk	Num.5.13	אֵ֣ין	369	HTn
0472b	Num.5.13	בָּ֔/הּ	b	HR/Sp3fs
04Qs2	Num.5.13	וְ/הִ֖וא	c/1931	HC/Pp3fs
04X1j	Num.5.13	לֹ֥א	3808	HTn
04pMk	Num.5.13	נִתְפָּֽשָׂה	8610	HVNp3fs
04E9Z	Num.5.14	וְ/עָבַ֨ר	c/5674 a	HC/Vqp3ms
04DJR	Num.5.14	עָלָ֧י/ו	5921 a	HR/Sp3ms
04ov1	Num.5.14	רֽוּחַ	7307	HNcbsc
04wXN	Num.5.14	קִנְאָ֛ה	7068	HNcfsa
04Nnf	Num.5.14	וְ/קִנֵּ֥א	c/7065	HC/Vpp3ms
04eJu	Num.5.14	אֶת	853	HTo
04uoD	Num.5.14	אִשְׁתּ֖/וֹ	802	HNcfsc/Sp3ms
04vu4	Num.5.14	וְ/הִ֣וא	c/1931	HC/Pp3fs
04YQo	Num.5.14	נִטְמָ֑אָה	2930 a	HVNp3fs
04f8m	Num.5.14	אוֹ	176 a	HC
04BZr	Num.5.14	עָבַ֨ר	5674 a	HVqp3ms
04k2R	Num.5.14	עָלָ֤י/ו	5921 a	HR/Sp3ms
04cC4	Num.5.14	רֽוּחַ	7307	HNcbsc
04f6y	Num.5.14	קִנְאָה֙	7068	HNcfsa
04Gy9	Num.5.14	וְ/קִנֵּ֣א	c/7065	HC/Vpp3ms
04etw	Num.5.14	אֶת	853	HTo
04GQd	Num.5.14	אִשְׁתּ֔/וֹ	802	HNcfsc/Sp3ms
04tAQ	Num.5.14	וְ/הִ֖יא	c/1931	HC/Pp3fs
04Yrt	Num.5.14	לֹ֥א	3808	HTn
04SbN	Num.5.14	נִטְמָֽאָה	2930 a	HVNp3fs
04B2y	Num.5.15	וְ/הֵבִ֨יא	c/935	HC/Vhq3ms
04PYY	Num.5.15	הָ/אִ֣ישׁ	d/376	HTd/Ncmsa
04bZi	Num.5.15	אֶת	853	HTo
04fXs	Num.5.15	אִשְׁתּ/וֹ֮	802	HNcfsc/Sp3ms
04dHg	Num.5.15	אֶל	413	HR
04Cdu	Num.5.15	הַ/כֹּהֵן֒	d/3548	HTd/Ncmsa
04s9p	Num.5.15	וְ/הֵבִ֤יא	c/935	HC/Vhq3ms
04Bxx	Num.5.15	אֶת	853	HTo
04wPL	Num.5.15	קָרְבָּנָ/הּ֙	7133 a	HNcmsc/Sp3fs
04YXi	Num.5.15	עָלֶ֔י/הָ	5921 a	HR/Sp3fs
046gk	Num.5.15	עֲשִׂירִ֥ת	6224	HAofsc
04YsR	Num.5.15	הָ/אֵיפָ֖ה	d/374	HTd/Ncfsa
04YJ7	Num.5.15	קֶ֣מַח	7058	HNcmsc
04xNg	Num.5.15	שְׂעֹרִ֑ים	8184	HNcfpa
04SPi	Num.5.15	לֹֽא	3808	HTn
04dr4	Num.5.15	יִצֹ֨ק	3332	HVqi3ms
04ynz	Num.5.15	עָלָ֜י/ו	5921 a	HR/Sp3ms
04oiU	Num.5.15	שֶׁ֗מֶן	8081	HNcmsa
04uRP	Num.5.15	וְ/לֹֽא	c/3808	HC/Tn
04bJx	Num.5.15	יִתֵּ֤ן	5414	HVqi3ms
04etm	Num.5.15	עָלָי/ו֙	5921 a	HR/Sp3ms
044jW	Num.5.15	לְבֹנָ֔ה	3828	HNcfsa
04M3G	Num.5.15	כִּֽי	3588 a	HC
04FQm	Num.5.15	מִנְחַ֤ת	4503	HNcfsc
04DYw	Num.5.15	קְנָאֹת֙	7068	HNcfpa
04oAy	Num.5.15	ה֔וּא	1931	HPp3ms
043Rx	Num.5.15	מִנְחַ֥ת	4503	HNcfsc
04rH2	Num.5.15	זִכָּר֖וֹן	2146	HNcmsa
042rT	Num.5.15	מַזְכֶּ֥רֶת	2142	HVhrfsa
04jsw	Num.5.15	עָוֺֽן	5771	HNcbsa
04VR2	Num.5.16	וְ/הִקְרִ֥יב	c/7126	HC/Vhq3ms
04MrQ	Num.5.16	אֹתָ֖/הּ	853	HTo/Sp3fs
04Fu8	Num.5.16	הַ/כֹּהֵ֑ן	d/3548	HTd/Ncmsa
04QCB	Num.5.16	וְ/הֶֽעֱמִדָ֖/הּ	c/5975	HC/Vhq3ms/Sp3fs
04VcL	Num.5.16	לִ/פְנֵ֥י	l/6440	HR/Ncbpc
04YS7	Num.5.16	יְהוָֽה	3068	HNp
04ST2	Num.5.17	וְ/לָקַ֧ח	c/3947	HC/Vqq3ms
04FHd	Num.5.17	הַ/כֹּהֵ֛ן	d/3548	HTd/Ncmsa
04WGC	Num.5.17	מַ֥יִם	4325	HNcmpa
048Jt	Num.5.17	קְדֹשִׁ֖ים	6918	HAampa
04s3S	Num.5.17	בִּ/כְלִי	b/3627	HR/Ncmsc
04QE7	Num.5.17	חָ֑רֶשׂ	2789	HNcmsa
04JPF	Num.5.17	וּ/מִן	c/4480 a	HC/R
04t2f	Num.5.17	הֶֽ/עָפָ֗ר	d/6083	HTd/Ncmsa
04AAs	Num.5.17	אֲשֶׁ֤ר	834 a	HTr
04yit	Num.5.17	יִהְיֶה֙	1961	HVqi3ms
04wBS	Num.5.17	בְּ/קַרְקַ֣ע	b/7172	HR/Ncmsc
042sV	Num.5.17	הַ/מִּשְׁכָּ֔ן	d/4908	HTd/Ncmsa
04FwG	Num.5.17	יִקַּ֥ח	3947	HVqi3ms
04dCM	Num.5.17	הַ/כֹּהֵ֖ן	d/3548	HTd/Ncmsa
04H1T	Num.5.17	וְ/נָתַ֥ן	c/5414	HC/Vqq3ms
04P6r	Num.5.17	אֶל	413	HR
04tD1	Num.5.17	הַ/מָּֽיִם	d/4325	HTd/Ncmpa
046AA	Num.5.18	וְ/הֶעֱמִ֨יד	c/5975	HC/Vhq3ms
04RNc	Num.5.18	הַ/כֹּהֵ֥ן	d/3548	HTd/Ncmsa
04veg	Num.5.18	אֶֽת	853	HTo
047W8	Num.5.18	הָ/אִשָּׁה֮	d/802	HTd/Ncfsa
04zSa	Num.5.18	לִ/פְנֵ֣י	l/6440	HR/Ncbpc
04BQz	Num.5.18	יְהוָה֒	3068	HNp
04GKS	Num.5.18	וּ/פָרַע֙	c/6544 b	HC/Vqq3ms
04Mwc	Num.5.18	אֶת	853	HTo
04kPm	Num.5.18	רֹ֣אשׁ	7218 a	HNcmsc
04Gtv	Num.5.18	הָֽ/אִשָּׁ֔ה	d/802	HTd/Ncfsa
04wvJ	Num.5.18	וְ/נָתַ֣ן	c/5414	HC/Vqq3ms
04HWW	Num.5.18	עַל	5921 a	HR
04fR1	Num.5.18	כַּפֶּ֗י/הָ	3709	HNcfdc/Sp3fs
04Z4q	Num.5.18	אֵ֚ת	853	HTo
04qyW	Num.5.18	מִנְחַ֣ת	4503	HNcfsc
041vK	Num.5.18	הַ/זִּכָּר֔וֹן	d/2146	HTd/Ncmsa
04vcs	Num.5.18	מִנְחַ֥ת	4503	HNcfsc
04jVW	Num.5.18	קְנָאֹ֖ת	7068	HNcfpa
04q6h	Num.5.18	הִ֑וא	1931	HPp3fs
04TXT	Num.5.18	וּ/בְ/יַ֤ד	c/b/3027	HC/R/Ncbsc
04i5i	Num.5.18	הַ/כֹּהֵן֙	d/3548	HTd/Ncmsa
04n6o	Num.5.18	יִהְי֔וּ	1961	HVqi3mp
04V2Z	Num.5.18	מֵ֥י	4325	HNcmpc
04vB3	Num.5.18	הַ/מָּרִ֖ים	d/4751	HTd/Aampa
04h8U	Num.5.18	הַ/מְאָֽרֲרִֽים	d/779	HTd/Vprmpa
04HP6	Num.5.19	וְ/הִשְׁבִּ֨יעַ	c/7650	HC/Vhq3ms
04qeA	Num.5.19	אֹתָ֜/הּ	853	HTo/Sp3fs
043Hf	Num.5.19	הַ/כֹּהֵ֗ן	d/3548	HTd/Ncmsa
047G6	Num.5.19	וְ/אָמַ֤ר	c/559	HC/Vqq3ms
042aw	Num.5.19	אֶל	413	HR
04G9q	Num.5.19	הָֽ/אִשָּׁה֙	d/802	HTd/Ncfsa
04TE9	Num.5.19	אִם	518 a	HC
045ne	Num.5.19	לֹ֨א	3808	HTn
04Pq7	Num.5.19	שָׁכַ֥ב	7901	HVqp3ms
042XE	Num.5.19	אִישׁ֙	376	HNcmsa
04k2P	Num.5.19	אֹתָ֔/ךְ	853	HTo/Sp2fs
04bQB	Num.5.19	וְ/אִם	c/518 a	HC/C
04hLv	Num.5.19	לֹ֥א	3808	HTn
04FwW	Num.5.19	שָׂטִ֛ית	7847	HVqp2fs
04ZCU	Num.5.19	טֻמְאָ֖ה	2932	HNcfsa
04f6s	Num.5.19	תַּ֣חַת	8478	HR
0462L	Num.5.19	אִישֵׁ֑/ךְ	376	HNcmsc/Sp2fs
04apE	Num.5.19	הִנָּקִ֕י	5352	HVNv2fs
047uo	Num.5.19	מִ/מֵּ֛י	m/4325	HR/Ncmpc
04io8	Num.5.19	הַ/מָּרִ֥ים	d/4751	HTd/Aampa
04wub	Num.5.19	הַֽ/מְאָרֲרִ֖ים	d/779	HTd/Vprmpa
047qB	Num.5.19	הָ/אֵֽלֶּה	d/428	HTd/Pdxcp
04BM6	Num.5.20	וְ/אַ֗תְּ	c/859 c	HC/Pp2fs
049ci	Num.5.20	כִּ֥י	3588 a	HC
04wpi	Num.5.20	שָׂטִ֛ית	7847	HVqp2fs
04JEg	Num.5.20	תַּ֥חַת	8478	HR
04pMT	Num.5.20	אִישֵׁ֖/ךְ	376	HNcmsc/Sp2fs
04kMd	Num.5.20	וְ/כִ֣י	c/3588 a	HC/C
04Bqk	Num.5.20	נִטְמֵ֑את	2930 a	HVNp2fs
04hjj	Num.5.20	וַ/יִּתֵּ֨ן	c/5414	HC/Vqw3ms
04QL7	Num.5.20	אִ֥ישׁ	376	HNcmsa
04cRW	Num.5.20	בָּ/ךְ֙	b	HR/Sp2fs
04iWB	Num.5.20	אֶת	853	HTo
04u7g	Num.5.20	שְׁכָבְתּ֔/וֹ	7903	HNcfsc/Sp3ms
04F46	Num.5.20	מִֽ/בַּלְעֲדֵ֖י	m/1107	HR/R
04AFT	Num.5.20	אִישֵֽׁ/ךְ	376	HNcmsc/Sp2fs
04c3h	Num.5.21	וְ/הִשְׁבִּ֨יעַ	c/7650	HC/Vhq3ms
04L9o	Num.5.21	הַ/כֹּהֵ֥ן	d/3548	HTd/Ncmsa
04JVQ	Num.5.21	אֶֽת	853	HTo
04xdb	Num.5.21	הָֽ/אִשָּׁה֮	d/802	HTd/Ncfsa
04Moi	Num.5.21	בִּ/שְׁבֻעַ֣ת	b/7621	HR/Ncfsc
04eqW	Num.5.21	הָ/אָלָה֒	d/423	HTd/Ncfsa
04x8B	Num.5.21	וְ/אָמַ֤ר	c/559	HC/Vqq3ms
04WgT	Num.5.21	הַ/כֹּהֵן֙	d/3548	HTd/Ncmsa
04e9Z	Num.5.21	לָֽ/אִשָּׁ֔ה	l/802	HRd/Ncfsa
04fc3	Num.5.21	יִתֵּ֨ן	5414	HVqi3ms
04Ucu	Num.5.21	יְהוָ֥ה	3068	HNp
048Vy	Num.5.21	אוֹתָ֛/ךְ	853	HTo/Sp2fs
04rKw	Num.5.21	לְ/אָלָ֥ה	l/423	HR/Ncfsa
04S1Z	Num.5.21	וְ/לִ/שְׁבֻעָ֖ה	c/l/7621	HC/R/Ncfsa
04mBn	Num.5.21	בְּ/ת֣וֹךְ	b/8432	HR/Ncmsc
04Ney	Num.5.21	עַמֵּ֑/ךְ	5971 a	HNcmsc/Sp2fs
042Bq	Num.5.21	בְּ/תֵ֨ת	b/5414	HR/Vqc
04nKy	Num.5.21	יְהוָ֤ה	3068	HNp
04aC7	Num.5.21	אֶת	853	HTo
04Sxm	Num.5.21	יְרֵכֵ/ךְ֙	3409	HNcfsc/Sp2fs
043Cx	Num.5.21	נֹפֶ֔לֶת	5307	HVqrfsa
0453W	Num.5.21	וְ/אֶת	c/853	HC/To
04nTK	Num.5.21	בִּטְנֵ֖/ךְ	990	HNcfsc/Sp2fs
04sBD	Num.5.21	צָבָֽה	6639	HAafsa
04ztw	Num.5.22	וּ֠/בָאוּ	c/935	HC/Vqq3cp
04jaw	Num.5.22	הַ/מַּ֨יִם	d/4325	HTd/Ncmpa
04zfC	Num.5.22	הַ/מְאָרְרִ֤ים	d/779	HTd/Vprmpa
04y6N	Num.5.22	הָ/אֵ֨לֶּה֙	d/428	HTd/Pdxcp
04cUK	Num.5.22	בְּֽ/מֵעַ֔יִ/ךְ	b/4578	HR/Ncmpc/Sp2fs
04F7R	Num.5.22	לַ/צְבּ֥וֹת	l/6638	HR/Vhc
04YQ7	Num.5.22	בֶּ֖טֶן	990	HNcfsa
045UP	Num.5.22	וְ/לַ/נְפִּ֣ל	c/l/5307	HC/R/Vhc
04cDe	Num.5.22	יָרֵ֑ךְ	3409	HNcfsa
04BtX	Num.5.22	וְ/אָמְרָ֥ה	c/559	HC/Vqq3fs
048bP	Num.5.22	הָ/אִשָּׁ֖ה	d/802	HTd/Ncfsa
04rbM	Num.5.22	אָמֵ֥ן	543	HD
04gcX	Num.5.22	אָמֵֽן	543	HD
04VzD	Num.5.23	וְ֠/כָתַב	c/3789	HC/Vqq3ms
04Lnv	Num.5.23	אֶת	853	HTo
04FN2	Num.5.23	הָ/אָלֹ֥ת	d/423	HTd/Ncfpa
04kTA	Num.5.23	הָ/אֵ֛לֶּה	d/428	HTd/Pdxcp
04bQM	Num.5.23	הַ/כֹּהֵ֖ן	d/3548	HTd/Ncmsa
04rRy	Num.5.23	בַּ/סֵּ֑פֶר	b/5612 a	HRd/Ncmsa
04HcR	Num.5.23	וּ/מָחָ֖ה	c/4229 a	HC/Vqq3ms
049vS	Num.5.23	אֶל	413	HR
04mbL	Num.5.23	מֵ֥י	4325	HNcmpc
044U9	Num.5.23	הַ/מָּרִֽים	d/4751	HTd/Aampa
04Vvg	Num.5.24	וְ/הִשְׁקָה֙	c/8248	HC/Vhq3ms
04oYz	Num.5.24	אֶת	853	HTo
04dD2	Num.5.24	הָ֣/אִשָּׁ֔ה	d/802	HTd/Ncfsa
042t9	Num.5.24	אֶת	853	HTo
04fou	Num.5.24	מֵ֥י	4325	HNcmpc
04DL4	Num.5.24	הַ/מָּרִ֖ים	d/4751	HTd/Aampa
04vkx	Num.5.24	הַ/מְאָֽרֲרִ֑ים	d/779	HTd/Vprmpa
04SdW	Num.5.24	וּ/בָ֥אוּ	c/935	HC/Vqq3cp
049jg	Num.5.24	בָ֛/הּ	b	HR/Sp3fs
04mAC	Num.5.24	הַ/מַּ֥יִם	d/4325	HTd/Ncmpa
04LKt	Num.5.24	הַֽ/מְאָרֲרִ֖ים	d/779	HTd/Vprmpa
04Q5x	Num.5.24	לְ/מָרִֽים	l/4751	HR/Aampa
04TaA	Num.5.25	וְ/לָקַ֤ח	c/3947	HC/Vqq3ms
044d7	Num.5.25	הַ/כֹּהֵן֙	d/3548	HTd/Ncmsa
04jMY	Num.5.25	מִ/יַּ֣ד	m/3027	HR/Ncbsc
04eip	Num.5.25	הָֽ/אִשָּׁ֔ה	d/802	HTd/Ncfsa
04jhu	Num.5.25	אֵ֖ת	853	HTo
042fr	Num.5.25	מִנְחַ֣ת	4503	HNcfsc
045Aa	Num.5.25	הַ/קְּנָאֹ֑ת	d/7068	HTd/Ncfpa
04zuz	Num.5.25	וְ/הֵנִ֤יף	c/5130 b	HC/Vhq3ms
04BTS	Num.5.25	אֶת	853	HTo
04Hdk	Num.5.25	הַ/מִּנְחָה֙	d/4503	HTd/Ncfsa
04tbG	Num.5.25	לִ/פְנֵ֣י	l/6440	HR/Ncbpc
048hT	Num.5.25	יְהוָ֔ה	3068	HNp
041EK	Num.5.25	וְ/הִקְרִ֥יב	c/7126	HC/Vhq3ms
04UYd	Num.5.25	אֹתָ֖/הּ	853	HTo/Sp3fs
04w2J	Num.5.25	אֶל	413	HR
04UcZ	Num.5.25	הַ/מִּזְבֵּֽחַ	d/4196	HTd/Ncmsa
04SZA	Num.5.26	וְ/קָמַ֨ץ	c/7061	HC/Vqq3ms
04WeX	Num.5.26	הַ/כֹּהֵ֤ן	d/3548	HTd/Ncmsa
04FoN	Num.5.26	מִן	4480 a	HR
04BK2	Num.5.26	הַ/מִּנְחָה֙	d/4503	HTd/Ncfsa
04qoQ	Num.5.26	אֶת	853	HTo
04DV4	Num.5.26	אַזְכָּ֣רָתָ֔/הּ	234	HNcfsc/Sp3fs
04iex	Num.5.26	וְ/הִקְטִ֖יר	c/6999 a	HC/Vhq3ms
04LMe	Num.5.26	הַ/מִּזְבֵּ֑חָ/ה	d/4196	HTd/Ncmsa/Sd
04zuk	Num.5.26	וְ/אַחַ֛ר	c/310 a	HC/D
045hm	Num.5.26	יַשְׁקֶ֥ה	8248	HVhi3ms
04a8a	Num.5.26	אֶת	853	HTo
04Avd	Num.5.26	הָ/אִשָּׁ֖ה	d/802	HTd/Ncfsa
046nG	Num.5.26	אֶת	853	HTo
04p6C	Num.5.26	הַ/מָּֽיִם	d/4325	HTd/Ncmpa
04Dn5	Num.5.27	וְ/הִשְׁקָ֣/הּ	c/8248	HC/Vhq3ms/Sp3fs
047mc	Num.5.27	אֶת	853	HTo
04icW	Num.5.27	הַ/מַּ֗יִם	d/4325	HTd/Ncmpa
04WQu	Num.5.27	וְ/הָיְתָ֣ה	c/1961	HC/Vqq3fs
04rMa	Num.5.27	אִֽם	518 a	HC
04H5x	Num.5.27	נִטְמְאָה֮	2930 a	HVNp3fs
04Lft	Num.5.27	וַ/תִּמְעֹ֣ל	c/4603	HC/Vqw3fs
04bTD	Num.5.27	מַ֣עַל	4604	HNcmsa
04W19	Num.5.27	בְּ/אִישָׁ/הּ֒	b/376	HR/Ncmsc/Sp3fs
04CUd	Num.5.27	וּ/בָ֨אוּ	c/935	HC/Vqq3cp
04dBb	Num.5.27	בָ֜/הּ	b	HR/Sp3fs
04oQH	Num.5.27	הַ/מַּ֤יִם	d/4325	HTd/Ncmpa
04FgV	Num.5.27	הַ/מְאָֽרֲרִים֙	d/779	HTd/Vprmpa
04sAH	Num.5.27	לְ/מָרִ֔ים	l/4751	HR/Aampa
04fPE	Num.5.27	וְ/צָבְתָ֣ה	c/6638	HC/Vqq3fs
04kFY	Num.5.27	בִטְנָ֔/הּ	990	HNcfsc/Sp3fs
04oVM	Num.5.27	וְ/נָפְלָ֖ה	c/5307	HC/Vqq3fs
04DD6	Num.5.27	יְרֵכָ֑/הּ	3409	HNcfsc/Sp3fs
04T6s	Num.5.27	וְ/הָיְתָ֧ה	c/1961	HC/Vqq3fs
04UTG	Num.5.27	הָ/אִשָּׁ֛ה	d/802	HTd/Ncfsa
04TjC	Num.5.27	לְ/אָלָ֖ה	l/423	HR/Ncfsa
04B7W	Num.5.27	בְּ/קֶ֥רֶב	b/7130	HR/Ncmsc
04ggZ	Num.5.27	עַמָּֽ/הּ	5971 a	HNcmsc/Sp3fs
04sDo	Num.5.28	וְ/אִם	c/518 a	HC/C
04hQe	Num.5.28	לֹ֤א	3808	HTn
04Fmq	Num.5.28	נִטְמְאָה֙	2930 a	HVNp3fs
044ga	Num.5.28	הָֽ/אִשָּׁ֔ה	d/802	HTd/Ncfsa
04qZF	Num.5.28	וּ/טְהֹרָ֖ה	c/2889	HC/Aafsa
04o7p	Num.5.28	הִ֑וא	1931	HPp3fs
04BQB	Num.5.28	וְ/נִקְּתָ֖ה	c/5352	HC/VNq3fs
04dbJ	Num.5.28	וְ/נִזְרְעָ֥ה	c/2232	HC/VNq3fs
045tL	Num.5.28	זָֽרַע	2233	HNcmsa
04Pj9	Num.5.29	זֹ֥את	2063	HPdxfs
04YJJ	Num.5.29	תּוֹרַ֖ת	8451	HNcfsc
043Kp	Num.5.29	הַ/קְּנָאֹ֑ת	d/7068	HTd/Ncfpa
04YWx	Num.5.29	אֲשֶׁ֨ר	834 a	HTr
04d4u	Num.5.29	תִּשְׂטֶ֥ה	7847	HVqi3fs
046vh	Num.5.29	אִשָּׁ֛ה	802	HNcfsa
04rLV	Num.5.29	תַּ֥חַת	8478	HR
04PfL	Num.5.29	אִישָׁ֖/הּ	376	HNcmsc/Sp3fs
04YQQ	Num.5.29	וְ/נִטְמָֽאָה	c/2930 a	HC/VNq3fs
04Dr2	Num.5.30	א֣וֹ	176 a	HC
04AAN	Num.5.30	אִ֗ישׁ	376	HNcmsa
04FAQ	Num.5.30	אֲשֶׁ֨ר	834 a	HTr
04bz3	Num.5.30	תַּעֲבֹ֥ר	5674 a	HVqi3fs
04VeC	Num.5.30	עָלָ֛י/ו	5921 a	HR/Sp3ms
04gEf	Num.5.30	ר֥וּחַ	7307	HNcbsc
041Vr	Num.5.30	קִנְאָ֖ה	7068	HNcfsa
04gUg	Num.5.30	וְ/קִנֵּ֣א	c/7065	HC/Vpq3ms
04xr5	Num.5.30	אֶת	853	HTo
04G11	Num.5.30	אִשְׁתּ֑/וֹ	802	HNcfsc/Sp3ms
04D9v	Num.5.30	וְ/הֶעֱמִ֤יד	c/5975	HC/Vhq3ms
04ZoM	Num.5.30	אֶת	853	HTo
04bCV	Num.5.30	הָֽ/אִשָּׁה֙	d/802	HTd/Ncfsa
04fVR	Num.5.30	לִ/פְנֵ֣י	l/6440	HR/Ncbpc
04aDa	Num.5.30	יְהוָ֔ה	3068	HNp
04ZXK	Num.5.30	וְ/עָ֤שָׂה	c/6213 a	HC/Vqq3ms
04frz	Num.5.30	לָ/הּ֙	l	HR/Sp3fs
04EPL	Num.5.30	הַ/כֹּהֵ֔ן	d/3548	HTd/Ncmsa
04zXD	Num.5.30	אֵ֥ת	853	HTo
044tD	Num.5.30	כָּל	3605	HNcmsc
0464m	Num.5.30	הַ/תּוֹרָ֖ה	d/8451	HTd/Ncfsa
04juf	Num.5.30	הַ/זֹּֽאת	d/2063	HTd/Pdxfs
041Wx	Num.5.31	וְ/נִקָּ֥ה	c/5352	HC/VNq3ms
04FjT	Num.5.31	הָ/אִ֖ישׁ	d/376	HTd/Ncmsa
04fFL	Num.5.31	מֵ/עָוֺ֑ן	m/5771	HR/Ncbsa
04iyy	Num.5.31	וְ/הָ/אִשָּׁ֣ה	c/d/802	HC/Td/Ncfsa
04fXN	Num.5.31	הַ/הִ֔וא	d/1931	HTd/Pp3fs
04L79	Num.5.31	תִּשָּׂ֖א	5375	HVqi3fs
042g9	Num.5.31	אֶת	853	HTo
04PUa	Num.5.31	עֲוֺנָֽ/הּ	5771	HNcbsc/Sp3fs
04r3q	Num.6.1	וַ/יְדַבֵּ֥ר	c/1696	HC/Vpw3ms
04i7e	Num.6.1	יְהוָ֖ה	3068	HNp
04Mem	Num.6.1	אֶל	413	HR
04wNK	Num.6.1	מֹשֶׁ֥ה	4872	HNp
04bwY	Num.6.1	לֵּ/אמֹֽר	l/559	HR/Vqc
045e6	Num.6.2	דַּבֵּר֙	1696	HVpv2ms
04yr6	Num.6.2	אֶל	413	HR
04ckn	Num.6.2	בְּנֵ֣י	1121 a	HNcmpc
04vA4	Num.6.2	יִשְׂרָאֵ֔ל	3478	HNp
04KEn	Num.6.2	וְ/אָמַרְתָּ֖	c/559	HC/Vqq2ms
04cPC	Num.6.2	אֲלֵ/הֶ֑ם	413	HR/Sp3mp
04Eoc	Num.6.2	אִ֣ישׁ	376	HNcmsa
04Pdv	Num.6.2	אֽוֹ	176 a	HC
04S7t	Num.6.2	אִשָּׁ֗ה	802	HNcfsa
048F2	Num.6.2	כִּ֤י	3588 a	HC
04T2K	Num.6.2	יַפְלִא֙	6381	HVhi3ms
04ouG	Num.6.2	לִ/נְדֹּר֙	l/5087	HR/Vqc
04xxG	Num.6.2	נֶ֣דֶר	5088	HNcmsc
04vin	Num.6.2	נָזִ֔יר	5139	HNcmsa
04KSD	Num.6.2	לְ/הַזִּ֖יר	l/5144 b	HR/Vhc
04Eiv	Num.6.2	לַֽ/יהוָֽה	l/3068	HR/Np
04xpK	Num.6.3	מִ/יַּ֤יִן	m/3196	HR/Ncmsa
04Nix	Num.6.3	וְ/שֵׁכָר֙	c/7941	HC/Ncmsa
04q1J	Num.6.3	יַזִּ֔יר	5144 b	HVhi3ms
04Vg9	Num.6.3	חֹ֥מֶץ	2558	HNcmsc
04642	Num.6.3	יַ֛יִן	3196	HNcmsa
04sWs	Num.6.3	וְ/חֹ֥מֶץ	c/2558	HC/Ncmsc
04mUy	Num.6.3	שֵׁכָ֖ר	7941	HNcmsa
04v3c	Num.6.3	לֹ֣א	3808	HTn
04m6p	Num.6.3	יִשְׁתֶּ֑ה	8354	HVqi3ms
04BZu	Num.6.3	וְ/כָל	c/3605	HC/Ncmsc
04bwe	Num.6.3	מִשְׁרַ֤ת	4952	HNcfsc
04AWj	Num.6.3	עֲנָבִים֙	6025	HNcmpa
04z96	Num.6.3	לֹ֣א	3808	HTn
04ufK	Num.6.3	יִשְׁתֶּ֔ה	8354	HVqi3ms
043CT	Num.6.3	וַ/עֲנָבִ֛ים	c/6025	HC/Ncmpa
04Uhd	Num.6.3	לַחִ֥ים	3892	HAampa
041i2	Num.6.3	וִ/יבֵשִׁ֖ים	c/3002	HC/Aampa
04Lzv	Num.6.3	לֹ֥א	3808	HTn
04Lun	Num.6.3	יֹאכֵֽל	398	HVqi3ms
04PbF	Num.6.4	כֹּ֖ל	3605	HNcmsc
04suR	Num.6.4	יְמֵ֣י	3117	HNcmpc
04LXw	Num.6.4	נִזְר֑/וֹ	5145	HNcmsc/Sp3ms
04una	Num.6.4	מִ/כֹּל֩	m/3605	HR/Ncmsa
04em6	Num.6.4	אֲשֶׁ֨ר	834 a	HTr
04157	Num.6.4	יֵעָשֶׂ֜ה	6213 a	HVNi3ms
04quT	Num.6.4	מִ/גֶּ֣פֶן	m/1612	HR/Ncbsc
046Vo	Num.6.4	הַ/יַּ֗יִן	d/3196	HTd/Ncmsa
04E91	Num.6.4	מֵ/חַרְצַנִּ֛ים	m/2785	HR/Ncmpa
043Cf	Num.6.4	וְ/עַד	c/5704	HC/R
04bsi	Num.6.4	זָ֖ג	2085	HNcmsa
04MWq	Num.6.4	לֹ֥א	3808	HTn
0434f	Num.6.4	יֹאכֵֽל	398	HVqi3ms
04aVY	Num.6.5	כָּל	3605	HNcmsc
04hNg	Num.6.5	יְמֵי֙	3117	HNcmpc
04G8o	Num.6.5	נֶ֣דֶר	5088	HNcmsc
043Gd	Num.6.5	נִזְר֔/וֹ	5145	HNcmsc/Sp3ms
04iWk	Num.6.5	תַּ֖עַר	8593	HNcbsa
04mCg	Num.6.5	לֹא	3808	HTn
04tq2	Num.6.5	יַעֲבֹ֣ר	5674 a	HVqi3ms
04V3N	Num.6.5	עַל	5921 a	HR
04hKH	Num.6.5	רֹאשׁ֑/וֹ	7218 a	HNcmsc/Sp3ms
04NHj	Num.6.5	עַד	5704	HR
04Pym	Num.6.5	מְלֹ֨את	4390	HVqc
04D5E	Num.6.5	הַ/יָּמִ֜ם	d/3117	HTd/Ncmpa
04rsU	Num.6.5	אֲשֶׁר	834 a	HTr
04nrb	Num.6.5	יַזִּ֤יר	5144 b	HVhi3ms
04hgT	Num.6.5	לַ/יהוָה֙	l/3068	HR/Np
04ycN	Num.6.5	קָדֹ֣שׁ	6918	HAamsa
048Zr	Num.6.5	יִהְיֶ֔ה	1961	HVqi3ms
04Lrg	Num.6.5	גַּדֵּ֥ל	1431	HVpc
041L6	Num.6.5	פֶּ֖רַע	6545	HNcmsc
04159	Num.6.5	שְׂעַ֥ר	8181	HNcmsc
04yeC	Num.6.5	רֹאשֽׁ/וֹ	7218 a	HNcmsc/Sp3ms
04Wj8	Num.6.6	כָּל	3605	HNcmsc
04reX	Num.6.6	יְמֵ֥י	3117	HNcmpc
04Lng	Num.6.6	הַזִּיר֖/וֹ	5144 b	HVhc/Sp3ms
04CzS	Num.6.6	לַ/יהוָ֑ה	l/3068	HR/Np
04RCv	Num.6.6	עַל	5921 a	HR
04x1h	Num.6.6	נֶ֥פֶשׁ	5315	HNcbsa
04YBK	Num.6.6	מֵ֖ת	4191	HVqrmsa
04GL3	Num.6.6	לֹ֥א	3808	HTn
04r2t	Num.6.6	יָבֹֽא	935	HVqi3ms
04rWe	Num.6.7	לְ/אָבִ֣י/ו	l/1	HR/Ncmsc/Sp3ms
04zto	Num.6.7	וּ/לְ/אִמּ֗/וֹ	c/l/517	HC/R/Ncfsc/Sp3ms
04pCR	Num.6.7	לְ/אָחִי/ו֙	l/251	HR/Ncmsc/Sp3ms
047YV	Num.6.7	וּ/לְ/אַ֣חֹת֔/וֹ	c/l/269	HC/R/Ncfsc/Sp3ms
04K4a	Num.6.7	לֹא	3808	HTn
04N17	Num.6.7	יִטַּמָּ֥א	2930 a	HVti3ms
043Nb	Num.6.7	לָ/הֶ֖ם	l	HR/Sp3mp
04AES	Num.6.7	בְּ/מֹתָ֑/ם	b/4194	HR/Ncmsc/Sp3mp
04hh3	Num.6.7	כִּ֛י	3588 a	HC
048xp	Num.6.7	נֵ֥זֶר	5145	HNcmsc
04wfD	Num.6.7	אֱלֹהָ֖י/ו	430	HNcmpc/Sp3ms
04Lka	Num.6.7	עַל	5921 a	HR
04irT	Num.6.7	רֹאשֽׁ/וֹ	7218 a	HNcmsc/Sp3ms
0422j	Num.6.8	כֹּ֖ל	3605	HNcmsc
042eE	Num.6.8	יְמֵ֣י	3117	HNcmpc
04sGR	Num.6.8	נִזְר֑/וֹ	5145	HNcmsc/Sp3ms
04FKm	Num.6.8	קָדֹ֥שׁ	6918	HAamsa
04eb4	Num.6.8	ה֖וּא	1931	HPp3ms
04fqb	Num.6.8	לַֽ/יהוָֽה	l/3068	HR/Np
04DUs	Num.6.9	וְ/כִֽי	c/3588 a	HC/C
04NwS	Num.6.9	יָמ֨וּת	4191	HVqi3ms
04SdY	Num.6.9	מֵ֤ת	4191	HVqrmsa
041bU	Num.6.9	עָלָי/ו֙	5921 a	HR/Sp3ms
04jno	Num.6.9	בְּ/פֶ֣תַע	b/6621	HR/Ncmsa
04E7d	Num.6.9	פִּתְאֹ֔ם	6597	HD
04z2B	Num.6.9	וְ/טִמֵּ֖א	c/2930 a	HC/Vpq3ms
04WGp	Num.6.9	רֹ֣אשׁ	7218 a	HNcmsc
04CRu	Num.6.9	נִזְר֑/וֹ	5145	HNcmsc/Sp3ms
04fwL	Num.6.9	וְ/גִלַּ֤ח	c/1548	HC/Vpq3ms
04FAr	Num.6.9	רֹאשׁ/וֹ֙	7218 a	HNcmsc/Sp3ms
04TtK	Num.6.9	בְּ/י֣וֹם	b/3117	HR/Ncmsc
04Bqs	Num.6.9	טָהֳרָת֔/וֹ	2893	HNcbsc/Sp3ms
04UA1	Num.6.9	בַּ/יּ֥וֹם	b/3117	HRd/Ncmsa
04gLR	Num.6.9	הַ/שְּׁבִיעִ֖י	d/7637	HTd/Aomsa
04T3A	Num.6.9	יְגַלְּחֶֽ/נּוּ	1548	HVpi3ms/Sp3ms
04tvs	Num.6.10	וּ/בַ/יּ֣וֹם	c/b/3117	HC/Rd/Ncmsa
04gbJ	Num.6.10	הַ/שְּׁמִינִ֗י	d/8066	HTd/Aomsa
04pr6	Num.6.10	יָבִא֙	935	HVhi3ms
04T9M	Num.6.10	שְׁתֵּ֣י	8147	HAcfdc
04P1q	Num.6.10	תֹרִ֔ים	8449	HNcbpa
04LYS	Num.6.10	א֥וֹ	176 a	HC
04SKN	Num.6.10	שְׁנֵ֖י	8147	HAcmdc
04BbD	Num.6.10	בְּנֵ֣י	1121 a	HNcmpc
04VEJ	Num.6.10	יוֹנָ֑ה	3123	HNcfsa
04yhg	Num.6.10	אֶל	413	HR
04T7C	Num.6.10	הַ/כֹּהֵ֔ן	d/3548	HTd/Ncmsa
04smW	Num.6.10	אֶל	413	HR
04DB1	Num.6.10	פֶּ֖תַח	6607	HNcmsc
04Uz3	Num.6.10	אֹ֥הֶל	168	HNcmsc
047xd	Num.6.10	מוֹעֵֽד	4150	HNcmsa
04We7	Num.6.11	וְ/עָשָׂ֣ה	c/6213 a	HC/Vqq3ms
04ab8	Num.6.11	הַ/כֹּהֵ֗ן	d/3548	HTd/Ncmsa
04umg	Num.6.11	אֶחָ֤ד	259	HAcmsa
04DQn	Num.6.11	לְ/חַטָּאת֙	l/2403 b	HR/Ncfsa
04Pv1	Num.6.11	וְ/אֶחָ֣ד	c/259	HC/Acmsa
04qti	Num.6.11	לְ/עֹלָ֔ה	l/5930 a	HR/Ncfsa
04y7b	Num.6.11	וְ/כִפֶּ֣ר	c/3722 a	HC/Vpq3ms
04mPV	Num.6.11	עָלָ֔י/ו	5921 a	HR/Sp3ms
04X7Q	Num.6.11	מֵ/אֲשֶׁ֥ר	m/834 c	HR/Tr
04Ls7	Num.6.11	חָטָ֖א	2398	HVqp3ms
04pbK	Num.6.11	עַל	5921 a	HR
04bd9	Num.6.11	הַ/נָּ֑פֶשׁ	d/5315	HTd/Ncbsa
0466B	Num.6.11	וְ/קִדַּ֥שׁ	c/6942	HC/Vpq3ms
04UxB	Num.6.11	אֶת	853	HTo
04EQ6	Num.6.11	רֹאשׁ֖/וֹ	7218 a	HNcmsc/Sp3ms
04Hsg	Num.6.11	בַּ/יּ֥וֹם	b/3117	HRd/Ncmsa
04CV5	Num.6.11	הַ/הֽוּא	d/1931	HTd/Pp3ms
04KuH	Num.6.12	וְ/הִזִּ֤יר	c/5144 b	HC/Vhq3ms
04174	Num.6.12	לַֽ/יהוָה֙	l/3068	HR/Np
04Nyn	Num.6.12	אֶת	853	HTo
04L6v	Num.6.12	יְמֵ֣י	3117	HNcmpc
04mn4	Num.6.12	נִזְר֔/וֹ	5145	HNcmsc/Sp3ms
04Sga	Num.6.12	וְ/הֵבִ֛יא	c/935	HC/Vhq3ms
04zPm	Num.6.12	כֶּ֥בֶשׂ	3532	HNcmsa
04dP1	Num.6.12	בֶּן	1121 a	HNcmsc
04G4w	Num.6.12	שְׁנָת֖/וֹ	8141	HNcfsc/Sp3ms
04bsJ	Num.6.12	לְ/אָשָׁ֑ם	l/817	HR/Ncmsa
04WFx	Num.6.12	וְ/הַ/יָּמִ֤ים	c/d/3117	HC/Td/Ncmpa
04fnp	Num.6.12	הָ/רִאשֹׁנִים֙	d/7223	HTd/Aampa
0431T	Num.6.12	יִפְּל֔וּ	5307	HVqi3mp
04CPt	Num.6.12	כִּ֥י	3588 a	HC
04beX	Num.6.12	טָמֵ֖א	2930 a	HVqp3ms
04RAc	Num.6.12	נִזְרֽ/וֹ	5145	HNcmsc/Sp3ms
041AV	Num.6.13	וְ/זֹ֥את	c/2063	HC/Pdxfs
044TA	Num.6.13	תּוֹרַ֖ת	8451	HNcfsc
04Dxr	Num.6.13	הַ/נָּזִ֑יר	d/5139	HTd/Ncmsa
04Xre	Num.6.13	בְּ/י֗וֹם	b/3117	HR/Ncmsa
049xv	Num.6.13	מְלֹאת֙	4390	HVqc
04wci	Num.6.13	יְמֵ֣י	3117	HNcmpc
04MpA	Num.6.13	נִזְר֔/וֹ	5145	HNcmsc/Sp3ms
04Una	Num.6.13	יָבִ֣יא	935	HVhi3ms
04jgC	Num.6.13	אֹת֔/וֹ	853	HTo/Sp3ms
04EC9	Num.6.13	אֶל	413	HR
04Ati	Num.6.13	פֶּ֖תַח	6607	HNcmsc
04BDF	Num.6.13	אֹ֥הֶל	168	HNcmsc
04cw6	Num.6.13	מוֹעֵֽד	4150	HNcmsa
04xcg	Num.6.14	וְ/הִקְרִ֣יב	c/7126	HC/Vhq3ms
043hZ	Num.6.14	אֶת	853	HTo
04Gh2	Num.6.14	קָרְבָּנ֣/וֹ	7133 a	HNcmsc/Sp3ms
04tTX	Num.6.14	לַ/יהוָ֡ה	l/3068	HR/Np
04Khz	Num.6.14	כֶּבֶשׂ֩	3532	HNcmsa
04A9P	Num.6.14	בֶּן	1121 a	HNcmsc
04kHE	Num.6.14	שְׁנָת֨/וֹ	8141	HNcfsc/Sp3ms
043yK	Num.6.14	תָמִ֤ים	8549	HAamsa
048ib	Num.6.14	אֶחָד֙	259	HAcmsa
04cZW	Num.6.14	לְ/עֹלָ֔ה	l/5930 a	HR/Ncfsa
04qur	Num.6.14	וְ/כַבְשָׂ֨ה	c/3535	HC/Ncfsa
04kHk	Num.6.14	אַחַ֧ת	259	HAcfsa
046Dh	Num.6.14	בַּת	1323	HNcfsc
04oAs	Num.6.14	שְׁנָתָ֛/הּ	8141	HNcfsc/Sp3fs
049eG	Num.6.14	תְּמִימָ֖ה	8549	HAafsa
04PZV	Num.6.14	לְ/חַטָּ֑את	l/2403 b	HR/Ncfsa
04GDR	Num.6.14	וְ/אַֽיִל	c/352 a	HC/Ncmsa
0483x	Num.6.14	אֶחָ֥ד	259	HAcmsa
04JGH	Num.6.14	תָּמִ֖ים	8549	HAamsa
04XV5	Num.6.14	לִ/שְׁלָמִֽים	l/8002	HR/Ncmpa
049Xx	Num.6.15	וְ/סַ֣ל	c/5536	HC/Ncmsc
04hrb	Num.6.15	מַצּ֗וֹת	4682	HNcfpa
041hG	Num.6.15	סֹ֤לֶת	5560	HNcfsc
04qmG	Num.6.15	חַלֹּת֙	2471	HNcfpa
04VX8	Num.6.15	בְּלוּלֹ֣ת	1101 a	HVqsfpa
049yf	Num.6.15	בַּ/שֶּׁ֔מֶן	b/8081	HRd/Ncmsa
044wk	Num.6.15	וּ/רְקִיקֵ֥י	c/7550	HC/Ncmpc
04wip	Num.6.15	מַצּ֖וֹת	4682	HNcfpa
04cyY	Num.6.15	מְשֻׁחִ֣ים	4886	HVqsmpa
04vHx	Num.6.15	בַּ/שָּׁ֑מֶן	b/8081	HRd/Ncmsa
04FX1	Num.6.15	וּ/מִנְחָתָ֖/ם	c/4503	HC/Ncfsc/Sp3mp
04eb2	Num.6.15	וְ/נִסְכֵּי/הֶֽם	c/5262	HC/Ncmpc/Sp3mp
04c6H	Num.6.16	וְ/הִקְרִ֥יב	c/7126	HC/Vhq3ms
04aZW	Num.6.16	הַ/כֹּהֵ֖ן	d/3548	HTd/Ncmsa
045aX	Num.6.16	לִ/פְנֵ֣י	l/6440	HR/Ncbpc
04U87	Num.6.16	יְהוָ֑ה	3068	HNp
04NqP	Num.6.16	וְ/עָשָׂ֥ה	c/6213 a	HC/Vqq3ms
04mnj	Num.6.16	אֶת	853	HTo
043KS	Num.6.16	חַטָּאת֖/וֹ	2403 b	HNcfsc/Sp3ms
04MZD	Num.6.16	וְ/אֶת	c/853	HC/To
048qW	Num.6.16	עֹלָתֽ/וֹ	5930 a	HNcfsc/Sp3ms
04FvR	Num.6.17	וְ/אֶת	c/853	HC/To
04G9D	Num.6.17	הָ/אַ֜יִל	d/352 a	HTd/Ncmsa
04VL7	Num.6.17	יַעֲשֶׂ֨ה	6213 a	HVqi3ms
046Zy	Num.6.17	זֶ֤בַח	2077	HNcmsc
04S9D	Num.6.17	שְׁלָמִים֙	8002	HNcmpa
04PJd	Num.6.17	לַֽ/יהוָ֔ה	l/3068	HR/Np
04nWN	Num.6.17	עַ֖ל	5921 a	HR
04Jus	Num.6.17	סַ֣ל	5536	HNcmsc
04WyJ	Num.6.17	הַ/מַּצּ֑וֹת	d/4682	HTd/Ncfpa
04AS9	Num.6.17	וְ/עָשָׂה֙	c/6213 a	HC/Vqq3ms
04Kp3	Num.6.17	הַ/כֹּהֵ֔ן	d/3548	HTd/Ncmsa
049db	Num.6.17	אֶת	853	HTo
04o7X	Num.6.17	מִנְחָת֖/וֹ	4503	HNcfsc/Sp3ms
04WoY	Num.6.17	וְ/אֶת	c/853	HC/To
041bu	Num.6.17	נִסְכּֽ/וֹ	5262	HNcmsc/Sp3ms
04cWZ	Num.6.18	וְ/גִלַּ֣ח	c/1548	HC/Vpq3ms
04c5u	Num.6.18	הַ/נָּזִ֗יר	d/5139	HTd/Ncmsa
04LeR	Num.6.18	פֶּ֛תַח	6607	HNcmsc
04vkF	Num.6.18	אֹ֥הֶל	168	HNcmsc
04skP	Num.6.18	מוֹעֵ֖ד	4150	HNcmsa
04MnR	Num.6.18	אֶת	853	HTo
046Ze	Num.6.18	רֹ֣אשׁ	7218 a	HNcmsc
04oeq	Num.6.18	נִזְר֑/וֹ	5145	HNcmsc/Sp3ms
04XJ4	Num.6.18	וְ/לָקַ֗ח	c/3947	HC/Vqq3ms
04VLE	Num.6.18	אֶת	853	HTo
04RRT	Num.6.18	שְׂעַר֙	8181	HNcmsc
041WQ	Num.6.18	רֹ֣אשׁ	7218 a	HNcmsc
04GpM	Num.6.18	נִזְר֔/וֹ	5145	HNcmsc/Sp3ms
04sbU	Num.6.18	וְ/נָתַן֙	c/5414	HC/Vqq3ms
04WbS	Num.6.18	עַל	5921 a	HR
04JSM	Num.6.18	הָ/אֵ֔שׁ	d/784	HTd/Ncbsa
04LLT	Num.6.18	אֲשֶׁר	834 a	HTr
049QD	Num.6.18	תַּ֖חַת	8478	HR
04Wuu	Num.6.18	זֶ֥בַח	2077	HNcmsc
04Pyy	Num.6.18	הַ/שְּׁלָמִֽים	d/8002	HTd/Ncmpa
04pqj	Num.6.19	וְ/לָקַ֨ח	c/3947	HC/Vqq3ms
042yD	Num.6.19	הַ/כֹּהֵ֜ן	d/3548	HTd/Ncmsa
04ydy	Num.6.19	אֶת	853	HTo
04Au7	Num.6.19	הַ/זְּרֹ֣עַ	d/2220	HTd/Ncbsa
04GwZ	Num.6.19	בְּשֵׁלָה֮	1311	HAafsa
04dXD	Num.6.19	מִן	4480 a	HR
043Wn	Num.6.19	הָ/אַיִל֒	d/352 a	HTd/Ncmsa
046dK	Num.6.19	וְֽ/חַלַּ֨ת	c/2471	HC/Ncfsc
04sKp	Num.6.19	מַצָּ֤ה	4682	HNcfsa
04icY	Num.6.19	אַחַת֙	259	HAcfsa
04bVT	Num.6.19	מִן	4480 a	HR
04Vdb	Num.6.19	הַ/סַּ֔ל	d/5536	HTd/Ncmsa
04GEn	Num.6.19	וּ/רְקִ֥יק	c/7550	HC/Ncmsc
04JcF	Num.6.19	מַצָּ֖ה	4682	HNcfsa
04GWd	Num.6.19	אֶחָ֑ד	259	HAcmsa
04S7b	Num.6.19	וְ/נָתַן֙	c/5414	HC/Vqq3ms
04FMA	Num.6.19	עַל	5921 a	HR
047jb	Num.6.19	כַּפֵּ֣י	3709	HNcfdc
04acY	Num.6.19	הַ/נָּזִ֔יר	d/5139	HTd/Ncmsa
04kuq	Num.6.19	אַחַ֖ר	310 a	HR
0476D	Num.6.19	הִֽתְגַּלְּח֥/וֹ	1548	HVtc/Sp3ms
04sYV	Num.6.19	אֶת	853	HTo
04fgo	Num.6.19	נִזְרֽ/וֹ	5145	HNcmsc/Sp3ms
04C3i	Num.6.20	וְ/הֵנִיף֩	c/5130 b	HC/Vhq3ms
04K31	Num.6.20	אוֹתָ֨/ם	853	HTo/Sp3mp
04Mxg	Num.6.20	הַ/כֹּהֵ֥ן	d/3548	HTd/Ncmsa
04UVY	Num.6.20	תְּנוּפָה֮	8573	HNcfsa
04ive	Num.6.20	לִ/פְנֵ֣י	l/6440	HR/Ncbpc
04m9N	Num.6.20	יְהוָה֒	3068	HNp
04Gyf	Num.6.20	קֹ֤דֶשׁ	6944	HNcmsa
04j6U	Num.6.20	הוּא֙	1931	HPp3ms
04T8G	Num.6.20	לַ/כֹּהֵ֔ן	l/3548	HRd/Ncmsa
04h69	Num.6.20	עַ֚ל	5921 a	HR
04Hpm	Num.6.20	חֲזֵ֣ה	2373	HNcmsc
04U2e	Num.6.20	הַ/תְּנוּפָ֔ה	d/8573	HTd/Ncfsa
04UaK	Num.6.20	וְ/עַ֖ל	c/5921 a	HC/R
04FLe	Num.6.20	שׁ֣וֹק	7785	HNcfsc
04TjF	Num.6.20	הַ/תְּרוּמָ֑ה	d/8641	HTd/Ncfsa
04tFS	Num.6.20	וְ/אַחַ֛ר	c/310 a	HC/D
04wv4	Num.6.20	יִשְׁתֶּ֥ה	8354	HVqi3ms
041QE	Num.6.20	הַ/נָּזִ֖יר	d/5139	HTd/Ncmsa
04HFk	Num.6.20	יָֽיִן	3196	HNcmsa
04bMt	Num.6.21	זֹ֣את	2063	HPdxfs
04fjp	Num.6.21	תּוֹרַ֣ת	8451	HNcfsc
04hSe	Num.6.21	הַ/נָּזִיר֮	d/5139	HTd/Ncmsa
04JDi	Num.6.21	אֲשֶׁ֣ר	834 a	HTr
04pLR	Num.6.21	יִדֹּר֒	5087	HVqi3ms
04UUk	Num.6.21	קָרְבָּנ֤/וֹ	7133 a	HNcmsc/Sp3ms
04FGD	Num.6.21	לַֽ/יהוָה֙	l/3068	HR/Np
04cjX	Num.6.21	עַל	5921 a	HR
04BD2	Num.6.21	נִזְר֔/וֹ	5145	HNcmsc/Sp3ms
04fQf	Num.6.21	מִ/לְּ/בַ֖ד	m/l/905	HR/R/Ncmsc
04cFY	Num.6.21	אֲשֶׁר	834 a	HTr
04czF	Num.6.21	תַּשִּׂ֣יג	5381	HVhi3fs
04BK6	Num.6.21	יָד֑/וֹ	3027	HNcbsc/Sp3ms
04drG	Num.6.21	כְּ/פִ֤י	k/6310	HR/Ncmsc
04tUv	Num.6.21	נִדְר/וֹ֙	5088	HNcmsc/Sp3ms
04VQ4	Num.6.21	אֲשֶׁ֣ר	834 a	HTr
04S5J	Num.6.21	יִדֹּ֔ר	5087	HVqi3ms
04bwb	Num.6.21	כֵּ֣ן	3651 c	HTm
04gNm	Num.6.21	יַעֲשֶׂ֔ה	6213 a	HVqi3ms
04ZtA	Num.6.21	עַ֖ל	5921 a	HR
04u1F	Num.6.21	תּוֹרַ֥ת	8451	HNcfsc
04agt	Num.6.21	נִזְרֽ/וֹ	5145	HNcmsc/Sp3ms
04csz	Num.6.22	וַ/יְדַבֵּ֥ר	c/1696	HC/Vpw3ms
04wNM	Num.6.22	יְהוָ֖ה	3068	HNp
04rRN	Num.6.22	אֶל	413	HR
04Ade	Num.6.22	מֹשֶׁ֥ה	4872	HNp
04KH4	Num.6.22	לֵּ/אמֹֽר	l/559	HR/Vqc
04kAt	Num.6.23	דַּבֵּ֤ר	1696	HVpv2ms
04JGi	Num.6.23	אֶֽל	413	HR
04KWf	Num.6.23	אַהֲרֹן֙	175	HNp
04mD6	Num.6.23	וְ/אֶל	c/413	HC/R
04xhB	Num.6.23	בָּנָ֣י/ו	1121 a	HNcmpc/Sp3ms
0475Z	Num.6.23	לֵ/אמֹ֔ר	l/559	HR/Vqc
04vHP	Num.6.23	כֹּ֥ה	3541	HD
04CmX	Num.6.23	תְבָרֲכ֖וּ	1288	HVpi2mp
04rpF	Num.6.23	אֶת	853	HTo
0417V	Num.6.23	בְּנֵ֣י	1121 a	HNcmpc
04qbi	Num.6.23	יִשְׂרָאֵ֑ל	3478	HNp
04WH5	Num.6.23	אָמ֖וֹר	559	HVqa
04Wu9	Num.6.23	לָ/הֶֽם	l	HR/Sp3mp
04Wfj	Num.6.24	יְבָרֶכְ/ךָ֥	1288	HVpj3ms/Sp2ms
04MRr	Num.6.24	יְהוָ֖ה	3068	HNp
04d46	Num.6.24	וְ/יִשְׁמְרֶֽ/ךָ	c/8104	HC/Vqj3ms/Sp2ms
04vGY	Num.6.25	יָאֵ֨ר	215	HVhj3ms
04MDm	Num.6.25	יְהוָ֧ה	3068	HNp
04dCq	Num.6.25	פָּנָ֛י/ו	6440	HNcbpc/Sp3ms
04cAA	Num.6.25	אֵלֶ֖י/ךָ	413	HR/Sp2ms
04UYM	Num.6.25	וִֽ/יחֻנֶּֽ/ךָּ	c/2603 a	HC/Vqj3ms/Sp2ms
04NZQ	Num.6.26	יִשָּׂ֨א	5375	HVqj3ms
04afe	Num.6.26	יְהוָ֤ה	3068	HNp
04jFT	Num.6.26	פָּנָי/ו֙	6440	HNcbpc/Sp3ms
04VEv	Num.6.26	אֵלֶ֔י/ךָ	413	HR/Sp2ms
04dWK	Num.6.26	וְ/יָשֵׂ֥ם	c/7760 a	HC/Vqj3ms
04MeB	Num.6.26	לְ/ךָ֖	l	HR/Sp2ms
04kAx	Num.6.26	שָׁלֽוֹם	7965	HNcmsa
04cC6	Num.6.27	וְ/שָׂמ֥וּ	c/7760 a	HC/Vqq3cp
04AoQ	Num.6.27	אֶת	853	HTo
04TQ4	Num.6.27	שְׁמִ֖/י	8034	HNcmsc/Sp1cs
04pM2	Num.6.27	עַל	5921 a	HR
04fTE	Num.6.27	בְּנֵ֣י	1121 a	HNcmpc
04BxX	Num.6.27	יִשְׂרָאֵ֑ל	3478	HNp
043b7	Num.6.27	וַ/אֲנִ֖י	c/589	HC/Pp1cs
0462B	Num.6.27	אֲבָרֲכֵֽ/ם	1288	HVpi1cs/Sp3mp
04MnE	Num.7.1	וַ/יְהִ֡י	c/1961	HC/Vqw3ms
045dP	Num.7.1	בְּ/יוֹם֩	b/3117	HR/Ncmsc
04sJH	Num.7.1	כַּלּ֨וֹת	3615	HVpc
04Wke	Num.7.1	מֹשֶׁ֜ה	4872	HNp
048Vg	Num.7.1	לְ/הָקִ֣ים	l/6965 b	HR/Vhc
04NwX	Num.7.1	אֶת	853	HTo
04VVb	Num.7.1	הַ/מִּשְׁכָּ֗ן	d/4908	HTd/Ncmsa
04BJi	Num.7.1	וַ/יִּמְשַׁ֨ח	c/4886	HC/Vqw3ms
04dp9	Num.7.1	אֹת֜/וֹ	853	HTo/Sp3ms
04ERi	Num.7.1	וַ/יְקַדֵּ֤שׁ	c/6942	HC/Vpw3ms
04riL	Num.7.1	אֹת/וֹ֙	853	HTo/Sp3ms
04qeW	Num.7.1	וְ/אֶת	c/853	HC/To
042Cm	Num.7.1	כָּל	3605	HNcmsc
04juK	Num.7.1	כֵּלָ֔י/ו	3627	HNcmpc/Sp3ms
04CyD	Num.7.1	וְ/אֶת	c/853	HC/To
04CuU	Num.7.1	הַ/מִּזְבֵּ֖חַ	d/4196	HTd/Ncmsa
04fge	Num.7.1	וְ/אֶת	c/853	HC/To
046Q1	Num.7.1	כָּל	3605	HNcmsc
04zHR	Num.7.1	כֵּלָ֑י/ו	3627	HNcmpc/Sp3ms
04tip	Num.7.1	וַ/יִּמְשָׁחֵ֖/ם	c/4886	HC/Vqw3ms/Sp3mp
04KkZ	Num.7.1	וַ/יְקַדֵּ֥שׁ	c/6942	HC/Vpw3ms
04hTx	Num.7.1	אֹתָֽ/ם	853	HTo/Sp3mp
04ZqW	Num.7.2	וַ/יַּקְרִ֨יבוּ֙	c/7126	HC/Vhw3mp
04kWc	Num.7.2	נְשִׂיאֵ֣י	5387 a	HNcmpc
04gXQ	Num.7.2	יִשְׂרָאֵ֔ל	3478	HNp
04qr9	Num.7.2	רָאשֵׁ֖י	7218 a	HNcmpc
04TFW	Num.7.2	בֵּ֣ית	1004 b	HNcmsc
042cg	Num.7.2	אֲבֹתָ֑/ם	1	HNcmpc/Sp3mp
04G6q	Num.7.2	הֵ֚ם	1992	HPp3mp
04E2j	Num.7.2	נְשִׂיאֵ֣י	5387 a	HNcmpc
04tXV	Num.7.2	הַ/מַּטֹּ֔ת	d/4294	HTd/Ncmpa
047Ee	Num.7.2	הֵ֥ם	1992	HPp3mp
044LF	Num.7.2	הָ/עֹמְדִ֖ים	d/5975	HTd/Vqrmpa
048Ur	Num.7.2	עַל	5921 a	HR
04UB3	Num.7.2	הַ/פְּקֻדִֽים	d/6485 a	HTd/Vqsmpa
045iK	Num.7.3	וַ/יָּבִ֨יאוּ	c/935	HC/Vhw3mp
04Der	Num.7.3	אֶת	853	HTo
04e1m	Num.7.3	קָרְבָּנָ֜/ם	7133 a	HNcmsc/Sp3mp
04JA6	Num.7.3	לִ/פְנֵ֣י	l/6440	HR/Ncbpc
04ZJi	Num.7.3	יְהוָ֗ה	3068	HNp
04gKV	Num.7.3	שֵׁשׁ	8337	HAcfsa
044qd	Num.7.3	עֶגְלֹ֥ת	5699	HNcfpc
04LEv	Num.7.3	צָב֙	6632 a	HNcmsa
04N84	Num.7.3	וּ/שְׁנֵ֣י	c/8147	HC/Acmdc
04rBZ	Num.7.3	עָשָׂ֣ר	6240	HAcmsa
04uki	Num.7.3	בָּקָ֔ר	1241	HNcbsa
04uaL	Num.7.3	עֲגָלָ֛ה	5699	HNcfsa
047ay	Num.7.3	עַל	5921 a	HR
04VmT	Num.7.3	שְׁנֵ֥י	8147	HAcmdc
04f8e	Num.7.3	הַ/נְּשִׂאִ֖ים	d/5387 a	HTd/Ncmpa
04rZF	Num.7.3	וְ/שׁ֣וֹר	c/7794	HC/Ncmsa
04HRi	Num.7.3	לְ/אֶחָ֑ד	l/259	HR/Acmsa
04cpy	Num.7.3	וַ/יַּקְרִ֥יבוּ	c/7126	HC/Vhw3mp
04N1Q	Num.7.3	אוֹתָ֖/ם	853	HTo/Sp3mp
04g1a	Num.7.3	לִ/פְנֵ֥י	l/6440	HR/Ncbpc
04sKY	Num.7.3	הַ/מִּשְׁכָּֽן	d/4908	HTd/Ncmsa
04CQw	Num.7.4	וַ/יֹּ֥אמֶר	c/559	HC/Vqw3ms
04C3C	Num.7.4	יְהוָ֖ה	3068	HNp
04bgL	Num.7.4	אֶל	413	HR
04NPP	Num.7.4	מֹשֶׁ֥ה	4872	HNp
04son	Num.7.4	לֵּ/אמֹֽר	l/559	HR/Vqc
04g5s	Num.7.5	קַ֚ח	3947	HVqv2ms
04xyw	Num.7.5	מֵֽ/אִתָּ֔/ם	m/854	HR/R/Sp3mp
04UeH	Num.7.5	וְ/הָי֕וּ	c/1961	HC/Vqq3cp
04LdR	Num.7.5	לַ/עֲבֹ֕ד	l/5647	HR/Vqc
04LmR	Num.7.5	אֶת	853	HTo
04NJs	Num.7.5	עֲבֹדַ֖ת	5656	HNcfsc
04AjX	Num.7.5	אֹ֣הֶל	168	HNcmsc
044wq	Num.7.5	מוֹעֵ֑ד	4150	HNcmsa
04Xv2	Num.7.5	וְ/נָתַתָּ֤ה	c/5414	HC/Vqq2ms
04sVg	Num.7.5	אוֹתָ/ם֙	853	HTo/Sp3mp
04qDj	Num.7.5	אֶל	413	HR
04A47	Num.7.5	הַ/לְוִיִּ֔ם	d/3881	HTd/Ngmpa
04zoe	Num.7.5	אִ֖ישׁ	376	HNcmsa
04hNP	Num.7.5	כְּ/פִ֥י	k/6310	HR/Ncmsc
04vwy	Num.7.5	עֲבֹדָתֽ/וֹ	5656	HNcfsc/Sp3ms
04grp	Num.7.6	וַ/יִּקַּ֣ח	c/3947	HC/Vqw3ms
0462m	Num.7.6	מֹשֶׁ֔ה	4872	HNp
043iU	Num.7.6	אֶת	853	HTo
04VM7	Num.7.6	הָ/עֲגָלֹ֖ת	d/5699	HTd/Ncfpa
04MLL	Num.7.6	וְ/אֶת	c/853	HC/To
044Gd	Num.7.6	הַ/בָּקָ֑ר	d/1241	HTd/Ncbsa
04KJT	Num.7.6	וַ/יִּתֵּ֥ן	c/5414	HC/Vqw3ms
04usd	Num.7.6	אוֹתָ֖/ם	853	HTo/Sp3mp
041WV	Num.7.6	אֶל	413	HR
04BBr	Num.7.6	הַ/לְוִיִּֽם	d/3881	HTd/Ngmpa
04mUf	Num.7.7	אֵ֣ת	853	HTo
04KL5	Num.7.7	שְׁתֵּ֣י	8147	HAcfdc
04ry1	Num.7.7	הָ/עֲגָלֹ֗ת	d/5699	HTd/Ncfpa
04C5C	Num.7.7	וְ/אֵת֙	c/853	HC/To
04hY2	Num.7.7	אַרְבַּ֣עַת	702	HAcmsc
04dNn	Num.7.7	הַ/בָּקָ֔ר	d/1241	HTd/Ncbsa
04T9N	Num.7.7	נָתַ֖ן	5414	HVqp3ms
04Fig	Num.7.7	לִ/בְנֵ֣י	l/1121 a	HR/Ncmpc
04h9t	Num.7.7	גֵרְשׁ֑וֹן	1648	HNp
046vs	Num.7.7	כְּ/פִ֖י	k/6310	HR/Ncmsc
04Neq	Num.7.7	עֲבֹדָתָֽ/ם	5656	HNcfsc/Sp3mp
04ESF	Num.7.8	וְ/אֵ֣ת	c/853	HC/To
044Rb	Num.7.8	אַרְבַּ֣ע	702	HAcfsa
04f3R	Num.7.8	הָ/עֲגָלֹ֗ת	d/5699	HTd/Ncfpa
04eYe	Num.7.8	וְ/אֵת֙	c/853	HC/To
04tse	Num.7.8	שְׁמֹנַ֣ת	8083	HAcmsc
04T7X	Num.7.8	הַ/בָּקָ֔ר	d/1241	HTd/Ncbsa
04Ao9	Num.7.8	נָתַ֖ן	5414	HVqp3ms
04dNk	Num.7.8	לִ/בְנֵ֣י	l/1121 a	HR/Ncmpc
046Vu	Num.7.8	מְרָרִ֑י	4847	HNp
04UqP	Num.7.8	כְּ/פִי֙	k/6310	HR/Ncmsc
04y9h	Num.7.8	עֲבֹ֣דָתָ֔/ם	5656	HNcfsc/Sp3mp
041wY	Num.7.8	בְּ/יַד֙	b/3027	HR/Ncbsc
04eab	Num.7.8	אִֽיתָמָ֔ר	385	HNp
04woG	Num.7.8	בֶּֽן	1121 a	HNcmsc
049sB	Num.7.8	אַהֲרֹ֖ן	175	HNp
04Sgi	Num.7.8	הַ/כֹּהֵֽן	d/3548	HTd/Ncmsa
04CEB	Num.7.9	וְ/לִ/בְנֵ֥י	c/l/1121 a	HC/R/Ncmpc
042MH	Num.7.9	קְהָ֖ת	6955	HNp
04mz9	Num.7.9	לֹ֣א	3808	HTn
04HHZ	Num.7.9	נָתָ֑ן	5414	HVqp3ms
04JA2	Num.7.9	כִּֽי	3588 a	HC
04Scx	Num.7.9	עֲבֹדַ֤ת	5656	HNcfsc
04gFo	Num.7.9	הַ/קֹּ֨דֶשׁ֙	d/6944	HTd/Ncmsa
046MJ	Num.7.9	עֲלֵ/הֶ֔ם	5921 a	HR/Sp3mp
04ybQ	Num.7.9	בַּ/כָּתֵ֖ף	b/3802	HRd/Ncfsa
0446t	Num.7.9	יִשָּֽׂאוּ	5375	HVqi3mp
04vWK	Num.7.10	וַ/יַּקְרִ֣יבוּ	c/7126	HC/Vhw3mp
04B91	Num.7.10	הַ/נְּשִׂאִ֗ים	d/5387 a	HTd/Ncmpa
04GeY	Num.7.10	אֵ֚ת	853	HTo
04WDj	Num.7.10	חֲנֻכַּ֣ת	2598	HNcfsc
04HnC	Num.7.10	הַ/מִּזְבֵּ֔חַ	d/4196	HTd/Ncmsa
04y8y	Num.7.10	בְּ/י֖וֹם	b/3117	HR/Ncmsa
04b5P	Num.7.10	הִמָּשַׁ֣ח	4886	HVNc
04adv	Num.7.10	אֹת֑/וֹ	853	HTo/Sp3ms
04tpc	Num.7.10	וַ/יַּקְרִ֧יבוּ	c/7126	HC/Vhw3mp
049g8	Num.7.10	הַ/נְּשִׂיאִ֛ם	d/5387 a	HTd/Ncmpa
04ud1	Num.7.10	אֶת	853	HTo
04ZMC	Num.7.10	קָרְבָּנָ֖/ם	7133 a	HNcmsc/Sp3mp
04EHt	Num.7.10	לִ/פְנֵ֥י	l/6440	HR/Ncbpc
04YsZ	Num.7.10	הַ/מִּזְבֵּֽחַ	d/4196	HTd/Ncmsa
046p4	Num.7.11	וַ/יֹּ֥אמֶר	c/559	HC/Vqw3ms
043FP	Num.7.11	יְהוָ֖ה	3068	HNp
04GfA	Num.7.11	אֶל	413	HR
04eA1	Num.7.11	מֹשֶׁ֑ה	4872	HNp
04cQD	Num.7.11	נָשִׂ֨יא	5387 a	HNcmsa
04RMQ	Num.7.11	אֶחָ֜ד	259	HAcmsa
04WdN	Num.7.11	לַ/יּ֗וֹם	l/3117	HRd/Ncmsa
04jG1	Num.7.11	נָשִׂ֤יא	5387 a	HNcmsa
0485m	Num.7.11	אֶחָד֙	259	HAcmsa
04iMR	Num.7.11	לַ/יּ֔וֹם	l/3117	HRd/Ncmsa
043NL	Num.7.11	יַקְרִ֨יבוּ֙	7126	HVhi3mp
04YEU	Num.7.11	אֶת	853	HTo
04Cch	Num.7.11	קָרְבָּנָ֔/ם	7133 a	HNcmsc/Sp3mp
04gkB	Num.7.11	לַ/חֲנֻכַּ֖ת	l/2598	HR/Ncfsc
04Kpe	Num.7.11	הַ/מִּזְבֵּֽחַ	d/4196	HTd/Ncmsa
047Zk	Num.7.12	וַ/יְהִ֗י	c/1961	HC/Vqw3ms
04Ajz	Num.7.12	הַ/מַּקְרִ֛יב	d/7126	HTd/Vhrmsa
04UQk	Num.7.12	בַּ/יּ֥וֹם	b/3117	HRd/Ncmsa
04tfV	Num.7.12	הָ/רִאשׁ֖וֹן	d/7223	HTd/Aamsa
0443s	Num.7.12	אֶת	853	HTo
04Ghn	Num.7.12	קָרְבָּנ֑/וֹ	7133 a	HNcmsc/Sp3ms
04ZYn	Num.7.12	נַחְשׁ֥וֹן	5177	HNp
049F4	Num.7.12	בֶּן	1121 a	HNcmsc
0462h	Num.7.12	עַמִּינָדָ֖ב	5992	HNp
04huk	Num.7.12	לְ/מַטֵּ֥ה	l/4294	HR/Ncmsc
04UDk	Num.7.12	יְהוּדָֽה	3063	HNp
04QuN	Num.7.13	וְ/קָרְבָּנ֞/וֹ	c/7133 a	HC/Ncmsc/Sp3ms
04VQo	Num.7.13	קַֽעֲרַת	7086	HNcfsc
047dP	Num.7.13	כֶּ֣סֶף	3701	HNcmsa
04CUv	Num.7.13	אַחַ֗ת	259	HAcfsa
04JqX	Num.7.13	שְׁלֹשִׁ֣ים	7970	HAcbpa
04iVc	Num.7.13	וּ/מֵאָה֮	c/3967	HC/Acbsa
04z3B	Num.7.13	מִשְׁקָלָ/הּ֒	4948	HNcmsc/Sp3fs
04GFA	Num.7.13	מִזְרָ֤ק	4219	HNcmsa
04Wq6	Num.7.13	אֶחָד֙	259	HAcmsa
04hEi	Num.7.13	כֶּ֔סֶף	3701	HNcmsa
04NJx	Num.7.13	שִׁבְעִ֥ים	7657	HAcbpa
04YXv	Num.7.13	שֶׁ֖קֶל	8255	HNcmsa
04dTc	Num.7.13	בְּ/שֶׁ֣קֶל	b/8255	HR/Ncmsc
043yW	Num.7.13	הַ/קֹּ֑דֶשׁ	d/6944	HTd/Ncmsa
041Xj	Num.7.13	שְׁנֵי/הֶ֣ם	8147	HAcmdc/Sp3mp
04gCC	Num.7.13	מְלֵאִ֗ים	4392	HAampa
04nPn	Num.7.13	סֹ֛לֶת	5560	HNcfsa
04men	Num.7.13	בְּלוּלָ֥ה	1101 a	HVqsfsa
04Uos	Num.7.13	בַ/שֶּׁ֖מֶן	b/8081	HRd/Ncmsa
04gzF	Num.7.13	לְ/מִנְחָֽה	l/4503	HR/Ncfsa
04z6v	Num.7.14	כַּ֥ף	3709	HNcfsc
04o1v	Num.7.14	אַחַ֛ת	259	HAcfsa
048kX	Num.7.14	עֲשָׂרָ֥ה	6235	HAcmsa
04VLR	Num.7.14	זָהָ֖ב	2091	HNcmsa
04PN4	Num.7.14	מְלֵאָ֥ה	4392	HAafsa
04T6a	Num.7.14	קְטֹֽרֶת	7004	HNcfsa
04ywW	Num.7.15	פַּ֣ר	6499	HNcmsa
04aNz	Num.7.15	אֶחָ֞ד	259	HAcmsa
04f9a	Num.7.15	בֶּן	1121 a	HNcmsc
0465i	Num.7.15	בָּקָ֗ר	1241	HNcbsa
04fh4	Num.7.15	אַ֧יִל	352 a	HNcmsa
04Zxj	Num.7.15	אֶחָ֛ד	259	HAcmsa
04byd	Num.7.15	כֶּֽבֶשׂ	3532	HNcmsa
044Ma	Num.7.15	אֶחָ֥ד	259	HAcmsa
04gyw	Num.7.15	בֶּן	1121 a	HNcmsc
04M2C	Num.7.15	שְׁנָת֖/וֹ	8141	HNcfsc/Sp3ms
04CL8	Num.7.15	לְ/עֹלָֽה	l/5930 a	HR/Ncfsa
04uZX	Num.7.16	שְׂעִיר	8163 b	HNcmsc
04NYw	Num.7.16	עִזִּ֥ים	5795	HNcfpa
04NKz	Num.7.16	אֶחָ֖ד	259	HAcmsa
04V99	Num.7.16	לְ/חַטָּֽאת	l/2403 b	HR/Ncfsa
04o3Y	Num.7.17	וּ/לְ/זֶ֣בַח	c/l/2077	HC/R/Ncmsc
04n3z	Num.7.17	הַ/שְּׁלָמִים֮	d/8002	HTd/Ncmpa
04hkq	Num.7.17	בָּקָ֣ר	1241	HNcbsa
04vp6	Num.7.17	שְׁנַיִם֒	8147	HAcmda
04NvP	Num.7.17	אֵילִ֤ם	352 a	HNcmpa
04ciJ	Num.7.17	חֲמִשָּׁה֙	2568	HAcmsa
045L4	Num.7.17	עַתּוּדִ֣ים	6260	HNcmpa
04i2j	Num.7.17	חֲמִשָּׁ֔ה	2568	HAcmsa
04YPx	Num.7.17	כְּבָשִׂ֥ים	3532	HNcmpa
04FHp	Num.7.17	בְּנֵֽי	1121 a	HNcmpc
04AKQ	Num.7.17	שָׁנָ֖ה	8141	HNcfsa
04c7n	Num.7.17	חֲמִשָּׁ֑ה	2568	HAcmsa
04qqw	Num.7.17	זֶ֛ה	2088	HPdxms
04tnE	Num.7.17	קָרְבַּ֥ן	7133 a	HNcmsc
04M4D	Num.7.17	נַחְשׁ֖וֹן	5177	HNp
04kz5	Num.7.17	בֶּן	1121 a	HNcmsc
041Pz	Num.7.17	עַמִּינָדָֽב	5992	HNp
04fz6	Num.7.18	בַּ/יּוֹם֙	b/3117	HRd/Ncmsa
04EX2	Num.7.18	הַ/שֵּׁנִ֔י	d/8145	HTd/Aomsa
04j2V	Num.7.18	הִקְרִ֖יב	7126	HVhp3ms
049Bj	Num.7.18	נְתַנְאֵ֣ל	5417	HNp
044gZ	Num.7.18	בֶּן	1121 a	HNcmsc
04Zbw	Num.7.18	צוּעָ֑ר	6686	HNp
04dMH	Num.7.18	נְשִׂ֖יא	5387 a	HNcmsc
04agv	Num.7.18	יִשָּׂשכָֽר	3485	HNp
04n4g	Num.7.19	הִקְרִ֨ב	7126	HVhp3ms
04JoF	Num.7.19	אֶת	853	HTo
04f82	Num.7.19	קָרְבָּנ֜/וֹ	7133 a	HNcmsc/Sp3ms
04YnB	Num.7.19	קַֽעֲרַת	7086	HNcfsc
04wpu	Num.7.19	כֶּ֣סֶף	3701	HNcmsa
04E97	Num.7.19	אַחַ֗ת	259	HAcfsa
049vy	Num.7.19	שְׁלֹשִׁ֣ים	7970	HAcbpa
04q1D	Num.7.19	וּ/מֵאָה֮	c/3967	HC/Acbsa
04RyE	Num.7.19	מִשְׁקָלָ/הּ֒	4948	HNcmsc/Sp3fs
04iBM	Num.7.19	מִזְרָ֤ק	4219	HNcmsa
04HhJ	Num.7.19	אֶחָד֙	259	HAcmsa
04H6z	Num.7.19	כֶּ֔סֶף	3701	HNcmsa
04UDW	Num.7.19	שִׁבְעִ֥ים	7657	HAcbpa
04TRf	Num.7.19	שֶׁ֖קֶל	8255	HNcmsa
04LcF	Num.7.19	בְּ/שֶׁ֣קֶל	b/8255	HR/Ncmsc
04xJK	Num.7.19	הַ/קֹּ֑דֶשׁ	d/6944	HTd/Ncmsa
04kBm	Num.7.19	שְׁנֵי/הֶ֣ם	8147	HAcmdc/Sp3mp
04yGN	Num.7.19	מְלֵאִ֗ים	4392	HAampa
04GMF	Num.7.19	סֹ֛לֶת	5560	HNcfsa
04CG8	Num.7.19	בְּלוּלָ֥ה	1101 a	HVqsfsa
043jX	Num.7.19	בַ/שֶּׁ֖מֶן	b/8081	HRd/Ncmsa
04DX8	Num.7.19	לְ/מִנְחָֽה	l/4503	HR/Ncfsa
04yZK	Num.7.20	כַּ֥ף	3709	HNcfsc
04Ps4	Num.7.20	אַחַ֛ת	259	HAcfsa
04jCy	Num.7.20	עֲשָׂרָ֥ה	6235	HAcmsa
04gAT	Num.7.20	זָהָ֖ב	2091	HNcmsa
04Lva	Num.7.20	מְלֵאָ֥ה	4392	HAafsa
04sCe	Num.7.20	קְטֹֽרֶת	7004	HNcfsa
04tYs	Num.7.21	פַּ֣ר	6499	HNcmsa
04SFu	Num.7.21	אֶחָ֞ד	259	HAcmsa
04TPm	Num.7.21	בֶּן	1121 a	HNcmsc
04VnF	Num.7.21	בָּקָ֗ר	1241	HNcbsa
04mUe	Num.7.21	אַ֧יִל	352 a	HNcmsa
04EBm	Num.7.21	אֶחָ֛ד	259	HAcmsa
04xzw	Num.7.21	כֶּֽבֶשׂ	3532	HNcmsa
04Mj5	Num.7.21	אֶחָ֥ד	259	HAcmsa
04JHF	Num.7.21	בֶּן	1121 a	HNcmsc
046fJ	Num.7.21	שְׁנָת֖/וֹ	8141	HNcfsc/Sp3ms
04TPR	Num.7.21	לְ/עֹלָֽה	l/5930 a	HR/Ncfsa
04N8B	Num.7.22	שְׂעִיר	8163 b	HNcmsc
04LP1	Num.7.22	עִזִּ֥ים	5795	HNcfpa
04T1d	Num.7.22	אֶחָ֖ד	259	HAcmsa
04i6M	Num.7.22	לְ/חַטָּֽאת	l/2403 b	HR/Ncfsa
04YXc	Num.7.23	וּ/לְ/זֶ֣בַח	c/l/2077	HC/R/Ncmsc
04feJ	Num.7.23	הַ/שְּׁלָמִים֮	d/8002	HTd/Ncmpa
042oS	Num.7.23	בָּקָ֣ר	1241	HNcbsa
04iQ7	Num.7.23	שְׁנַיִם֒	8147	HAcmda
04etD	Num.7.23	אֵילִ֤ם	352 a	HNcmpa
04AJ9	Num.7.23	חֲמִשָּׁה֙	2568	HAcmsa
04Y2o	Num.7.23	עַתּוּדִ֣ים	6260	HNcmpa
04zZV	Num.7.23	חֲמִשָּׁ֔ה	2568	HAcmsa
04Mcm	Num.7.23	כְּבָשִׂ֥ים	3532	HNcmpa
04NSu	Num.7.23	בְּנֵי	1121 a	HNcmpc
04KVb	Num.7.23	שָׁנָ֖ה	8141	HNcfsa
04KEV	Num.7.23	חֲמִשָּׁ֑ה	2568	HAcmsa
041pu	Num.7.23	זֶ֛ה	2088	HPdxms
04fNB	Num.7.23	קָרְבַּ֥ן	7133 a	HNcmsc
04uQ9	Num.7.23	נְתַנְאֵ֖ל	5417	HNp
04SCW	Num.7.23	בֶּן	1121 a	HNcmsc
047iT	Num.7.23	צוּעָֽר	6686	HNp
04aZB	Num.7.24	בַּ/יּוֹם֙	b/3117	HRd/Ncmsa
04Jjb	Num.7.24	הַ/שְּׁלִישִׁ֔י	d/7992	HTd/Aomsa
04DZq	Num.7.24	נָשִׂ֖יא	5387 a	HNcmsa
04iNw	Num.7.24	לִ/בְנֵ֣י	l/1121 a	HR/Ncmpc
04edn	Num.7.24	זְבוּלֻ֑ן	2074	HNp
048b9	Num.7.24	אֱלִיאָ֖ב	446	HNp
042Bh	Num.7.24	בֶּן	1121 a	HNcmsc
045eC	Num.7.24	חֵלֹֽן	2497	HNp
0444r	Num.7.25	קָרְבָּנ֞/וֹ	7133 a	HNcmsc/Sp3ms
045CX	Num.7.25	קַֽעֲרַת	7086	HNcfsc
04pdB	Num.7.25	כֶּ֣סֶף	3701	HNcmsa
04NS8	Num.7.25	אַחַ֗ת	259	HAcfsa
047ET	Num.7.25	שְׁלֹשִׁ֣ים	7970	HAcbpa
044Jq	Num.7.25	וּ/מֵאָה֮	c/3967	HC/Acbsa
04hA6	Num.7.25	מִשְׁקָלָ/הּ֒	4948	HNcmsc/Sp3fs
04Lzj	Num.7.25	מִזְרָ֤ק	4219	HNcmsa
04QZt	Num.7.25	אֶחָד֙	259	HAcmsa
04FUV	Num.7.25	כֶּ֔סֶף	3701	HNcmsa
04eDe	Num.7.25	שִׁבְעִ֥ים	7657	HAcbpa
043fc	Num.7.25	שֶׁ֖קֶל	8255	HNcmsa
04TYP	Num.7.25	בְּ/שֶׁ֣קֶל	b/8255	HR/Ncmsc
04pVN	Num.7.25	הַ/קֹּ֑דֶשׁ	d/6944	HTd/Ncmsa
04Nku	Num.7.25	שְׁנֵי/הֶ֣ם	8147	HAcmdc/Sp3mp
04ypK	Num.7.25	מְלֵאִ֗ים	4392	HAampa
04Yts	Num.7.25	סֹ֛לֶת	5560	HNcfsa
041in	Num.7.25	בְּלוּלָ֥ה	1101 a	HVqsfsa
04JDW	Num.7.25	בַ/שֶּׁ֖מֶן	b/8081	HRd/Ncmsa
04wBA	Num.7.25	לְ/מִנְחָֽה	l/4503	HR/Ncfsa
04Jon	Num.7.26	כַּ֥ף	3709	HNcfsc
04eep	Num.7.26	אַחַ֛ת	259	HAcfsa
04548	Num.7.26	עֲשָׂרָ֥ה	6235	HAcmsa
04Wut	Num.7.26	זָהָ֖ב	2091	HNcmsa
04pLk	Num.7.26	מְלֵאָ֥ה	4392	HAafsa
04DJ2	Num.7.26	קְטֹֽרֶת	7004	HNcfsa
04gco	Num.7.27	פַּ֣ר	6499	HNcmsa
04kQS	Num.7.27	אֶחָ֞ד	259	HAcmsa
04tuE	Num.7.27	בֶּן	1121 a	HNcmsc
04uja	Num.7.27	בָּקָ֗ר	1241	HNcbsa
04GwE	Num.7.27	אַ֧יִל	352 a	HNcmsa
04XRt	Num.7.27	אֶחָ֛ד	259	HAcmsa
04Wxh	Num.7.27	כֶּֽבֶשׂ	3532	HNcmsa
04bfm	Num.7.27	אֶחָ֥ד	259	HAcmsa
04my2	Num.7.27	בֶּן	1121 a	HNcmsc
04Cn7	Num.7.27	שְׁנָת֖/וֹ	8141	HNcfsc/Sp3ms
0443d	Num.7.27	לְ/עֹלָֽה	l/5930 a	HR/Ncfsa
04KUk	Num.7.28	שְׂעִיר	8163 b	HNcmsc
04ssc	Num.7.28	עִזִּ֥ים	5795	HNcfpa
04EV7	Num.7.28	אֶחָ֖ד	259	HAcmsa
048aA	Num.7.28	לְ/חַטָּֽאת	l/2403 b	HR/Ncfsa
04xWZ	Num.7.29	וּ/לְ/זֶ֣בַח	c/l/2077	HC/R/Ncmsc
04cXS	Num.7.29	הַ/שְּׁלָמִים֮	d/8002	HTd/Ncmpa
04tBh	Num.7.29	בָּקָ֣ר	1241	HNcbsa
04eyN	Num.7.29	שְׁנַיִם֒	8147	HAcmda
04SSh	Num.7.29	אֵילִ֤ם	352 a	HNcmpa
0463d	Num.7.29	חֲמִשָּׁה֙	2568	HAcmsa
04R11	Num.7.29	עַתֻּדִ֣ים	6260	HNcmpa
04pNu	Num.7.29	חֲמִשָּׁ֔ה	2568	HAcmsa
047VF	Num.7.29	כְּבָשִׂ֥ים	3532	HNcmpa
04zUM	Num.7.29	בְּנֵי	1121 a	HNcmpc
04zd9	Num.7.29	שָׁנָ֖ה	8141	HNcfsa
04FAY	Num.7.29	חֲמִשָּׁ֑ה	2568	HAcmsa
04Pfc	Num.7.29	זֶ֛ה	2088	HPdxms
04iza	Num.7.29	קָרְבַּ֥ן	7133 a	HNcmsc
04AYM	Num.7.29	אֱלִיאָ֖ב	446	HNp
04GmN	Num.7.29	בֶּן	1121 a	HNcmsc
04pSh	Num.7.29	חֵלֹֽן	2497	HNp
04C37	Num.7.30	בַּ/יּוֹם֙	b/3117	HRd/Ncmsa
04yoT	Num.7.30	הָ/רְבִיעִ֔י	d/7243	HTd/Aomsa
04LMx	Num.7.30	נָשִׂ֖יא	5387 a	HNcmsa
0423n	Num.7.30	לִ/בְנֵ֣י	l/1121 a	HR/Ncmpc
04Cb2	Num.7.30	רְאוּבֵ֑ן	7205	HNp
047qP	Num.7.30	אֱלִיצ֖וּר	468	HNp
04FVN	Num.7.30	בֶּן	1121 a	HNcmsc
04jaF	Num.7.30	שְׁדֵיאֽוּר	7707	HNp
04rR2	Num.7.31	קָרְבָּנ֞/וֹ	7133 a	HNcmsc/Sp3ms
04BLG	Num.7.31	קַֽעֲרַת	7086	HNcfsc
04bNh	Num.7.31	כֶּ֣סֶף	3701	HNcmsa
0461z	Num.7.31	אַחַ֗ת	259	HAcfsa
04Qhh	Num.7.31	שְׁלֹשִׁ֣ים	7970	HAcbpa
04VkB	Num.7.31	וּ/מֵאָה֮	c/3967	HC/Acbsa
04NxJ	Num.7.31	מִשְׁקָלָ/הּ֒	4948	HNcmsc/Sp3fs
04u2w	Num.7.31	מִזְרָ֤ק	4219	HNcmsa
04s85	Num.7.31	אֶחָד֙	259	HAcmsa
0454v	Num.7.31	כֶּ֔סֶף	3701	HNcmsa
04xWQ	Num.7.31	שִׁבְעִ֥ים	7657	HAcbpa
04ksV	Num.7.31	שֶׁ֖קֶל	8255	HNcmsa
04k9V	Num.7.31	בְּ/שֶׁ֣קֶל	b/8255	HR/Ncmsc
04isA	Num.7.31	הַ/קֹּ֑דֶשׁ	d/6944	HTd/Ncmsa
046cS	Num.7.31	שְׁנֵי/הֶ֣ם	8147	HAcmdc/Sp3mp
04KP7	Num.7.31	מְלֵאִ֗ים	4392	HAampa
04sYq	Num.7.31	סֹ֛לֶת	5560	HNcfsa
04dVu	Num.7.31	בְּלוּלָ֥ה	1101 a	HVqsfsa
04erv	Num.7.31	בַ/שֶּׁ֖מֶן	b/8081	HRd/Ncmsa
04BBL	Num.7.31	לְ/מִנְחָֽה	l/4503	HR/Ncfsa
04JW8	Num.7.32	כַּ֥ף	3709	HNcfsc
04uiW	Num.7.32	אַחַ֛ת	259	HAcfsa
04dve	Num.7.32	עֲשָׂרָ֥ה	6235	HAcmsa
04xj3	Num.7.32	זָהָ֖ב	2091	HNcmsa
0442S	Num.7.32	מְלֵאָ֥ה	4392	HAafsa
04rNq	Num.7.32	קְטֹֽרֶת	7004	HNcfsa
04iqd	Num.7.33	פַּ֣ר	6499	HNcmsa
04QZU	Num.7.33	אֶחָ֞ד	259	HAcmsa
04Fnj	Num.7.33	בֶּן	1121 a	HNcmsc
04F7f	Num.7.33	בָּקָ֗ר	1241	HNcbsa
04aPG	Num.7.33	אַ֧יִל	352 a	HNcmsa
04k2V	Num.7.33	אֶחָ֛ד	259	HAcmsa
04fyM	Num.7.33	כֶּֽבֶשׂ	3532	HNcmsa
04LMG	Num.7.33	אֶחָ֥ד	259	HAcmsa
043Ju	Num.7.33	בֶּן	1121 a	HNcmsc
043rQ	Num.7.33	שְׁנָת֖/וֹ	8141	HNcfsc/Sp3ms
04DaL	Num.7.33	לְ/עֹלָֽה	l/5930 a	HR/Ncfsa
04Y6J	Num.7.34	שְׂעִיר	8163 b	HNcmsc
04pyb	Num.7.34	עִזִּ֥ים	5795	HNcfpa
04wLg	Num.7.34	אֶחָ֖ד	259	HAcmsa
04cAP	Num.7.34	לְ/חַטָּֽאת	l/2403 b	HR/Ncfsa
04cSt	Num.7.35	וּ/לְ/זֶ֣בַח	c/l/2077	HC/R/Ncmsc
04D4i	Num.7.35	הַ/שְּׁלָמִים֮	d/8002	HTd/Ncmpa
04qRk	Num.7.35	בָּקָ֣ר	1241	HNcbsa
04n62	Num.7.35	שְׁנַיִם֒	8147	HAcmda
04jjF	Num.7.35	אֵילִ֤ם	352 a	HNcmpa
04ygr	Num.7.35	חֲמִשָּׁה֙	2568	HAcmsa
04qTN	Num.7.35	עַתֻּדִ֣ים	6260	HNcmpa
04Wwg	Num.7.35	חֲמִשָּׁ֔ה	2568	HAcmsa
04eyj	Num.7.35	כְּבָשִׂ֥ים	3532	HNcmpa
04JBd	Num.7.35	בְּנֵֽי	1121 a	HNcmpc
04CYn	Num.7.35	שָׁנָ֖ה	8141	HNcfsa
04fze	Num.7.35	חֲמִשָּׁ֑ה	2568	HAcmsa
04bKv	Num.7.35	זֶ֛ה	2088	HPdxms
04MUZ	Num.7.35	קָרְבַּ֥ן	7133 a	HNcmsc
04W4g	Num.7.35	אֱלִיצ֖וּר	468	HNp
04Dz4	Num.7.35	בֶּן	1121 a	HNcmsc
047Fu	Num.7.35	שְׁדֵיאֽוּר	7707	HNp
046Dy	Num.7.36	בַּ/יּוֹם֙	b/3117	HRd/Ncmsa
04Zik	Num.7.36	הַ/חֲמִישִׁ֔י	d/2549	HTd/Aomsa
04G5G	Num.7.36	נָשִׂ֖יא	5387 a	HNcmsa
047C8	Num.7.36	לִ/בְנֵ֣י	l/1121 a	HR/Ncmpc
04KjQ	Num.7.36	שִׁמְע֑וֹן	8095	HNp
04wVX	Num.7.36	שְׁלֻֽמִיאֵ֖ל	8017	HNp
04FD2	Num.7.36	בֶּן	1121 a	HNcmsc
04wMc	Num.7.36	צוּרִֽישַׁדָּֽי	6701	HNp
04srH	Num.7.37	קָרְבָּנ֞/וֹ	7133 a	HNcmsc/Sp3ms
04Fvm	Num.7.37	קַֽעֲרַת	7086	HNcfsc
04wn4	Num.7.37	כֶּ֣סֶף	3701	HNcmsa
041w4	Num.7.37	אַחַ֗ת	259	HAcfsa
04cem	Num.7.37	שְׁלֹשִׁ֣ים	7970	HAcbpa
04ngH	Num.7.37	וּ/מֵאָה֮	c/3967	HC/Acbsa
04vGA	Num.7.37	מִשְׁקָלָ/הּ֒	4948	HNcmsc/Sp3fs
04nx3	Num.7.37	מִזְרָ֤ק	4219	HNcmsa
04tVG	Num.7.37	אֶחָד֙	259	HAcmsa
044Qa	Num.7.37	כֶּ֔סֶף	3701	HNcmsa
04WJt	Num.7.37	שִׁבְעִ֥ים	7657	HAcbpa
04L5d	Num.7.37	שֶׁ֖קֶל	8255	HNcmsa
04ZeR	Num.7.37	בְּ/שֶׁ֣קֶל	b/8255	HR/Ncmsc
04hgx	Num.7.37	הַ/קֹּ֑דֶשׁ	d/6944	HTd/Ncmsa
04og7	Num.7.37	שְׁנֵי/הֶ֣ם	8147	HAcmdc/Sp3mp
04egd	Num.7.37	מְלֵאִ֗ים	4392	HAampa
04LrY	Num.7.37	סֹ֛לֶת	5560	HNcfsa
04WQT	Num.7.37	בְּלוּלָ֥ה	1101 a	HVqsfsa
04m63	Num.7.37	בַ/שֶּׁ֖מֶן	b/8081	HRd/Ncmsa
04pfS	Num.7.37	לְ/מִנְחָֽה	l/4503	HR/Ncfsa
043aE	Num.7.38	כַּ֥ף	3709	HNcfsc
043rZ	Num.7.38	אַחַ֛ת	259	HAcfsa
04Utw	Num.7.38	עֲשָׂרָ֥ה	6235	HAcmsa
04fdq	Num.7.38	זָהָ֖ב	2091	HNcmsa
04sSt	Num.7.38	מְלֵאָ֥ה	4392	HAafsa
04o26	Num.7.38	קְטֹֽרֶת	7004	HNcfsa
04hex	Num.7.39	פַּ֣ר	6499	HNcmsa
04uGG	Num.7.39	אֶחָ֞ד	259	HAcmsa
042V5	Num.7.39	בֶּן	1121 a	HNcmsc
04UQx	Num.7.39	בָּקָ֗ר	1241	HNcbsa
04rB8	Num.7.39	אַ֧יִל	352 a	HNcmsa
04SGD	Num.7.39	אֶחָ֛ד	259	HAcmsa
04YJd	Num.7.39	כֶּֽבֶשׂ	3532	HNcmsa
04v6S	Num.7.39	אֶחָ֥ד	259	HAcmsa
04v1o	Num.7.39	בֶּן	1121 a	HNcmsc
04JVz	Num.7.39	שְׁנָת֖/וֹ	8141	HNcfsc/Sp3ms
04bm5	Num.7.39	לְ/עֹלָֽה	l/5930 a	HR/Ncfsa
04WDC	Num.7.40	שְׂעִיר	8163 b	HNcmsc
04ZQ7	Num.7.40	עִזִּ֥ים	5795	HNcfpa
04Xbu	Num.7.40	אֶחָ֖ד	259	HAcmsa
04JZB	Num.7.40	לְ/חַטָּֽאת	l/2403 b	HR/Ncfsa
047QY	Num.7.41	וּ/לְ/זֶ֣בַח	c/l/2077	HC/R/Ncmsc
04o5y	Num.7.41	הַ/שְּׁלָמִים֮	d/8002	HTd/Ncmpa
04mvb	Num.7.41	בָּקָ֣ר	1241	HNcbsa
04W2N	Num.7.41	שְׁנַיִם֒	8147	HAcmda
0439a	Num.7.41	אֵילִ֤ם	352 a	HNcmpa
042VQ	Num.7.41	חֲמִשָּׁה֙	2568	HAcmsa
04gJa	Num.7.41	עַתֻּדִ֣ים	6260	HNcmpa
04fqt	Num.7.41	חֲמִשָּׁ֔ה	2568	HAcmsa
04JGt	Num.7.41	כְּבָשִׂ֥ים	3532	HNcmpa
04Us4	Num.7.41	בְּנֵי	1121 a	HNcmpc
04Bwu	Num.7.41	שָׁנָ֖ה	8141	HNcfsa
042RT	Num.7.41	חֲמִשָּׁ֑ה	2568	HAcmsa
04tgM	Num.7.41	זֶ֛ה	2088	HPdxms
04d4t	Num.7.41	קָרְבַּ֥ן	7133 a	HNcmsc
04jU8	Num.7.41	שְׁלֻמִיאֵ֖ל	8017	HNp
04raX	Num.7.41	בֶּן	1121 a	HNcmsc
04dm8	Num.7.41	צוּרִֽישַׁדָּֽי	6701	HNp
04L5p	Num.7.42	בַּ/יּוֹם֙	b/3117	HRd/Ncmsa
04vru	Num.7.42	הַ/שִּׁשִּׁ֔י	d/8345	HTd/Aomsa
04Kbe	Num.7.42	נָשִׂ֖יא	5387 a	HNcmsa
04tHL	Num.7.42	לִ/בְנֵ֣י	l/1121 a	HR/Ncmpc
04qZL	Num.7.42	גָ֑ד	1410	HNp
04qwh	Num.7.42	אֶלְיָסָ֖ף	460	HNp
04iMv	Num.7.42	בֶּן	1121 a	HNcmsc
04DuZ	Num.7.42	דְּעוּאֵֽל	1845	HNp
04fLk	Num.7.43	קָרְבָּנ֞/וֹ	7133 a	HNcmsc/Sp3ms
04ACT	Num.7.43	קַֽעֲרַת	7086	HNcfsc
044RB	Num.7.43	כֶּ֣סֶף	3701	HNcmsa
04pid	Num.7.43	אַחַ֗ת	259	HAcfsa
04uiv	Num.7.43	שְׁלֹשִׁ֣ים	7970	HAcbpa
04HVX	Num.7.43	וּ/מֵאָה֮	c/3967	HC/Acbsa
04Mk2	Num.7.43	מִשְׁקָלָ/הּ֒	4948	HNcmsc/Sp3fs
04aoG	Num.7.43	מִזְרָ֤ק	4219	HNcmsa
04c8D	Num.7.43	אֶחָד֙	259	HAcmsa
049se	Num.7.43	כֶּ֔סֶף	3701	HNcmsa
04rn8	Num.7.43	שִׁבְעִ֥ים	7657	HAcbpa
04nqT	Num.7.43	שֶׁ֖קֶל	8255	HNcmsa
04wMG	Num.7.43	בְּ/שֶׁ֣קֶל	b/8255	HR/Ncmsc
04MNS	Num.7.43	הַ/קֹּ֑דֶשׁ	d/6944	HTd/Ncmsa
04Y7c	Num.7.43	שְׁנֵי/הֶ֣ם	8147	HAcmdc/Sp3mp
04ohk	Num.7.43	מְלֵאִ֗ים	4392	HAampa
04ujT	Num.7.43	סֹ֛לֶת	5560	HNcfsa
04sac	Num.7.43	בְּלוּלָ֥ה	1101 a	HVqsfsa
04URC	Num.7.43	בַ/שֶּׁ֖מֶן	b/8081	HRd/Ncmsa
04uyH	Num.7.43	לְ/מִנְחָֽה	l/4503	HR/Ncfsa
049oK	Num.7.44	כַּ֥ף	3709	HNcfsc
04nuG	Num.7.44	אַחַ֛ת	259	HAcfsa
04Uae	Num.7.44	עֲשָׂרָ֥ה	6235	HAcmsa
045P4	Num.7.44	זָהָ֖ב	2091	HNcmsa
04pNa	Num.7.44	מְלֵאָ֥ה	4392	HAafsa
04xdk	Num.7.44	קְטֹֽרֶת	7004	HNcfsa
04aQh	Num.7.45	פַּ֣ר	6499	HNcmsa
046HC	Num.7.45	אֶחָ֞ד	259	HAcmsa
04Pz9	Num.7.45	בֶּן	1121 a	HNcmsc
04Hq3	Num.7.45	בָּקָ֗ר	1241	HNcbsa
04Rne	Num.7.45	אַ֧יִל	352 a	HNcmsa
04AFm	Num.7.45	אֶחָ֛ד	259	HAcmsa
04CqQ	Num.7.45	כֶּֽבֶשׂ	3532	HNcmsa
044pF	Num.7.45	אֶחָ֥ד	259	HAcmsa
04uJp	Num.7.45	בֶּן	1121 a	HNcmsc
04TaS	Num.7.45	שְׁנָת֖/וֹ	8141	HNcfsc/Sp3ms
04LLF	Num.7.45	לְ/עֹלָֽה	l/5930 a	HR/Ncfsa
04bDy	Num.7.46	שְׂעִיר	8163 b	HNcmsc
04iov	Num.7.46	עִזִּ֥ים	5795	HNcfpa
04sPA	Num.7.46	אֶחָ֖ד	259	HAcmsa
04CJX	Num.7.46	לְ/חַטָּֽאת	l/2403 b	HR/Ncfsa
04ANN	Num.7.47	וּ/לְ/זֶ֣בַח	c/l/2077	HC/R/Ncmsc
0495S	Num.7.47	הַ/שְּׁלָמִים֮	d/8002	HTd/Ncmpa
048xm	Num.7.47	בָּקָ֣ר	1241	HNcbsa
04gX2	Num.7.47	שְׁנַיִם֒	8147	HAcmda
04r7E	Num.7.47	אֵילִ֤ם	352 a	HNcmpa
04bzy	Num.7.47	חֲמִשָּׁה֙	2568	HAcmsa
04Zd9	Num.7.47	עַתֻּדִ֣ים	6260	HNcmpa
048Dv	Num.7.47	חֲמִשָּׁ֔ה	2568	HAcmsa
04NTZ	Num.7.47	כְּבָשִׂ֥ים	3532	HNcmpa
04775	Num.7.47	בְּנֵי	1121 a	HNcmpc
04Fmt	Num.7.47	שָׁנָ֖ה	8141	HNcfsa
04eCW	Num.7.47	חֲמִשָּׁ֑ה	2568	HAcmsa
042pa	Num.7.47	זֶ֛ה	2088	HPdxms
04kxp	Num.7.47	קָרְבַּ֥ן	7133 a	HNcmsc
04vnr	Num.7.47	אֶלְיָסָ֖ף	460	HNp
04SfR	Num.7.47	בֶּן	1121 a	HNcmsc
04PA5	Num.7.47	דְּעוּאֵֽל	1845	HNp
046gb	Num.7.48	בַּ/יּוֹם֙	b/3117	HRd/Ncmsa
04or6	Num.7.48	הַ/שְּׁבִיעִ֔י	d/7637	HTd/Aomsa
04Zed	Num.7.48	נָשִׂ֖יא	5387 a	HNcmsa
04u6X	Num.7.48	לִ/בְנֵ֣י	l/1121 a	HR/Ncmpc
04nm9	Num.7.48	אֶפְרָ֑יִם	669	HNp
043PJ	Num.7.48	אֱלִֽישָׁמָ֖ע	476	HNp
045ZM	Num.7.48	בֶּן	1121 a	HNcmsc
04fYy	Num.7.48	עַמִּיהֽוּד	5989	HNp
04UBS	Num.7.49	קָרְבָּנ֞/וֹ	7133 a	HNcmsc/Sp3ms
041iG	Num.7.49	קַֽעֲרַת	7086	HNcfsc
04ZqA	Num.7.49	כֶּ֣סֶף	3701	HNcmsa
04dKb	Num.7.49	אַחַ֗ת	259	HAcfsa
04qiR	Num.7.49	שְׁלֹשִׁ֣ים	7970	HAcbpa
04amo	Num.7.49	וּ/מֵאָה֮	c/3967	HC/Acbsa
044Xh	Num.7.49	מִשְׁקָלָ/הּ֒	4948	HNcmsc/Sp3fs
045e5	Num.7.49	מִזְרָ֤ק	4219	HNcmsa
04p9R	Num.7.49	אֶחָד֙	259	HAcmsa
04dTq	Num.7.49	כֶּ֔סֶף	3701	HNcmsa
04wep	Num.7.49	שִׁבְעִ֥ים	7657	HAcbpa
04Uo7	Num.7.49	שֶׁ֖קֶל	8255	HNcmsa
04Y7e	Num.7.49	בְּ/שֶׁ֣קֶל	b/8255	HR/Ncmsc
04Hgx	Num.7.49	הַ/קֹּ֑דֶשׁ	d/6944	HTd/Ncmsa
04G3x	Num.7.49	שְׁנֵי/הֶ֣ם	8147	HAcmdc/Sp3mp
04s67	Num.7.49	מְלֵאִ֗ים	4392	HAampa
04YC8	Num.7.49	סֹ֛לֶת	5560	HNcfsa
04krY	Num.7.49	בְּלוּלָ֥ה	1101 a	HVqsfsa
04Cym	Num.7.49	בַ/שֶּׁ֖מֶן	b/8081	HRd/Ncmsa
04jbf	Num.7.49	לְ/מִנְחָֽה	l/4503	HR/Ncfsa
04VGV	Num.7.50	כַּ֥ף	3709	HNcfsc
04PMB	Num.7.50	אַחַ֛ת	259	HAcfsa
04NJt	Num.7.50	עֲשָׂרָ֥ה	6235	HAcmsa
04vsz	Num.7.50	זָהָ֖ב	2091	HNcmsa
04mgi	Num.7.50	מְלֵאָ֥ה	4392	HAafsa
04nDb	Num.7.50	קְטֹֽרֶת	7004	HNcfsa
04gDS	Num.7.51	פַּ֣ר	6499	HNcmsa
04Efv	Num.7.51	אֶחָ֞ד	259	HAcmsa
04DVj	Num.7.51	בֶּן	1121 a	HNcmsc
04YCE	Num.7.51	בָּקָ֗ר	1241	HNcbsa
04JsT	Num.7.51	אַ֧יִל	352 a	HNcmsa
044Jj	Num.7.51	אֶחָ֛ד	259	HAcmsa
04FjR	Num.7.51	כֶּֽבֶשׂ	3532	HNcmsa
04h6T	Num.7.51	אֶחָ֥ד	259	HAcmsa
04wu9	Num.7.51	בֶּן	1121 a	HNcmsc
044Gx	Num.7.51	שְׁנָת֖/וֹ	8141	HNcfsc/Sp3ms
04Bj7	Num.7.51	לְ/עֹלָֽה	l/5930 a	HR/Ncfsa
04sAN	Num.7.52	שְׂעִיר	8163 b	HNcmsc
04MhW	Num.7.52	עִזִּ֥ים	5795	HNcfpa
04b4t	Num.7.52	אֶחָ֖ד	259	HAcmsa
04KbS	Num.7.52	לְ/חַטָּֽאת	l/2403 b	HR/Ncfsa
04ymY	Num.7.53	וּ/לְ/זֶ֣בַח	c/l/2077	HC/R/Ncmsc
041iQ	Num.7.53	הַ/שְּׁלָמִים֮	d/8002	HTd/Ncmpa
04zDJ	Num.7.53	בָּקָ֣ר	1241	HNcbsa
04bUs	Num.7.53	שְׁנַיִם֒	8147	HAcmda
04dcV	Num.7.53	אֵילִ֤ם	352 a	HNcmpa
04gAL	Num.7.53	חֲמִשָּׁה֙	2568	HAcmsa
04VXy	Num.7.53	עַתֻּדִ֣ים	6260	HNcmpa
04GXL	Num.7.53	חֲמִשָּׁ֔ה	2568	HAcmsa
04KEX	Num.7.53	כְּבָשִׂ֥ים	3532	HNcmpa
04Try	Num.7.53	בְּנֵֽי	1121 a	HNcmpc
04d7i	Num.7.53	שָׁנָ֖ה	8141	HNcfsa
04512	Num.7.53	חֲמִשָּׁ֑ה	2568	HAcmsa
04MzY	Num.7.53	זֶ֛ה	2088	HPdxms
04kXM	Num.7.53	קָרְבַּ֥ן	7133 a	HNcmsc
04Hj8	Num.7.53	אֱלִישָׁמָ֖ע	476	HNp
04zFY	Num.7.53	בֶּן	1121 a	HNcmsc
04Rhm	Num.7.53	עַמִּיהֽוּד	5989	HNp
04hnf	Num.7.54	בַּ/יּוֹם֙	b/3117	HRd/Ncmsa
04eM1	Num.7.54	הַ/שְּׁמִינִ֔י	d/8066	HTd/Aomsa
04hk3	Num.7.54	נָשִׂ֖יא	5387 a	HNcmsa
04W1U	Num.7.54	לִ/בְנֵ֣י	l/1121 a	HR/Ncmpc
048Um	Num.7.54	מְנַשֶּׁ֑ה	4519	HNp
04G4t	Num.7.54	גַּמְלִיאֵ֖ל	1583	HNp
04VzB	Num.7.54	בֶּן	1121 a	HNcmsc
041ou	Num.7.54	פְּדָה	6301+	HNp
04bjQ	Num.7.54	צֽוּר	6301	HNp
04A2U	Num.7.55	קָרְבָּנ֞/וֹ	7133 a	HNcmsc/Sp3ms
04ZM7	Num.7.55	קַֽעֲרַת	7086	HNcfsc
04jY6	Num.7.55	כֶּ֣סֶף	3701	HNcmsa
04XbX	Num.7.55	אַחַ֗ת	259	HAcfsa
04jxp	Num.7.55	שְׁלֹשִׁ֣ים	7970	HAcbpa
04ox4	Num.7.55	וּ/מֵאָה֮	c/3967	HC/Acbsa
04gSB	Num.7.55	מִשְׁקָלָ/הּ֒	4948	HNcmsc/Sp3fs
04mv8	Num.7.55	מִזְרָ֤ק	4219	HNcmsa
04xW5	Num.7.55	אֶחָד֙	259	HAcmsa
04X8c	Num.7.55	כֶּ֔סֶף	3701	HNcmsa
04Kyc	Num.7.55	שִׁבְעִ֥ים	7657	HAcbpa
04MpC	Num.7.55	שֶׁ֖קֶל	8255	HNcmsa
04s71	Num.7.55	בְּ/שֶׁ֣קֶל	b/8255	HR/Ncmsc
0478H	Num.7.55	הַ/קֹּ֑דֶשׁ	d/6944	HTd/Ncmsa
04BwW	Num.7.55	שְׁנֵי/הֶ֣ם	8147	HAcmdc/Sp3mp
04xmm	Num.7.55	מְלֵאִ֗ים	4392	HAampa
04QWv	Num.7.55	סֹ֛לֶת	5560	HNcfsa
04onS	Num.7.55	בְּלוּלָ֥ה	1101 a	HVqsfsa
043CX	Num.7.55	בַ/שֶּׁ֖מֶן	b/8081	HRd/Ncmsa
04kSN	Num.7.55	לְ/מִנְחָֽה	l/4503	HR/Ncfsa
04M79	Num.7.56	כַּ֥ף	3709	HNcfsc
049PJ	Num.7.56	אַחַ֛ת	259	HAcfsa
04psZ	Num.7.56	עֲשָׂרָ֥ה	6235	HAcmsa
04jXT	Num.7.56	זָהָ֖ב	2091	HNcmsa
043i9	Num.7.56	מְלֵאָ֥ה	4392	HAafsa
0486G	Num.7.56	קְטֹֽרֶת	7004	HNcfsa
049x4	Num.7.57	פַּ֣ר	6499	HNcmsa
04FES	Num.7.57	אֶחָ֞ד	259	HAcmsa
04f4y	Num.7.57	בֶּן	1121 a	HNcmsc
04H8b	Num.7.57	בָּקָ֗ר	1241	HNcbsa
04C81	Num.7.57	אַ֧יִל	352 a	HNcmsa
04G5J	Num.7.57	אֶחָ֛ד	259	HAcmsa
046Fc	Num.7.57	כֶּֽבֶשׂ	3532	HNcmsa
04x3P	Num.7.57	אֶחָ֥ד	259	HAcmsa
041wp	Num.7.57	בֶּן	1121 a	HNcmsc
04aq2	Num.7.57	שְׁנָת֖/וֹ	8141	HNcfsc/Sp3ms
04U9g	Num.7.57	לְ/עֹלָֽה	l/5930 a	HR/Ncfsa
04D2c	Num.7.58	שְׂעִיר	8163 b	HNcmsc
04EMa	Num.7.58	עִזִּ֥ים	5795	HNcfpa
04ef3	Num.7.58	אֶחָ֖ד	259	HAcmsa
04saN	Num.7.58	לְ/חַטָּֽאת	l/2403 b	HR/Ncfsa
04U8A	Num.7.59	וּ/לְ/זֶ֣בַח	c/l/2077	HC/R/Ncmsc
04Pdw	Num.7.59	הַ/שְּׁלָמִים֮	d/8002	HTd/Ncmpa
04c8h	Num.7.59	בָּקָ֣ר	1241	HNcbsa
04vjE	Num.7.59	שְׁנַיִם֒	8147	HAcmda
04JgM	Num.7.59	אֵילִ֤ם	352 a	HNcmpa
04Tmi	Num.7.59	חֲמִשָּׁה֙	2568	HAcmsa
04eRQ	Num.7.59	עַתֻּדִ֣ים	6260	HNcmpa
04Ky8	Num.7.59	חֲמִשָּׁ֔ה	2568	HAcmsa
04Xnm	Num.7.59	כְּבָשִׂ֥ים	3532	HNcmpa
04V6c	Num.7.59	בְּנֵי	1121 a	HNcmpc
0483z	Num.7.59	שָׁנָ֖ה	8141	HNcfsa
04gBP	Num.7.59	חֲמִשָּׁ֑ה	2568	HAcmsa
04PP6	Num.7.59	זֶ֛ה	2088	HPdxms
04rfQ	Num.7.59	קָרְבַּ֥ן	7133 a	HNcmsc
041kz	Num.7.59	גַּמְלִיאֵ֖ל	1583	HNp
04qBP	Num.7.59	בֶּן	1121 a	HNcmsc
042rB	Num.7.59	פְּדָה	6301+	HNp
04Hxg	Num.7.59	צֽוּר	6301	HNp
049fZ	Num.7.60	בַּ/יּוֹם֙	b/3117	HRd/Ncmsa
04SCH	Num.7.60	הַ/תְּשִׁיעִ֔י	d/8671	HTd/Aomsa
04anU	Num.7.60	נָשִׂ֖יא	5387 a	HNcmsa
04DJC	Num.7.60	לִ/בְנֵ֣י	l/1121 a	HR/Ncmpc
04u5x	Num.7.60	בִנְיָמִ֑ן	1144	HNp
04YgF	Num.7.60	אֲבִידָ֖ן	27	HNp
04p1g	Num.7.60	בֶּן	1121 a	HNcmsc
04g1i	Num.7.60	גִּדְעֹנִֽי	1441	HNp
04Wdi	Num.7.61	קָרְבָּנ֞/וֹ	7133 a	HNcmsc/Sp3ms
04YMa	Num.7.61	קַֽעֲרַת	7086	HNcfsc
04xEe	Num.7.61	כֶּ֣סֶף	3701	HNcmsa
04z48	Num.7.61	אַחַ֗ת	259	HAcfsa
04fDm	Num.7.61	שְׁלֹשִׁ֣ים	7970	HAcbpa
04FEx	Num.7.61	וּ/מֵאָה֮	c/3967	HC/Acbsa
04aSS	Num.7.61	מִשְׁקָלָ/הּ֒	4948	HNcmsc/Sp3fs
04iAj	Num.7.61	מִזְרָ֤ק	4219	HNcmsa
04aWd	Num.7.61	אֶחָד֙	259	HAcmsa
04Vuh	Num.7.61	כֶּ֔סֶף	3701	HNcmsa
044nG	Num.7.61	שִׁבְעִ֥ים	7657	HAcbpa
04D7R	Num.7.61	שֶׁ֖קֶל	8255	HNcmsa
04fw9	Num.7.61	בְּ/שֶׁ֣קֶל	b/8255	HR/Ncmsc
04znQ	Num.7.61	הַ/קֹּ֑דֶשׁ	d/6944	HTd/Ncmsa
04ZdC	Num.7.61	שְׁנֵי/הֶ֣ם	8147	HAcmdc/Sp3mp
042MP	Num.7.61	מְלֵאִ֗ים	4392	HAampa
04Exz	Num.7.61	סֹ֛לֶת	5560	HNcfsa
043Cy	Num.7.61	בְּלוּלָ֥ה	1101 a	HVqsfsa
04EDb	Num.7.61	בַ/שֶּׁ֖מֶן	b/8081	HRd/Ncmsa
04xv7	Num.7.61	לְ/מִנְחָֽה	l/4503	HR/Ncfsa
04r5Y	Num.7.62	כַּ֥ף	3709	HNcfsc
04nEK	Num.7.62	אַחַ֛ת	259	HAcfsa
04B86	Num.7.62	עֲשָׂרָ֥ה	6235	HAcmsa
04CK1	Num.7.62	זָהָ֖ב	2091	HNcmsa
04jAF	Num.7.62	מְלֵאָ֥ה	4392	HAafsa
04Gr7	Num.7.62	קְטֹֽרֶת	7004	HNcfsa
04sWN	Num.7.63	פַּ֣ר	6499	HNcmsa
04DbU	Num.7.63	אֶחָ֞ד	259	HAcmsa
04eDs	Num.7.63	בֶּן	1121 a	HNcmsc
04M1k	Num.7.63	בָּקָ֗ר	1241	HNcbsa
04nt9	Num.7.63	אַ֧יִל	352 a	HNcmsa
04uo8	Num.7.63	אֶחָ֛ד	259	HAcmsa
04wi3	Num.7.63	כֶּֽבֶשׂ	3532	HNcmsa
04mK4	Num.7.63	אֶחָ֥ד	259	HAcmsa
04dSA	Num.7.63	בֶּן	1121 a	HNcmsc
04P8j	Num.7.63	שְׁנָת֖/וֹ	8141	HNcfsc/Sp3ms
04b9e	Num.7.63	לְ/עֹלָֽה	l/5930 a	HR/Ncfsa
047pd	Num.7.64	שְׂעִיר	8163 b	HNcmsc
04B4V	Num.7.64	עִזִּ֥ים	5795	HNcfpa
04ikF	Num.7.64	אֶחָ֖ד	259	HAcmsa
0466C	Num.7.64	לְ/חַטָּֽאת	l/2403 b	HR/Ncfsa
044bg	Num.7.65	וּ/לְ/זֶ֣בַח	c/l/2077	HC/R/Ncmsc
04Kgg	Num.7.65	הַ/שְּׁלָמִים֮	d/8002	HTd/Ncmpa
04M2B	Num.7.65	בָּקָ֣ר	1241	HNcbsa
04NU6	Num.7.65	שְׁנַיִם֒	8147	HAcmda
04ukR	Num.7.65	אֵילִ֤ם	352 a	HNcmpa
04ojb	Num.7.65	חֲמִשָּׁה֙	2568	HAcmsa
04Ft6	Num.7.65	עַתֻּדִ֣ים	6260	HNcmpa
04fja	Num.7.65	חֲמִשָּׁ֔ה	2568	HAcmsa
04phB	Num.7.65	כְּבָשִׂ֥ים	3532	HNcmpa
04Fww	Num.7.65	בְּנֵי	1121 a	HNcmpc
04wY4	Num.7.65	שָׁנָ֖ה	8141	HNcfsa
0491B	Num.7.65	חֲמִשָּׁ֑ה	2568	HAcmsa
04qim	Num.7.65	זֶ֛ה	2088	HPdxms
04bDb	Num.7.65	קָרְבַּ֥ן	7133 a	HNcmsc
04bJB	Num.7.65	אֲבִידָ֖ן	27	HNp
04LbJ	Num.7.65	בֶּן	1121 a	HNcmsc
04pwG	Num.7.65	גִּדְעֹנִֽי	1441	HNp
04pBV	Num.7.66	בַּ/יּוֹם֙	b/3117	HRd/Ncmsa
04mui	Num.7.66	הָ/עֲשִׂירִ֔י	d/6224	HTd/Aomsa
0411H	Num.7.66	נָשִׂ֖יא	5387 a	HNcmsa
04Yer	Num.7.66	לִ/בְנֵ֣י	l/1121 a	HR/Ncmpc
04Ua5	Num.7.66	דָ֑ן	1835	HNp
04drz	Num.7.66	אֲחִיעֶ֖זֶר	295	HNp
04mWC	Num.7.66	בֶּן	1121 a	HNcmsc
04euh	Num.7.66	עַמִּישַׁדָּֽי	5996	HNp
04iWd	Num.7.67	קָרְבָּנ֞/וֹ	7133 a	HNcmsc/Sp3ms
04tJY	Num.7.67	קַֽעֲרַת	7086	HNcfsc
04wX7	Num.7.67	כֶּ֣סֶף	3701	HNcmsa
04264	Num.7.67	אַחַ֗ת	259	HAcfsa
04nWK	Num.7.67	שְׁלֹשִׁ֣ים	7970	HAcbpa
04FhW	Num.7.67	וּ/מֵאָה֮	c/3967	HC/Acbsa
04xwC	Num.7.67	מִשְׁקָלָ/הּ֒	4948	HNcmsc/Sp3fs
04Gfv	Num.7.67	מִזְרָ֤ק	4219	HNcmsa
04pu7	Num.7.67	אֶחָד֙	259	HAcmsa
04NZd	Num.7.67	כֶּ֔סֶף	3701	HNcmsa
04SP9	Num.7.67	שִׁבְעִ֥ים	7657	HAcbpa
048M7	Num.7.67	שֶׁ֖קֶל	8255	HNcmsa
04dJj	Num.7.67	בְּ/שֶׁ֣קֶל	b/8255	HR/Ncmsc
04edC	Num.7.67	הַ/קֹּ֑דֶשׁ	d/6944	HTd/Ncmsa
04mRn	Num.7.67	שְׁנֵי/הֶ֣ם	8147	HAcmdc/Sp3mp
04axV	Num.7.67	מְלֵאִ֗ים	4392	HAampa
04o7u	Num.7.67	סֹ֛לֶת	5560	HNcfsa
04ihd	Num.7.67	בְּלוּלָ֥ה	1101 a	HVqsfsa
04vRG	Num.7.67	בַ/שֶּׁ֖מֶן	b/8081	HRd/Ncmsa
04fGs	Num.7.67	לְ/מִנְחָֽה	l/4503	HR/Ncfsa
045QH	Num.7.68	כַּ֥ף	3709	HNcfsc
04R1Q	Num.7.68	אַחַ֛ת	259	HAcfsa
04ckh	Num.7.68	עֲשָׂרָ֥ה	6235	HAcmsa
04z9U	Num.7.68	זָהָ֖ב	2091	HNcmsa
04ySc	Num.7.68	מְלֵאָ֥ה	4392	HAafsa
04hPW	Num.7.68	קְטֹֽרֶת	7004	HNcfsa
04CfY	Num.7.69	פַּ֣ר	6499	HNcmsa
04b31	Num.7.69	אֶחָ֞ד	259	HAcmsa
04PmK	Num.7.69	בֶּן	1121 a	HNcmsc
04DVx	Num.7.69	בָּקָ֗ר	1241	HNcbsa
04XEf	Num.7.69	אַ֧יִל	352 a	HNcmsa
0456w	Num.7.69	אֶחָ֛ד	259	HAcmsa
04h2d	Num.7.69	כֶּֽבֶשׂ	3532	HNcmsa
04GLn	Num.7.69	אֶחָ֥ד	259	HAcmsa
042mU	Num.7.69	בֶּן	1121 a	HNcmsc
04gjo	Num.7.69	שְׁנָת֖/וֹ	8141	HNcfsc/Sp3ms
04jvq	Num.7.69	לְ/עֹלָֽה	l/5930 a	HR/Ncfsa
04kmi	Num.7.70	שְׂעִיר	8163 b	HNcmsc
04uRv	Num.7.70	עִזִּ֥ים	5795	HNcfpa
04YCW	Num.7.70	אֶחָ֖ד	259	HAcmsa
04uJ1	Num.7.70	לְ/חַטָּֽאת	l/2403 b	HR/Ncfsa
0471E	Num.7.71	וּ/לְ/זֶ֣בַח	c/l/2077	HC/R/Ncmsc
04kBH	Num.7.71	הַ/שְּׁלָמִים֮	d/8002	HTd/Ncmpa
04tFR	Num.7.71	בָּקָ֣ר	1241	HNcbsa
04oGq	Num.7.71	שְׁנַיִם֒	8147	HAcmda
04REV	Num.7.71	אֵילִ֤ם	352 a	HNcmpa
04XBk	Num.7.71	חֲמִשָּׁה֙	2568	HAcmsa
04WEz	Num.7.71	עַתֻּדִ֣ים	6260	HNcmpa
04b9h	Num.7.71	חֲמִשָּׁ֔ה	2568	HAcmsa
04jKo	Num.7.71	כְּבָשִׂ֥ים	3532	HNcmpa
045EL	Num.7.71	בְּנֵֽי	1121 a	HNcmpc
04CTs	Num.7.71	שָׁנָ֖ה	8141	HNcfsa
04Cz7	Num.7.71	חֲמִשָּׁ֑ה	2568	HAcmsa
044NJ	Num.7.71	זֶ֛ה	2088	HPdxms
04nWS	Num.7.71	קָרְבַּ֥ן	7133 a	HNcmsc
04CJ3	Num.7.71	אֲחִיעֶ֖זֶר	295	HNp
04Ymk	Num.7.71	בֶּן	1121 a	HNcmsc
04fAS	Num.7.71	עַמִּישַׁדָּֽי	5996	HNp
04x3S	Num.7.72	בְּ/יוֹם֙	b/3117	HR/Ncmsc
044tb	Num.7.72	עַשְׁתֵּ֣י	6249	HAobpc
04a6P	Num.7.72	עָשָׂ֣ר	6240	HAcmsa
04nWj	Num.7.72	י֔וֹם	3117	HNcmsa
04eKZ	Num.7.72	נָשִׂ֖יא	5387 a	HNcmsa
04tM8	Num.7.72	לִ/בְנֵ֣י	l/1121 a	HR/Ncmpc
04CrC	Num.7.72	אָשֵׁ֑ר	836	HNp
04q3W	Num.7.72	פַּגְעִיאֵ֖ל	6295	HNp
04yMr	Num.7.72	בֶּן	1121 a	HNcmsc
048Ci	Num.7.72	עָכְרָֽן	5918	HNp
04jsc	Num.7.73	קָרְבָּנ֞/וֹ	7133 a	HNcmsc/Sp3ms
04kGg	Num.7.73	קַֽעֲרַת	7086	HNcfsc
04miQ	Num.7.73	כֶּ֣סֶף	3701	HNcmsa
04Q6Z	Num.7.73	אַחַ֗ת	259	HAcfsa
04auq	Num.7.73	שְׁלֹשִׁ֣ים	7970	HAcbpa
04Nmy	Num.7.73	וּ/מֵאָה֮	c/3967	HC/Acbsa
04HXq	Num.7.73	מִשְׁקָלָ/הּ֒	4948	HNcmsc/Sp3fs
04Prq	Num.7.73	מִזְרָ֤ק	4219	HNcmsa
04GoM	Num.7.73	אֶחָד֙	259	HAcmsa
04Qit	Num.7.73	כֶּ֔סֶף	3701	HNcmsa
04EWH	Num.7.73	שִׁבְעִ֥ים	7657	HAcbpa
04v1C	Num.7.73	שֶׁ֖קֶל	8255	HNcmsa
04tNG	Num.7.73	בְּ/שֶׁ֣קֶל	b/8255	HR/Ncmsc
04Hag	Num.7.73	הַ/קֹּ֑דֶשׁ	d/6944	HTd/Ncmsa
04n52	Num.7.73	שְׁנֵי/הֶ֣ם	8147	HAcmdc/Sp3mp
04eDt	Num.7.73	מְלֵאִ֗ים	4392	HAampa
048jm	Num.7.73	סֹ֛לֶת	5560	HNcfsa
04o98	Num.7.73	בְּלוּלָ֥ה	1101 a	HVqsfsa
045ax	Num.7.73	בַ/שֶּׁ֖מֶן	b/8081	HRd/Ncmsa
04ce1	Num.7.73	לְ/מִנְחָֽה	l/4503	HR/Ncfsa
04iyi	Num.7.74	כַּ֥ף	3709	HNcfsc
049mB	Num.7.74	אַחַ֛ת	259	HAcfsa
041yE	Num.7.74	עֲשָׂרָ֥ה	6235	HAcmsa
04kZi	Num.7.74	זָהָ֖ב	2091	HNcmsa
04XWn	Num.7.74	מְלֵאָ֥ה	4392	HAafsa
04N3v	Num.7.74	קְטֹֽרֶת	7004	HNcfsa
04WjB	Num.7.75	פַּ֣ר	6499	HNcmsa
04z8A	Num.7.75	אֶחָ֞ד	259	HAcmsa
04CqV	Num.7.75	בֶּן	1121 a	HNcmsc
04gaD	Num.7.75	בָּקָ֗ר	1241	HNcbsa
04iXd	Num.7.75	אַ֧יִל	352 a	HNcmsa
04MD3	Num.7.75	אֶחָ֛ד	259	HAcmsa
04HgW	Num.7.75	כֶּֽבֶשׂ	3532	HNcmsa
04ns5	Num.7.75	אֶחָ֥ד	259	HAcmsa
04jBp	Num.7.75	בֶּן	1121 a	HNcmsc
04YWJ	Num.7.75	שְׁנָת֖/וֹ	8141	HNcfsc/Sp3ms
04SNT	Num.7.75	לְ/עֹלָֽה	l/5930 a	HR/Ncfsa
043ye	Num.7.76	שְׂעִיר	8163 b	HNcmsc
04sN7	Num.7.76	עִזִּ֥ים	5795	HNcfpa
04X85	Num.7.76	אֶחָ֖ד	259	HAcmsa
04oVd	Num.7.76	לְ/חַטָּֽאת	l/2403 b	HR/Ncfsa
04Qiq	Num.7.77	וּ/לְ/זֶ֣בַח	c/l/2077	HC/R/Ncmsc
04hE4	Num.7.77	הַ/שְּׁלָמִים֮	d/8002	HTd/Ncmpa
04pej	Num.7.77	בָּקָ֣ר	1241	HNcbsa
04Y5A	Num.7.77	שְׁנַיִם֒	8147	HAcmda
04ti3	Num.7.77	אֵילִ֤ם	352 a	HNcmpa
04XtY	Num.7.77	חֲמִשָּׁה֙	2568	HAcmsa
04kBb	Num.7.77	עַתֻּדִ֣ים	6260	HNcmpa
04CAc	Num.7.77	חֲמִשָּׁ֔ה	2568	HAcmsa
04dWV	Num.7.77	כְּבָשִׂ֥ים	3532	HNcmpa
04atD	Num.7.77	בְּנֵֽי	1121 a	HNcmpc
04Uit	Num.7.77	שָׁנָ֖ה	8141	HNcfsa
04mrd	Num.7.77	חֲמִשָּׁ֑ה	2568	HAcmsa
048NY	Num.7.77	זֶ֛ה	2088	HPdxms
04BdS	Num.7.77	קָרְבַּ֥ן	7133 a	HNcmsc
047d1	Num.7.77	פַּגְעִיאֵ֖ל	6295	HNp
04iGP	Num.7.77	בֶּן	1121 a	HNcmsc
04LXv	Num.7.77	עָכְרָֽן	5918	HNp
04YrG	Num.7.78	בְּ/יוֹם֙	b/3117	HR/Ncmsc
04SBB	Num.7.78	שְׁנֵ֣ים	8147	HAcmda
04EcU	Num.7.78	עָשָׂ֣ר	6240	HAcmsa
04Yth	Num.7.78	י֔וֹם	3117	HNcmsa
04fZb	Num.7.78	נָשִׂ֖יא	5387 a	HNcmsa
04G6t	Num.7.78	לִ/בְנֵ֣י	l/1121 a	HR/Ncmpc
044zB	Num.7.78	נַפְתָּלִ֑י	5321	HNp
04DaG	Num.7.78	אֲחִירַ֖ע	299	HNp
04USD	Num.7.78	בֶּן	1121 a	HNcmsc
042W4	Num.7.78	עֵינָֽן	5881	HNp
04Uzr	Num.7.79	קָרְבָּנ֞/וֹ	7133 a	HNcmsc/Sp3ms
045bQ	Num.7.79	קַֽעֲרַת	7086	HNcfsc
04whG	Num.7.79	כֶּ֣סֶף	3701	HNcmsa
04Ztm	Num.7.79	אַחַ֗ת	259	HAcfsa
04gob	Num.7.79	שְׁלֹשִׁ֣ים	7970	HAcbpa
04QLb	Num.7.79	וּ/מֵאָה֮	c/3967	HC/Acbsa
04CzH	Num.7.79	מִשְׁקָלָ/הּ֒	4948	HNcmsc/Sp3fs
04SRf	Num.7.79	מִזְרָ֤ק	4219	HNcmsa
04aUL	Num.7.79	אֶחָד֙	259	HAcmsa
04ABu	Num.7.79	כֶּ֔סֶף	3701	HNcmsa
04Qno	Num.7.79	שִׁבְעִ֥ים	7657	HAcbpa
04faU	Num.7.79	שֶׁ֖קֶל	8255	HNcmsa
04xJG	Num.7.79	בְּ/שֶׁ֣קֶל	b/8255	HR/Ncmsc
04mUS	Num.7.79	הַ/קֹּ֑דֶשׁ	d/6944	HTd/Ncmsa
04rbb	Num.7.79	שְׁנֵי/הֶ֣ם	8147	HAcmdc/Sp3mp
047s1	Num.7.79	מְלֵאִ֗ים	4392	HAampa
04g7p	Num.7.79	סֹ֛לֶת	5560	HNcfsa
04SNp	Num.7.79	בְּלוּלָ֥ה	1101 a	HVqsfsa
04Fjh	Num.7.79	בַ/שֶּׁ֖מֶן	b/8081	HRd/Ncmsa
04aH9	Num.7.79	לְ/מִנְחָֽה	l/4503	HR/Ncfsa
04kv5	Num.7.80	כַּ֥ף	3709	HNcfsc
04RUm	Num.7.80	אַחַ֛ת	259	HAcfsa
04NJw	Num.7.80	עֲשָׂרָ֥ה	6235	HAcmsa
04pgX	Num.7.80	זָהָ֖ב	2091	HNcmsa
04pvp	Num.7.80	מְלֵאָ֥ה	4392	HAafsa
04g9e	Num.7.80	קְטֹֽרֶת	7004	HNcfsa
04qtY	Num.7.81	פַּ֣ר	6499	HNcmsa
04mno	Num.7.81	אֶחָ֞ד	259	HAcmsa
045Ne	Num.7.81	בֶּן	1121 a	HNcmsc
04kfA	Num.7.81	בָּקָ֗ר	1241	HNcbsa
04o9X	Num.7.81	אַ֧יִל	352 a	HNcmsa
04qEq	Num.7.81	אֶחָ֛ד	259	HAcmsa
04FMs	Num.7.81	כֶּֽבֶשׂ	3532	HNcmsa
04uss	Num.7.81	אֶחָ֥ד	259	HAcmsa
04LSu	Num.7.81	בֶּן	1121 a	HNcmsc
04X7L	Num.7.81	שְׁנָת֖/וֹ	8141	HNcfsc/Sp3ms
04acK	Num.7.81	לְ/עֹלָֽה	l/5930 a	HR/Ncfsa
04Bfx	Num.7.82	שְׂעִיר	8163 b	HNcmsc
04Jcq	Num.7.82	עִזִּ֥ים	5795	HNcfpa
04yxB	Num.7.82	אֶחָ֖ד	259	HAcmsa
04EMh	Num.7.82	לְ/חַטָּֽאת	l/2403 b	HR/Ncfsa
04oSC	Num.7.83	וּ/לְ/זֶ֣בַח	c/l/2077	HC/R/Ncmsc
04x6j	Num.7.83	הַ/שְּׁלָמִים֮	d/8002	HTd/Ncmpa
04sqj	Num.7.83	בָּקָ֣ר	1241	HNcbsa
04U8L	Num.7.83	שְׁנַיִם֒	8147	HAcmda
04N1A	Num.7.83	אֵילִ֤ם	352 a	HNcmpa
04S7G	Num.7.83	חֲמִשָּׁה֙	2568	HAcmsa
04jyn	Num.7.83	עַתֻּדִ֣ים	6260	HNcmpa
04K1A	Num.7.83	חֲמִשָּׁ֔ה	2568	HAcmsa
04uDX	Num.7.83	כְּבָשִׂ֥ים	3532	HNcmpa
04xoq	Num.7.83	בְּנֵֽי	1121 a	HNcmpc
04p8s	Num.7.83	שָׁנָ֖ה	8141	HNcfsa
04u7q	Num.7.83	חֲמִשָּׁ֑ה	2568	HAcmsa
04WtS	Num.7.83	זֶ֛ה	2088	HPdxms
04PiF	Num.7.83	קָרְבַּ֥ן	7133 a	HNcmsc
04wyB	Num.7.83	אֲחִירַ֖ע	299	HNp
04uBF	Num.7.83	בֶּן	1121 a	HNcmsc
04wqi	Num.7.83	עֵינָֽן	5881	HNp
04Fm8	Num.7.84	זֹ֣את	2063	HPdxfs
045Sy	Num.7.84	חֲנֻכַּ֣ת	2598	HNcfsc
042gS	Num.7.84	הַ/מִּזְבֵּ֗חַ	d/4196	HTd/Ncmsa
04Jut	Num.7.84	בְּ/יוֹם֙	b/3117	HR/Ncmsa
04p3n	Num.7.84	הִמָּשַׁ֣ח	4886	HVNc
04d68	Num.7.84	אֹת֔/וֹ	853	HTo/Sp3ms
04qeT	Num.7.84	מֵ/אֵ֖ת	m/854	HR/R
042pY	Num.7.84	נְשִׂיאֵ֣י	5387 a	HNcmpc
04hYY	Num.7.84	יִשְׂרָאֵ֑ל	3478	HNp
04gz6	Num.7.84	קַעֲרֹ֨ת	7086	HNcfpc
04YKe	Num.7.84	כֶּ֜סֶף	3701	HNcmsa
04LnX	Num.7.84	שְׁתֵּ֣ים	8147	HAcfda
04fBS	Num.7.84	עֶשְׂרֵ֗ה	6240	HAcfsa
04r2p	Num.7.84	מִֽזְרְקֵי	4219	HNcmpc
04RiY	Num.7.84	כֶ֨סֶף֙	3701	HNcmsa
04ZhF	Num.7.84	שְׁנֵ֣ים	8147	HAcmda
04M4z	Num.7.84	עָשָׂ֔ר	6240	HAcmsa
04t9s	Num.7.84	כַּפּ֥וֹת	3709	HNcfpc
04ubY	Num.7.84	זָהָ֖ב	2091	HNcmsa
04hDs	Num.7.84	שְׁתֵּ֥ים	8147	HAcfda
04tti	Num.7.84	עֶשְׂרֵֽה	6240	HAcfsa
04Ht3	Num.7.85	שְׁלֹשִׁ֣ים	7970	HAcbpa
0437A	Num.7.85	וּ/מֵאָ֗ה	c/3967	HC/Acbsa
04ZhJ	Num.7.85	הַ/קְּעָרָ֤ה	d/7086	HTd/Ncfsa
04SmQ	Num.7.85	הָֽ/אַחַת֙	d/259	HTd/Acfsa
04MZa	Num.7.85	כֶּ֔סֶף	3701	HNcmsa
04zKB	Num.7.85	וְ/שִׁבְעִ֖ים	c/7657	HC/Acbpa
04eLd	Num.7.85	הַ/מִּזְרָ֣ק	d/4219	HTd/Ncmsa
04o5N	Num.7.85	הָ/אֶחָ֑ד	d/259	HTd/Acmsa
04S8J	Num.7.85	כֹּ֚ל	3605	HNcmsc
04wdY	Num.7.85	כֶּ֣סֶף	3701	HNcmsc
044qA	Num.7.85	הַ/כֵּלִ֔ים	d/3627	HTd/Ncmpa
04vHo	Num.7.85	אַלְפַּ֥יִם	505	HAcbpa
04JGD	Num.7.85	וְ/אַרְבַּע	c/702	HC/Acfsa
046uD	Num.7.85	מֵא֖וֹת	3967	HAcbpa
04CXt	Num.7.85	בְּ/שֶׁ֥קֶל	b/8255	HR/Ncmsc
04Pwy	Num.7.85	הַ/קֹּֽדֶשׁ	d/6944	HTd/Ncmsa
048Dn	Num.7.86	כַּפּ֨וֹת	3709	HNcfpc
04avv	Num.7.86	זָהָ֤ב	2091	HNcmsa
04bKm	Num.7.86	שְׁתֵּים	8147	HAcfda
044Vj	Num.7.86	עֶשְׂרֵה֙	6240	HAcfsa
041Ae	Num.7.86	מְלֵאֹ֣ת	4392	HAafpa
04Kmu	Num.7.86	קְטֹ֔רֶת	7004	HNcfsa
04yUJ	Num.7.86	עֲשָׂרָ֧ה	6235	HAcmsa
04UZY	Num.7.86	עֲשָׂרָ֛ה	6235	HAcmsa
04t13	Num.7.86	הַ/כַּ֖ף	d/3709	HTd/Ncfsa
04SW7	Num.7.86	בְּ/שֶׁ֣קֶל	b/8255	HR/Ncmsc
04znf	Num.7.86	הַ/קֹּ֑דֶשׁ	d/6944	HTd/Ncmsa
0412R	Num.7.86	כָּל	3605	HNcmsc
04Wm7	Num.7.86	זְהַ֥ב	2091	HNcmsc
04Jxk	Num.7.86	הַ/כַּפּ֖וֹת	d/3709	HTd/Ncfpa
04zc3	Num.7.86	עֶשְׂרִ֥ים	6242	HAcbpa
04hE9	Num.7.86	וּ/מֵאָֽה	c/3967	HC/Acbsa
04NHf	Num.7.87	כָּל	3605	HNcmsc
04d3H	Num.7.87	הַ/בָּקָ֨ר	d/1241	HTd/Ncbsa
04hmj	Num.7.87	לָ/עֹלָ֜ה	l/5930 a	HRd/Ncfsa
04GSJ	Num.7.87	שְׁנֵ֧ים	8147	HAcmda
04RMB	Num.7.87	עָשָׂ֣ר	6240	HAcmsa
042am	Num.7.87	פָּרִ֗ים	6499	HNcmpa
04Pwx	Num.7.87	אֵילִ֤ם	352 a	HNcmpa
04sNu	Num.7.87	שְׁנֵים	8147	HAcmda
04SGp	Num.7.87	עָשָׂר֙	6240	HAcmsa
04AKE	Num.7.87	כְּבָשִׂ֧ים	3532	HNcmpa
04BdE	Num.7.87	בְּנֵֽי	1121 a	HNcmpc
04Z58	Num.7.87	שָׁנָ֛ה	8141	HNcfsa
04sXJ	Num.7.87	שְׁנֵ֥ים	8147	HAcmda
04nEL	Num.7.87	עָשָׂ֖ר	6240	HAcmsa
04LDB	Num.7.87	וּ/מִנְחָתָ֑/ם	c/4503	HC/Ncfsc/Sp3mp
04Lsc	Num.7.87	וּ/שְׂעִירֵ֥י	c/8163 b	HC/Ncmpc
044Se	Num.7.87	עִזִּ֛ים	5795	HNcfpa
04KM8	Num.7.87	שְׁנֵ֥ים	8147	HAcmda
049DU	Num.7.87	עָשָׂ֖ר	6240	HAcmsa
044Q5	Num.7.87	לְ/חַטָּֽאת	l/2403 b	HR/Ncfsa
04NAz	Num.7.88	וְ/כֹ֞ל	c/3605	HC/Ncmsc
04xWi	Num.7.88	בְּקַ֣ר	1241	HNcbsc
04kqa	Num.7.88	זֶ֣בַח	2077	HNcmsc
04Awb	Num.7.88	הַ/שְּׁלָמִ֗ים	d/8002	HTd/Ncmpa
04Us6	Num.7.88	עֶשְׂרִ֣ים	6242	HAcbpa
04XWb	Num.7.88	וְ/אַרְבָּעָה֮	c/702	HC/Acmsa
04AzE	Num.7.88	פָּרִים֒	6499	HNcmpa
04zMc	Num.7.88	אֵילִ֤ם	352 a	HNcmpa
04f4L	Num.7.88	שִׁשִּׁים֙	8346	HAcbpa
04zMh	Num.7.88	עַתֻּדִ֣ים	6260	HNcmpa
04uRx	Num.7.88	שִׁשִּׁ֔ים	8346	HAcbpa
04u5G	Num.7.88	כְּבָשִׂ֥ים	3532	HNcmpa
04V2c	Num.7.88	בְּנֵי	1121 a	HNcmpc
04GoD	Num.7.88	שָׁנָ֖ה	8141	HNcfsa
04Euf	Num.7.88	שִׁשִּׁ֑ים	8346	HAcbpa
04hmw	Num.7.88	זֹ֚את	2063	HPdxfs
04Hme	Num.7.88	חֲנֻכַּ֣ת	2598	HNcfsc
04pDV	Num.7.88	הַ/מִּזְבֵּ֔חַ	d/4196	HTd/Ncmsa
04zCP	Num.7.88	אַחֲרֵ֖י	310 a	HR
04QxP	Num.7.88	הִמָּשַׁ֥ח	4886	HVNc
04ihJ	Num.7.88	אֹתֽ/וֹ	853	HTo/Sp3ms
04NR3	Num.7.89	וּ/בְ/בֹ֨א	c/b/935	HC/R/Vqc
04Wsp	Num.7.89	מֹשֶׁ֜ה	4872	HNp
04eVQ	Num.7.89	אֶל	413	HR
04upN	Num.7.89	אֹ֣הֶל	168	HNcmsc
04Zh8	Num.7.89	מוֹעֵד֮	4150	HNcmsa
04Pf6	Num.7.89	לְ/דַבֵּ֣ר	l/1696	HR/Vpc
04kEn	Num.7.89	אִתּ/וֹ֒	854	HR/Sp3ms
04det	Num.7.89	וַ/יִּשְׁמַ֨ע	c/8085	HC/Vqw3ms
04peM	Num.7.89	אֶת	853	HTo
04dMe	Num.7.89	הַ/קּ֜וֹל	d/6963 a	HTd/Ncmsa
04VmC	Num.7.89	מִדַּבֵּ֣ר	1696	HVtrmsa
04wQx	Num.7.89	אֵלָ֗י/ו	413	HR/Sp3ms
04VMV	Num.7.89	מֵ/עַ֤ל	m/5921 a	HR/R
04GSm	Num.7.89	הַ/כַּפֹּ֨רֶת֙	d/3727	HTd/Ncfsa
045sF	Num.7.89	אֲשֶׁר֙	834 a	HTr
04Rdh	Num.7.89	עַל	5921 a	HR
04V35	Num.7.89	אֲרֹ֣ן	727	HNcbsc
04iQU	Num.7.89	הָ/עֵדֻ֔ת	d/5715	HTd/Ncfsa
044GK	Num.7.89	מִ/בֵּ֖ין	m/996	HR/R
047A7	Num.7.89	שְׁנֵ֣י	8147	HAcmdc
04W71	Num.7.89	הַ/כְּרֻבִ֑ים	d/3742	HTd/Ncmpa
0488E	Num.7.89	וַ/יְדַבֵּ֖ר	c/1696	HC/Vpw3ms
04Gdj	Num.7.89	אֵלָֽי/ו	413	HR/Sp3ms
04h3q	Num.8.1	וַ/יְדַבֵּ֥ר	c/1696	HC/Vpw3ms
04fkU	Num.8.1	יְהוָ֖ה	3068	HNp
04Ass	Num.8.1	אֶל	413	HR
0497U	Num.8.1	מֹשֶׁ֥ה	4872	HNp
04YSa	Num.8.1	לֵּ/אמֹֽר	l/559	HR/Vqc
04FHj	Num.8.2	דַּבֵּר֙	1696	HVpv2ms
048ZH	Num.8.2	אֶֽל	413	HR
04vK2	Num.8.2	אַהֲרֹ֔ן	175	HNp
04SNW	Num.8.2	וְ/אָמַרְתָּ֖	c/559	HC/Vqq2ms
04Mrd	Num.8.2	אֵלָ֑י/ו	413	HR/Sp3ms
04mxr	Num.8.2	בְּ/הַעֲלֹֽתְ/ךָ֙	b/5927	HR/Vhc/Sp2ms
04Rm3	Num.8.2	אֶת	853	HTo
04JFe	Num.8.2	הַ/נֵּרֹ֔ת	d/5216 a	HTd/Ncmpa
04Vat	Num.8.2	אֶל	413	HR
044Nu	Num.8.2	מוּל֙	4136	HR
0459s	Num.8.2	פְּנֵ֣י	6440	HNcbpc
04yAS	Num.8.2	הַ/מְּנוֹרָ֔ה	d/4501	HTd/Ncfsa
04Drk	Num.8.2	יָאִ֖ירוּ	215	HVhi3mp
04kox	Num.8.2	שִׁבְעַ֥ת	7651	HAcmsc
04qHe	Num.8.2	הַ/נֵּרֽוֹת	d/5216 a	HTd/Ncmpa
04bLP	Num.8.3	וַ/יַּ֤עַשׂ	c/6213 a	HC/Vqw3ms
04VkX	Num.8.3	כֵּן֙	3651 c	HTm
04Cjp	Num.8.3	אַהֲרֹ֔ן	175	HNp
049dQ	Num.8.3	אֶל	413	HR
04VAa	Num.8.3	מוּל֙	4136	HR
04PY4	Num.8.3	פְּנֵ֣י	6440	HNcbpc
04N7X	Num.8.3	הַ/מְּנוֹרָ֔ה	d/4501	HTd/Ncfsa
049vs	Num.8.3	הֶעֱלָ֖ה	5927	HVhp3ms
04C5h	Num.8.3	נֵרֹתֶ֑י/הָ	5216 a	HNcmpc/Sp3fs
04a7n	Num.8.3	כַּֽ/אֲשֶׁ֛ר	k/834 d	HR/Tr
04zJe	Num.8.3	צִוָּ֥ה	6680	HVpp3ms
04PcK	Num.8.3	יְהוָ֖ה	3068	HNp
04c4r	Num.8.3	אֶת	853	HTo
041zb	Num.8.3	מֹשֶֽׁה	4872	HNp
0489i	Num.8.4	וְ/זֶ֨ה	c/2088	HC/Pdxms
04sCL	Num.8.4	מַעֲשֵׂ֤ה	4639	HNcmsc
04faF	Num.8.4	הַ/מְּנֹרָה֙	d/4501	HTd/Ncfsa
04kqz	Num.8.4	מִקְשָׁ֣ה	4749	HNcfsa
0496q	Num.8.4	זָהָ֔ב	2091	HNcmsa
04ret	Num.8.4	עַד	5704	HR
04C7D	Num.8.4	יְרֵכָ֥/הּ	3409	HNcfsc/Sp3fs
042md	Num.8.4	עַד	5704	HR
04XGJ	Num.8.4	פִּרְחָ֖/הּ	6525	HNcmsc/Sp3fs
04hPa	Num.8.4	מִקְשָׁ֣ה	4749	HNcfsa
04vef	Num.8.4	הִ֑וא	1931	HPp3fs
04cJJ	Num.8.4	כַּ/מַּרְאֶ֗ה	k/4758	HRd/Ncmsa
04rbT	Num.8.4	אֲשֶׁ֨ר	834 a	HTr
048Ea	Num.8.4	הֶרְאָ֤ה	7200	HVhp3ms
04gVK	Num.8.4	יְהוָה֙	3068	HNp
044HS	Num.8.4	אֶת	853	HTo
04mj8	Num.8.4	מֹשֶׁ֔ה	4872	HNp
04bJu	Num.8.4	כֵּ֥ן	3651 c	HTm
04MwN	Num.8.4	עָשָׂ֖ה	6213 a	HVqp3ms
04wWB	Num.8.4	אֶת	853	HTo
04trS	Num.8.4	הַ/מְּנֹרָֽה	d/4501	HTd/Ncfsa
04i8H	Num.8.5	וַ/יְדַבֵּ֥ר	c/1696	HC/Vpw3ms
04rzM	Num.8.5	יְהוָ֖ה	3068	HNp
04wUo	Num.8.5	אֶל	413	HR
04R7j	Num.8.5	מֹשֶׁ֥ה	4872	HNp
04qgv	Num.8.5	לֵּ/אמֹֽר	l/559	HR/Vqc
042zb	Num.8.6	קַ֚ח	3947	HVqv2ms
049RY	Num.8.6	אֶת	853	HTo
04sqX	Num.8.6	הַ/לְוִיִּ֔ם	d/3881	HTd/Ngmpa
04aqQ	Num.8.6	מִ/תּ֖וֹךְ	m/8432	HR/Ncmsc
04rK8	Num.8.6	בְּנֵ֣י	1121 a	HNcmpc
04LMs	Num.8.6	יִשְׂרָאֵ֑ל	3478	HNp
04SGP	Num.8.6	וְ/טִהַרְתָּ֖	c/2891	HC/Vpq2ms
04wyN	Num.8.6	אֹתָֽ/ם	853	HTo/Sp3mp
043Wk	Num.8.7	וְ/כֹֽה	c/3541	HC/D
04MKh	Num.8.7	תַעֲשֶׂ֤ה	6213 a	HVqi2ms
04xqJ	Num.8.7	לָ/הֶם֙	l	HR/Sp3mp
04aoc	Num.8.7	לְ/טַֽהֲרָ֔/ם	l/2891	HR/Vpc/Sp3mp
04aM6	Num.8.7	הַזֵּ֥ה	5137 a	HVhv2ms
04ujL	Num.8.7	עֲלֵי/הֶ֖ם	5921 a	HR/Sp3mp
04i5Y	Num.8.7	מֵ֣י	4325	HNcmpc
04npa	Num.8.7	חַטָּ֑את	2403 b	HNcfsa
04E9M	Num.8.7	וְ/הֶעֱבִ֤ירוּ	c/5674 a	HC/Vhq3cp
04x2c	Num.8.7	תַ֨עַר֙	8593	HNcbsa
04Y2D	Num.8.7	עַל	5921 a	HR
04Meo	Num.8.7	כָּל	3605	HNcmsc
04h5c	Num.8.7	בְּשָׂרָ֔/ם	1320	HNcmsc/Sp3mp
04Nsn	Num.8.7	וְ/כִבְּס֥וּ	c/3526	HC/Vpq3cp
04Pej	Num.8.7	בִגְדֵי/הֶ֖ם	899 b	HNcmpc/Sp3mp
04tYz	Num.8.7	וְ/הִטֶּהָֽרוּ	c/2891	HC/Vtq3cp
04Pcn	Num.8.8	וְ/לָֽקְחוּ֙	c/3947	HC/Vqq3cp
04SiH	Num.8.8	פַּ֣ר	6499	HNcmsa
045cU	Num.8.8	בֶּן	1121 a	HNcmsc
04Eeo	Num.8.8	בָּקָ֔ר	1241	HNcbsa
04mie	Num.8.8	וּ/מִנְחָת֔/וֹ	c/4503	HC/Ncfsc/Sp3ms
04Unm	Num.8.8	סֹ֖לֶת	5560	HNcfsa
04kSG	Num.8.8	בְּלוּלָ֣ה	1101 a	HVqsfsa
04gGY	Num.8.8	בַ/שָּׁ֑מֶן	b/8081	HRd/Ncmsa
04wFV	Num.8.8	וּ/פַר	c/6499	HC/Ncmsa
04RCx	Num.8.8	שֵׁנִ֥י	8145	HAomsa
04ti5	Num.8.8	בֶן	1121 a	HNcmsc
04rN3	Num.8.8	בָּקָ֖ר	1241	HNcbsa
04BLX	Num.8.8	תִּקַּ֥ח	3947	HVqi2ms
04boU	Num.8.8	לְ/חַטָּֽאת	l/2403 b	HR/Ncfsa
04d1n	Num.8.9	וְ/הִקְרַבְתָּ֙	c/7126	HC/Vhq2ms
04b8r	Num.8.9	אֶת	853	HTo
04PBA	Num.8.9	הַ/לְוִיִּ֔ם	d/3881	HTd/Ngmpa
04V4e	Num.8.9	לִ/פְנֵ֖י	l/6440	HR/Ncbpc
04Es6	Num.8.9	אֹ֣הֶל	168	HNcmsc
04Uhs	Num.8.9	מוֹעֵ֑ד	4150	HNcmsa
04aMR	Num.8.9	וְ/הִ֨קְהַלְתָּ֔	c/6950	HC/Vhq2ms
04UuW	Num.8.9	אֶֽת	853	HTo
04RPy	Num.8.9	כָּל	3605	HNcmsc
04udF	Num.8.9	עֲדַ֖ת	5712	HNcfsc
04Sy4	Num.8.9	בְּנֵ֥י	1121 a	HNcmpc
04jnZ	Num.8.9	יִשְׂרָאֵֽל	3478	HNp
04jnF	Num.8.10	וְ/הִקְרַבְתָּ֥	c/7126	HC/Vhq2ms
047ss	Num.8.10	אֶת	853	HTo
04ino	Num.8.10	הַ/לְוִיִּ֖ם	d/3881	HTd/Ngmpa
04XLt	Num.8.10	לִ/פְנֵ֣י	l/6440	HR/Ncbpc
04ZsF	Num.8.10	יְהוָ֑ה	3068	HNp
041cW	Num.8.10	וְ/סָמְכ֧וּ	c/5564	HC/Vqq3cp
04AjK	Num.8.10	בְנֵי	1121 a	HNcmpc
04pFJ	Num.8.10	יִשְׂרָאֵ֛ל	3478	HNp
04K1X	Num.8.10	אֶת	853	HTo
04mKX	Num.8.10	יְדֵי/הֶ֖ם	3027	HNcbdc/Sp3mp
04Mpt	Num.8.10	עַל	5921 a	HR
04wP4	Num.8.10	הַ/לְוִיִּֽם	d/3881	HTd/Ngmpa
04jmU	Num.8.11	וְ/הֵנִיף֩	c/5130 b	HC/Vhq3ms
04eRW	Num.8.11	אַהֲרֹ֨ן	175	HNp
04tQY	Num.8.11	אֶת	853	HTo
04R4T	Num.8.11	הַ/לְוִיִּ֤ם	d/3881	HTd/Ngmpa
044cT	Num.8.11	תְּנוּפָה֙	8573	HNcfsa
04m9t	Num.8.11	לִ/פְנֵ֣י	l/6440	HR/Ncbpc
04MxN	Num.8.11	יְהוָ֔ה	3068	HNp
04HKE	Num.8.11	מֵ/אֵ֖ת	m/854	HR/R
04HTT	Num.8.11	בְּנֵ֣י	1121 a	HNcmpc
04V1j	Num.8.11	יִשְׂרָאֵ֑ל	3478	HNp
042Js	Num.8.11	וְ/הָי֕וּ	c/1961	HC/Vqq3cp
04W9E	Num.8.11	לַ/עֲבֹ֖ד	l/5647	HR/Vqc
04T7b	Num.8.11	אֶת	853	HTo
042vK	Num.8.11	עֲבֹדַ֥ת	5656	HNcfsc
04uMy	Num.8.11	יְהוָֽה	3068	HNp
04686	Num.8.12	וְ/הַ/לְוִיִּם֙	c/d/3881	HC/Td/Ngmpa
04afp	Num.8.12	יִסְמְכ֣וּ	5564	HVqi3mp
04kV5	Num.8.12	אֶת	853	HTo
04yK5	Num.8.12	יְדֵי/הֶ֔ם	3027	HNcbdc/Sp3mp
04kcg	Num.8.12	עַ֖ל	5921 a	HR
04RRm	Num.8.12	רֹ֣אשׁ	7218 a	HNcmsc
047pV	Num.8.12	הַ/פָּרִ֑ים	d/6499	HTd/Ncmpa
04HhQ	Num.8.12	וַ֠/עֲשֵׂה	c/6213 a	HC/Vqv2ms
04zX3	Num.8.12	אֶת	853	HTo
04qit	Num.8.12	הָ/אֶחָ֨ד	d/259	HTd/Acmsa
04mju	Num.8.12	חַטָּ֜את	2403 b	HNcfsa
04XGi	Num.8.12	וְ/אֶת	c/853	HC/To
04UFc	Num.8.12	הָ/אֶחָ֤ד	d/259	HTd/Acmsa
047B8	Num.8.12	עֹלָה֙	5930 a	HNcfsa
04a34	Num.8.12	לַֽ/יהוָ֔ה	l/3068	HR/Np
04aKv	Num.8.12	לְ/כַפֵּ֖ר	l/3722 a	HR/Vpc
04v9T	Num.8.12	עַל	5921 a	HR
042tz	Num.8.12	הַ/לְוִיִּֽם	d/3881	HTd/Ngmpa
042y9	Num.8.13	וְ/הַֽעֲמַדְתָּ֙	c/5975	HC/Vhq2ms
04swM	Num.8.13	אֶת	853	HTo
04wiK	Num.8.13	הַ/לְוִיִּ֔ם	d/3881	HTd/Ngmpa
04sDy	Num.8.13	לִ/פְנֵ֥י	l/6440	HR/Ncbpc
04crC	Num.8.13	אַהֲרֹ֖ן	175	HNp
04Bwp	Num.8.13	וְ/לִ/פְנֵ֣י	c/l/6440	HC/R/Ncbpc
04yNo	Num.8.13	בָנָ֑י/ו	1121 a	HNcmpc/Sp3ms
04zMn	Num.8.13	וְ/הֵנַפְתָּ֥	c/5130 b	HC/Vhq2ms
04TXQ	Num.8.13	אֹתָ֛/ם	853	HTo/Sp3mp
04hfV	Num.8.13	תְּנוּפָ֖ה	8573	HNcfsa
04K2f	Num.8.13	לַֽ/יהוָֽה	l/3068	HR/Np
04hMA	Num.8.14	וְ/הִבְדַּלְתָּ֙	c/914	HC/Vhq2ms
04g6w	Num.8.14	אֶת	853	HTo
04Dxg	Num.8.14	הַ/לְוִיִּ֔ם	d/3881	HTd/Ngmpa
04hDt	Num.8.14	מִ/תּ֖וֹךְ	m/8432	HR/Ncmsc
04JoU	Num.8.14	בְּנֵ֣י	1121 a	HNcmpc
04zcL	Num.8.14	יִשְׂרָאֵ֑ל	3478	HNp
045eb	Num.8.14	וְ/הָ֥יוּ	c/1961	HC/Vqq3cp
04E5V	Num.8.14	לִ֖/י	l	HR/Sp1cs
04shT	Num.8.14	הַ/לְוִיִּֽם	d/3881	HTd/Ngmpa
04Gxb	Num.8.15	וְ/אַֽחֲרֵי	c/310 a	HC/R
04xdy	Num.8.15	כֵן֙	3651 c	HD
04xcf	Num.8.15	יָבֹ֣אוּ	935	HVqi3mp
04R9X	Num.8.15	הַ/לְוִיִּ֔ם	d/3881	HTd/Ngmpa
04gMk	Num.8.15	לַ/עֲבֹ֖ד	l/5647	HR/Vqc
04wFk	Num.8.15	אֶת	853	HTo
041yV	Num.8.15	אֹ֣הֶל	168	HNcmsc
04UKs	Num.8.15	מוֹעֵ֑ד	4150	HNcmsa
04mMQ	Num.8.15	וְ/טִֽהַרְתָּ֣	c/2891	HC/Vpq2ms
04akU	Num.8.15	אֹתָ֔/ם	853	HTo/Sp3mp
04FdP	Num.8.15	וְ/הֵנַפְתָּ֥	c/5130 b	HC/Vhq2ms
04fBN	Num.8.15	אֹתָ֖/ם	853	HTo/Sp3mp
04QgK	Num.8.15	תְּנוּפָֽה	8573	HNcfsa
04aPN	Num.8.16	כִּי֩	3588 a	HC
04XHx	Num.8.16	נְתֻנִ֨ים	5414	HVqsmpa
04xxk	Num.8.16	נְתֻנִ֥ים	5414	HVqsmpa
04ShD	Num.8.16	הֵ֨מָּה֙	1992	HPp3mp
04MEx	Num.8.16	לִ֔/י	l	HR/Sp1cs
0486V	Num.8.16	מִ/תּ֖וֹךְ	m/8432	HR/Ncmsc
044gS	Num.8.16	בְּנֵ֣י	1121 a	HNcmpc
04X5d	Num.8.16	יִשְׂרָאֵ֑ל	3478	HNp
042oP	Num.8.16	תַּחַת֩	8478	HR
04fEW	Num.8.16	פִּטְרַ֨ת	6363 b	HNcfsc
04mbg	Num.8.16	כָּל	3605	HNcmsc
04uda	Num.8.16	רֶ֜חֶם	7358	HNcmsa
04fci	Num.8.16	בְּכ֥וֹר	1060	HNcmsc
04FqG	Num.8.16	כֹּל֙	3605	HNcmsa
04LVx	Num.8.16	מִ/בְּנֵ֣י	m/1121 a	HR/Ncmpc
041w8	Num.8.16	יִשְׂרָאֵ֔ל	3478	HNp
04wEJ	Num.8.16	לָקַ֥חְתִּי	3947	HVqp1cs
04X5H	Num.8.16	אֹתָ֖/ם	853	HTo/Sp3mp
04Zhq	Num.8.16	לִֽ/י	l	HR/Sp1cs
04b1X	Num.8.17	כִּ֣י	3588 a	HC
04w8M	Num.8.17	לִ֤/י	l	HR/Sp1cs
04tdz	Num.8.17	כָל	3605	HNcmsc
04giU	Num.8.17	בְּכוֹר֙	1060	HNcmsa
04iXF	Num.8.17	בִּ/בְנֵ֣י	b/1121 a	HR/Ncmpc
04ssa	Num.8.17	יִשְׂרָאֵ֔ל	3478	HNp
04REu	Num.8.17	בָּ/אָדָ֖ם	b/120	HRd/Ncmsa
04Tdr	Num.8.17	וּ/בַ/בְּהֵמָ֑ה	c/b/929	HC/Rd/Ncfsa
04BFg	Num.8.17	בְּ/י֗וֹם	b/3117	HR/Ncmsc
04T8E	Num.8.17	הַכֹּתִ֤/י	5221	HVhc/Sp1cs
04WQf	Num.8.17	כָל	3605	HNcmsc
04eUm	Num.8.17	בְּכוֹר֙	1060	HNcmsa
046Tw	Num.8.17	בְּ/אֶ֣רֶץ	b/776	HR/Ncbsc
04ywr	Num.8.17	מִצְרַ֔יִם	4714	HNp
04oym	Num.8.17	הִקְדַּ֥שְׁתִּי	6942	HVhp1cs
04Di6	Num.8.17	אֹתָ֖/ם	853	HTo/Sp3mp
04AXZ	Num.8.17	לִֽ/י	l	HR/Sp1cs
04o2H	Num.8.18	וָ/אֶקַּח֙	c/3947	HC/Vqw1cs
04MaF	Num.8.18	אֶת	853	HTo
045PZ	Num.8.18	הַ/לְוִיִּ֔ם	d/3881	HTd/Ngmpa
04Gcz	Num.8.18	תַּ֥חַת	8478	HR
04kjt	Num.8.18	כָּל	3605	HNcmsc
04nTA	Num.8.18	בְּכ֖וֹר	1060	HNcmsa
04Xw7	Num.8.18	בִּ/בְנֵ֥י	b/1121 a	HR/Ncmpc
04X3d	Num.8.18	יִשְׂרָאֵֽל	3478	HNp
045Mw	Num.8.19	וָ/אֶתְּנָ֨/ה	c/5414	HC/Vqw1cs/Sh
04uvu	Num.8.19	אֶת	853	HTo
04z1m	Num.8.19	הַ/לְוִיִּ֜ם	d/3881	HTd/Ngmpa
04BYB	Num.8.19	נְתֻנִ֣ים	5414	HVqsmpa
04fDj	Num.8.19	לְ/אַהֲרֹ֣ן	l/175	HR/Np
04UXN	Num.8.19	וּ/לְ/בָנָ֗י/ו	c/l/1121 a	HC/R/Ncmpc/Sp3ms
04wXa	Num.8.19	מִ/תּוֹךְ֮	m/8432	HR/Ncmsc
04CmE	Num.8.19	בְּנֵ֣י	1121 a	HNcmpc
04bdC	Num.8.19	יִשְׂרָאֵל֒	3478	HNp
04gUj	Num.8.19	לַ/עֲבֹ֞ד	l/5647	HR/Vqc
04kJL	Num.8.19	אֶת	853	HTo
04SLq	Num.8.19	עֲבֹדַ֤ת	5656	HNcfsc
04W3H	Num.8.19	בְּנֵֽי	1121 a	HNcmpc
04qJ4	Num.8.19	יִשְׂרָאֵל֙	3478	HNp
04aVp	Num.8.19	בְּ/אֹ֣הֶל	b/168	HR/Ncmsc
04JGF	Num.8.19	מוֹעֵ֔ד	4150	HNcmsa
049aY	Num.8.19	וּ/לְ/כַפֵּ֖ר	c/l/3722 a	HC/R/Vpc
049pt	Num.8.19	עַל	5921 a	HR
0424k	Num.8.19	בְּנֵ֣י	1121 a	HNcmpc
041M6	Num.8.19	יִשְׂרָאֵ֑ל	3478	HNp
049Dg	Num.8.19	וְ/לֹ֨א	c/3808	HC/Tn
04RHw	Num.8.19	יִהְיֶ֜ה	1961	HVqi3ms
04J9s	Num.8.19	בִּ/בְנֵ֤י	b/1121 a	HR/Ncmpc
04t9t	Num.8.19	יִשְׂרָאֵל֙	3478	HNp
04ZqP	Num.8.19	נֶ֔גֶף	5063	HNcmsa
048Fu	Num.8.19	בְּ/גֶ֥שֶׁת	b/5066	HR/Vqc
04JNs	Num.8.19	בְּנֵֽי	1121 a	HNcmpc
04xmF	Num.8.19	יִשְׂרָאֵ֖ל	3478	HNp
04vVj	Num.8.19	אֶל	413	HR
04pPj	Num.8.19	הַ/קֹּֽדֶשׁ	d/6944	HTd/Ncmsa
04n48	Num.8.20	וַ/יַּ֨עַשׂ	c/6213 a	HC/Vqw3ms
04LQQ	Num.8.20	מֹשֶׁ֧ה	4872	HNp
04nFs	Num.8.20	וְ/אַהֲרֹ֛ן	c/175	HC/Np
04zKb	Num.8.20	וְ/כָל	c/3605	HC/Ncmsc
04M2G	Num.8.20	עֲדַ֥ת	5712	HNcfsc
04p7o	Num.8.20	בְּנֵי	1121 a	HNcmpc
04cvy	Num.8.20	יִשְׂרָאֵ֖ל	3478	HNp
04uTh	Num.8.20	לַ/לְוִיִּ֑ם	l/3881	HRd/Ngmpa
0462r	Num.8.20	כְּ֠/כֹל	k/3605	HR/Ncmsa
04XAc	Num.8.20	אֲשֶׁר	834 a	HTr
04XMh	Num.8.20	צִוָּ֨ה	6680	HVpp3ms
04Pm6	Num.8.20	יְהוָ֤ה	3068	HNp
04Exh	Num.8.20	אֶת	853	HTo
04Mhm	Num.8.20	מֹשֶׁה֙	4872	HNp
04k8r	Num.8.20	לַ/לְוִיִּ֔ם	l/3881	HRd/Ngmpa
04U2q	Num.8.20	כֵּן	3651 c	HTm
04f9x	Num.8.20	עָשׂ֥וּ	6213 a	HVqp3cp
04F3B	Num.8.20	לָ/הֶ֖ם	l	HR/Sp3mp
04u6M	Num.8.20	בְּנֵ֥י	1121 a	HNcmpc
04ttW	Num.8.20	יִשְׂרָאֵֽל	3478	HNp
04Not	Num.8.21	וַ/יִּֽתְחַטְּא֣וּ	c/2398	HC/Vtw3mp
04QoS	Num.8.21	הַ/לְוִיִּ֗ם	d/3881	HTd/Ngmpa
04MfC	Num.8.21	וַֽ/יְכַבְּסוּ֙	c/3526	HC/Vpw3mp
04KoV	Num.8.21	בִּגְדֵי/הֶ֔ם	899 b	HNcmpc/Sp3mp
04592	Num.8.21	וַ/יָּ֨נֶף	c/5130 b	HC/Vhw3ms
04Vfx	Num.8.21	אַהֲרֹ֥ן	175	HNp
04QkU	Num.8.21	אֹתָ֛/ם	853	HTo/Sp3mp
046L9	Num.8.21	תְּנוּפָ֖ה	8573	HNcfsa
04cpC	Num.8.21	לִ/פְנֵ֣י	l/6440	HR/Ncbpc
042Ki	Num.8.21	יְהוָ֑ה	3068	HNp
04XhP	Num.8.21	וַ/יְכַפֵּ֧ר	c/3722 a	HC/Vpw3ms
04yML	Num.8.21	עֲלֵי/הֶ֛ם	5921 a	HR/Sp3mp
04Kk2	Num.8.21	אַהֲרֹ֖ן	175	HNp
04XAP	Num.8.21	לְ/טַהֲרָֽ/ם	l/2891	HR/Vpc/Sp3mp
04DJo	Num.8.22	וְ/אַחֲרֵי	c/310 a	HC/R
04iXN	Num.8.22	כֵ֞ן	3651 c	HD
04czB	Num.8.22	בָּ֣אוּ	935	HVqp3cp
04QBD	Num.8.22	הַ/לְוִיִּ֗ם	d/3881	HTd/Ngmpa
04Gxu	Num.8.22	לַ/עֲבֹ֤ד	l/5647	HR/Vqc
04BQ9	Num.8.22	אֶת	853	HTo
04y8v	Num.8.22	עֲבֹֽדָתָ/ם֙	5656	HNcfsc/Sp3mp
04wtg	Num.8.22	בְּ/אֹ֣הֶל	b/168	HR/Ncmsc
04Seg	Num.8.22	מוֹעֵ֔ד	4150	HNcmsa
04Kcz	Num.8.22	לִ/פְנֵ֥י	l/6440	HR/Ncbpc
045MF	Num.8.22	אַהֲרֹ֖ן	175	HNp
04eUp	Num.8.22	וְ/לִ/פְנֵ֣י	c/l/6440	HC/R/Ncbpc
04tEh	Num.8.22	בָנָ֑י/ו	1121 a	HNcmpc/Sp3ms
04x2S	Num.8.22	כַּ/אֲשֶׁר֩	k/834 d	HR/Tr
04Npq	Num.8.22	צִוָּ֨ה	6680	HVpp3ms
043ti	Num.8.22	יְהוָ֤ה	3068	HNp
04QoP	Num.8.22	אֶת	853	HTo
04i6S	Num.8.22	מֹשֶׁה֙	4872	HNp
042mi	Num.8.22	עַל	5921 a	HR
04HbP	Num.8.22	הַ/לְוִיִּ֔ם	d/3881	HTd/Ngmpa
04Wi1	Num.8.22	כֵּ֖ן	3651 c	HTm
04beE	Num.8.22	עָשׂ֥וּ	6213 a	HVqp3cp
04DvH	Num.8.22	לָ/הֶֽם	l	HR/Sp3mp
046BE	Num.8.23	וַ/יְדַבֵּ֥ר	c/1696	HC/Vpw3ms
04r7k	Num.8.23	יְהוָ֖ה	3068	HNp
043kE	Num.8.23	אֶל	413	HR
04UUW	Num.8.23	מֹשֶׁ֥ה	4872	HNp
04Jqs	Num.8.23	לֵּ/אמֹֽר	l/559	HR/Vqc
0487K	Num.8.24	זֹ֖את	2063	HPdxfs
04gvN	Num.8.24	אֲשֶׁ֣ר	834 a	HTr
04Cye	Num.8.24	לַ/לְוִיִּ֑ם	l/3881	HRd/Ngmpa
04tsb	Num.8.24	מִ/בֶּן֩	m/1121 a	HR/Ncmsc
04RaB	Num.8.24	חָמֵ֨שׁ	2568	HAcfsa
042a9	Num.8.24	וְ/עֶשְׂרִ֤ים	c/6242	HC/Acbpa
04ob2	Num.8.24	שָׁנָה֙	8141	HNcfsa
04jU7	Num.8.24	וָ/מַ֔עְלָ/ה	c/4605	HC/D/Sd
04w2C	Num.8.24	יָבוֹא֙	935	HVqi3ms
042VS	Num.8.24	לִ/צְבֹ֣א	l/6633	HR/Vqc
044Jz	Num.8.24	צָבָ֔א	6635 a	HNcbsa
04C9r	Num.8.24	בַּ/עֲבֹדַ֖ת	b/5656	HR/Ncfsc
04yLe	Num.8.24	אֹ֥הֶל	168	HNcmsc
04Ww8	Num.8.24	מוֹעֵֽד	4150	HNcmsa
04HGy	Num.8.25	וּ/מִ/בֶּן֙	c/m/1121 a	HC/R/Ncmsc
04hGK	Num.8.25	חֲמִשִּׁ֣ים	2572	HAcbpa
046pK	Num.8.25	שָׁנָ֔ה	8141	HNcfsa
04VQD	Num.8.25	יָשׁ֖וּב	7725	HVqi3ms
04T3u	Num.8.25	מִ/צְּבָ֣א	m/6635 a	HR/Ncbsc
04c96	Num.8.25	הָ/עֲבֹדָ֑ה	d/5656	HTd/Ncfsa
04YiK	Num.8.25	וְ/לֹ֥א	c/3808	HC/Tn
04Lof	Num.8.25	יַעֲבֹ֖ד	5647	HVqi3ms
04ZT8	Num.8.25	עֽוֹד	5750	HD
04s7k	Num.8.26	וְ/שֵׁרֵ֨ת	c/8334	HC/Vpq3ms
043HC	Num.8.26	אֶת	853	HTo
04P6z	Num.8.26	אֶחָ֜י/ו	251	HNcmpc/Sp3ms
041W5	Num.8.26	בְּ/אֹ֤הֶל	b/168	HR/Ncmsc
04q9w	Num.8.26	מוֹעֵד֙	4150	HNcmsa
04UE1	Num.8.26	לִ/שְׁמֹ֣ר	l/8104	HR/Vqc
04Rps	Num.8.26	מִשְׁמֶ֔רֶת	4931	HNcfsa
04Vbn	Num.8.26	וַ/עֲבֹדָ֖ה	c/5656	HC/Ncfsa
04Fm5	Num.8.26	לֹ֣א	3808	HTn
04Wct	Num.8.26	יַעֲבֹ֑ד	5647	HVqi3ms
04KQn	Num.8.26	כָּ֛כָה	3602	HD
04TLX	Num.8.26	תַּעֲשֶׂ֥ה	6213 a	HVqi2ms
04xcH	Num.8.26	לַ/לְוִיִּ֖ם	l/3881	HRd/Ngmpa
04LG4	Num.8.26	בְּ/מִשְׁמְרֹתָֽ/ם	b/4931	HR/Ncfpc/Sp3mp
04Vcf	Num.9.1	וַ/יְדַבֵּ֣ר	c/1696	HC/Vpw3ms
04yU7	Num.9.1	יְהוָ֣ה	3068	HNp
04WV1	Num.9.1	אֶל	413	HR
04bXb	Num.9.1	מֹשֶׁ֣ה	4872	HNp
046sJ	Num.9.1	בְ/מִדְבַּר	b/4057 b	HR/Ncmsc
04t4v	Num.9.1	סִ֠ינַי	5514	HNp
04ofA	Num.9.1	בַּ/שָּׁנָ֨ה	b/8141	HRd/Ncfsa
04VgJ	Num.9.1	הַ/שֵּׁנִ֜ית	d/8145	HTd/Aafsa
04wSa	Num.9.1	לְ/צֵאתָ֨/ם	l/3318	HR/Vqc/Sp3mp
0422e	Num.9.1	מֵ/אֶ֧רֶץ	m/776	HR/Ncbsc
04jsX	Num.9.1	מִצְרַ֛יִם	4714	HNp
04V1h	Num.9.1	בַּ/חֹ֥דֶשׁ	b/2320	HRd/Ncmsa
04awv	Num.9.1	הָ/רִאשׁ֖וֹן	d/7223	HTd/Aomsa
04bdJ	Num.9.1	לֵ/אמֹֽר	l/559	HR/Vqc
04ixo	Num.9.2	וְ/יַעֲשׂ֧וּ	c/6213 a	HC/Vqi3mp
04iXs	Num.9.2	בְנֵי	1121 a	HNcmpc
04sdj	Num.9.2	יִשְׂרָאֵ֛ל	3478	HNp
04GqS	Num.9.2	אֶת	853	HTo
04umc	Num.9.2	הַ/פָּ֖סַח	d/6453	HTd/Ncmsa
04B2L	Num.9.2	בְּ/מוֹעֲדֽ/וֹ	b/4150	HR/Ncmsc/Sp3ms
04zE3	Num.9.3	בְּ/אַרְבָּעָ֣ה	b/702	HR/Acmsa
04Y5f	Num.9.3	עָשָֽׂר	6240	HAcmsa
04YWA	Num.9.3	י֠וֹם	3117	HNcmsa
04mHM	Num.9.3	בַּ/חֹ֨דֶשׁ	b/2320	HRd/Ncmsa
04SDB	Num.9.3	הַ/זֶּ֜ה	d/2088	HTd/Pdxms
04DuR	Num.9.3	בֵּ֧ין	996	HR
04VTa	Num.9.3	הָֽ/עֲרְבַּ֛יִם	d/6153	HTd/Ncmda
045ZG	Num.9.3	תַּעֲשׂ֥וּ	6213 a	HVqi2mp
04Wzi	Num.9.3	אֹת֖/וֹ	853	HTo/Sp3ms
04Rvo	Num.9.3	בְּ/מוֹעֲד֑/וֹ	b/4150	HR/Ncmsc/Sp3ms
04TdV	Num.9.3	כְּ/כָל	k/3605	HR/Ncmsc
04wCZ	Num.9.3	חֻקֹּתָ֥י/ו	2708	HNcbpc/Sp3ms
04rRa	Num.9.3	וּ/כְ/כָל	c/k/3605	HC/R/Ncmsc
04UgC	Num.9.3	מִשְׁפָּטָ֖י/ו	4941	HNcmpc/Sp3ms
04qBN	Num.9.3	תַּעֲשׂ֥וּ	6213 a	HVqi2mp
045VV	Num.9.3	אֹתֽ/וֹ	853	HTo/Sp3ms
04Mo9	Num.9.4	וַ/יְדַבֵּ֥ר	c/1696	HC/Vpw3ms
04C5P	Num.9.4	מֹשֶׁ֛ה	4872	HNp
04hyy	Num.9.4	אֶל	413	HR
04yJd	Num.9.4	בְּנֵ֥י	1121 a	HNcmpc
047h8	Num.9.4	יִשְׂרָאֵ֖ל	3478	HNp
04EAv	Num.9.4	לַ/עֲשֹׂ֥ת	l/6213 a	HR/Vqc
04D1Z	Num.9.4	הַ/פָּֽסַח	d/6453	HTd/Ncmsa
041Cu	Num.9.5	וַ/יַּעֲשׂ֣וּ	c/6213 a	HC/Vqw3mp
04j6C	Num.9.5	אֶת	853	HTo
04aRN	Num.9.5	הַ/פֶּ֡סַח	d/6453	HTd/Ncmsa
04C3d	Num.9.5	בָּ/רִאשׁ֡וֹן	b/7223	HRd/Aamsa
04Lmq	Num.9.5	בְּ/אַרְבָּעָה֩	b/702	HR/Acmsa
04EVf	Num.9.5	עָשָׂ֨ר	6240	HAcmsa
04eQX	Num.9.5	י֥וֹם	3117	HNcmsa
04YNf	Num.9.5	לַ/חֹ֛דֶשׁ	l/2320	HRd/Ncmsa
0483b	Num.9.5	בֵּ֥ין	996	HR
045fs	Num.9.5	הָ/עַרְבַּ֖יִם	d/6153	HTd/Ncmda
04ACe	Num.9.5	בְּ/מִדְבַּ֣ר	b/4057 b	HR/Ncmsc
04rv7	Num.9.5	סִינָ֑י	5514	HNp
041YK	Num.9.5	כְּ֠/כֹל	k/3605	HR/Ncmsa
04kVU	Num.9.5	אֲשֶׁ֨ר	834 a	HTr
04nXq	Num.9.5	צִוָּ֤ה	6680	HVpp3ms
04Dcn	Num.9.5	יְהוָה֙	3068	HNp
04WDZ	Num.9.5	אֶת	853	HTo
04UzN	Num.9.5	מֹשֶׁ֔ה	4872	HNp
04v4E	Num.9.5	כֵּ֥ן	3651 c	HTm
04MrG	Num.9.5	עָשׂ֖וּ	6213 a	HVqp3cp
04HT2	Num.9.5	בְּנֵ֥י	1121 a	HNcmpc
046Qq	Num.9.5	יִשְׂרָאֵֽל	3478	HNp
04XYe	Num.9.6	וַ/יְהִ֣י	c/1961	HC/Vqw3ms
0476X	Num.9.6	אֲנָשִׁ֗ים	376	HNcmpa
045Ua	Num.9.6	אֲשֶׁ֨ר	834 a	HTr
04ebC	Num.9.6	הָי֤וּ	1961	HVqp3cp
049hc	Num.9.6	טְמֵאִים֙	2931	HAampa
04ovC	Num.9.6	לְ/נֶ֣פֶשׁ	l/5315	HR/Ncbsc
04XE9	Num.9.6	אָדָ֔ם	120	HNcmsa
046iw	Num.9.6	וְ/לֹא	c/3808	HC/Tn
04eUw	Num.9.6	יָכְל֥וּ	3201	HVqp3cp
04VkU	Num.9.6	לַ/עֲשֹׂת	l/6213 a	HR/Vqc
04dYi	Num.9.6	הַ/פֶּ֖סַח	d/6453	HTd/Ncmsa
04dMc	Num.9.6	בַּ/יּ֣וֹם	b/3117	HRd/Ncmsa
04S8k	Num.9.6	הַ/ה֑וּא	d/1931	HTd/Pp3ms
04Yf4	Num.9.6	וַֽ/יִּקְרְב֞וּ	c/7126	HC/Vqw3mp
041w3	Num.9.6	לִ/פְנֵ֥י	l/6440	HR/Ncbpc
04rcB	Num.9.6	מֹשֶׁ֛ה	4872	HNp
04pbQ	Num.9.6	וְ/לִ/פְנֵ֥י	c/l/6440	HC/R/Ncbpc
04N9a	Num.9.6	אַהֲרֹ֖ן	175	HNp
04kiJ	Num.9.6	בַּ/יּ֥וֹם	b/3117	HRd/Ncmsa
04MRj	Num.9.6	הַ/הֽוּא	d/1931	HTd/Pp3ms
04j3M	Num.9.7	וַ֠/יֹּאמְרוּ	c/559	HC/Vqw3mp
04GBU	Num.9.7	הָ/אֲנָשִׁ֤ים	d/376	HTd/Ncmpa
04bgt	Num.9.7	הָ/הֵ֨מָּה֙	d/1992	HTd/Pp3mp
04T6V	Num.9.7	אֵלָ֔י/ו	413	HR/Sp3ms
04yRs	Num.9.7	אֲנַ֥חְנוּ	587	HPp1cp
04Gbm	Num.9.7	טְמֵאִ֖ים	2931	HAampa
04YSC	Num.9.7	לְ/נֶ֣פֶשׁ	l/5315	HR/Ncbsc
04s2X	Num.9.7	אָדָ֑ם	120	HNcmsa
04bSC	Num.9.7	לָ֣/מָּה	l/4100	HR/Ti
04bHu	Num.9.7	נִגָּרַ֗ע	1639	HVNi1cp
04h5C	Num.9.7	לְ/בִלְתִּ֨י	l/1115	HR/C
04z6J	Num.9.7	הַקְרִ֜ב	7126	HVhc
04Hqt	Num.9.7	אֶת	853	HTo
04ey4	Num.9.7	קָרְבַּ֤ן	7133 a	HNcmsc
04QMs	Num.9.7	יְהוָה֙	3068	HNp
04Afb	Num.9.7	בְּ/מֹ֣עֲד֔/וֹ	b/4150	HR/Ncmsc/Sp3ms
0427y	Num.9.7	בְּ/ת֖וֹךְ	b/8432	HR/Ncmsc
04sEu	Num.9.7	בְּנֵ֥י	1121 a	HNcmpc
04rF3	Num.9.7	יִשְׂרָאֵֽל	3478	HNp
04VF8	Num.9.8	וַ/יֹּ֥אמֶר	c/559	HC/Vqw3ms
04jDj	Num.9.8	אֲלֵ/הֶ֖ם	413	HR/Sp3mp
04eBr	Num.9.8	מֹשֶׁ֑ה	4872	HNp
04GCu	Num.9.8	עִמְד֣וּ	5975	HVqv2mp
04rbd	Num.9.8	וְ/אֶשְׁמְעָ֔ה	c/8085	HC/Vqi1cs
04YG2	Num.9.8	מַה	4100	HTi
04kwy	Num.9.8	יְצַוֶּ֥ה	6680	HVpi3ms
043qw	Num.9.8	יְהוָ֖ה	3068	HNp
04iWa	Num.9.8	לָ/כֶֽם	l	HR/Sp2mp
04cUQ	Num.9.9	וַ/יְדַבֵּ֥ר	c/1696	HC/Vpw3ms
044xN	Num.9.9	יְהוָ֖ה	3068	HNp
04rXs	Num.9.9	אֶל	413	HR
04M3R	Num.9.9	מֹשֶׁ֥ה	4872	HNp
04d8N	Num.9.9	לֵּ/אמֹֽר	l/559	HR/Vqc
04oTd	Num.9.10	דַּבֵּ֛ר	1696	HVpv2ms
04owL	Num.9.10	אֶל	413	HR
04QQs	Num.9.10	בְּנֵ֥י	1121 a	HNcmpc
042bu	Num.9.10	יִשְׂרָאֵ֖ל	3478	HNp
04Cj3	Num.9.10	לֵ/אמֹ֑ר	l/559	HR/Vqc
04SKp	Num.9.10	אִ֣ישׁ	376	HNcmsa
04yJh	Num.9.10	אִ֣ישׁ	376	HNcmsa
04RYV	Num.9.10	כִּי	3588 a	HC
04EW6	Num.9.10	יִהְיֶֽה	1961	HVqi3ms
04sNB	Num.9.10	טָמֵ֣א	2931	HAamsa
04mk1	Num.9.10	לָ/נֶ֡פֶשׁ	l/5315	HR/Ncbsa
04myk	Num.9.10	אוֹ֩	176 a	HC
04mjE	Num.9.10	בְ/דֶ֨רֶךְ	b/1870	HR/Ncbsa
04QJA	Num.9.10	רְחֹקָ֜הׄ	7350	HAafsa
04CPB	Num.9.10	לָ/כֶ֗ם	l	HR/Sp2mp
04113	Num.9.10	א֚וֹ	176 a	HC
04wq8	Num.9.10	לְ/דֹרֹ֣תֵי/כֶ֔ם	l/1755	HR/Ncmpc/Sp2mp
04FGW	Num.9.10	וְ/עָ֥שָׂה	c/6213 a	HC/Vqq3ms
04Ld7	Num.9.10	פֶ֖סַח	6453	HNcmsa
04Xo3	Num.9.10	לַ/יהוָֽה	l/3068	HR/Np
04RHX	Num.9.11	בַּ/חֹ֨דֶשׁ	b/2320	HRd/Ncmsa
04BCV	Num.9.11	הַ/שֵּׁנִ֜י	d/8145	HTd/Aomsa
04oTL	Num.9.11	בְּ/אַרְבָּעָ֨ה	b/702	HR/Acmsa
04DoL	Num.9.11	עָשָׂ֥ר	6240	HAcmsa
044pE	Num.9.11	י֛וֹם	3117	HNcmsa
04DFj	Num.9.11	בֵּ֥ין	996	HR
04rYe	Num.9.11	הָ/עַרְבַּ֖יִם	d/6153	HTd/Ncmda
04b8e	Num.9.11	יַעֲשׂ֣וּ	6213 a	HVqi3mp
04jni	Num.9.11	אֹת֑/וֹ	853	HTo/Sp3ms
04Y7m	Num.9.11	עַל	5921 a	HR
04sPR	Num.9.11	מַצּ֥וֹת	4682	HNcfpa
045tD	Num.9.11	וּ/מְרֹרִ֖ים	c/4844	HC/Ncmpa
04m39	Num.9.11	יֹאכְלֻֽ/הוּ	398	HVqi3mp/Sp3ms
04ZsB	Num.9.12	לֹֽא	3808	HTn
04VXi	Num.9.12	יַשְׁאִ֤ירוּ	7604	HVhi3mp
04QxV	Num.9.12	מִמֶּ֨/נּוּ֙	4480 a	HR/Sp1cp
04c9a	Num.9.12	עַד	5704	HR
04v9b	Num.9.12	בֹּ֔קֶר	1242	HNcmsa
04Sw9	Num.9.12	וְ/עֶ֖צֶם	c/6106	HC/Ncfsa
04in2	Num.9.12	לֹ֣א	3808	HTn
04cdx	Num.9.12	יִשְׁבְּרוּ	7665	HVqi3mp
046gi	Num.9.12	ב֑/וֹ	b	HR/Sp3ms
049nq	Num.9.12	כְּ/כָל	k/3605	HR/Ncmsc
04tmJ	Num.9.12	חֻקַּ֥ת	2708	HNcbsc
04WgN	Num.9.12	הַ/פֶּ֖סַח	d/6453	HTd/Ncmsa
04m7K	Num.9.12	יַעֲשׂ֥וּ	6213 a	HVqi3mp
04Qzb	Num.9.12	אֹתֽ/וֹ	853	HTo/Sp3ms
04DPt	Num.9.13	וְ/הָ/אִישׁ֩	c/d/376	HC/Td/Ncmsa
04AAx	Num.9.13	אֲשֶׁר	834 a	HTr
04HFs	Num.9.13	ה֨וּא	1931	HPp3ms
04duL	Num.9.13	טָה֜וֹר	2889	HAamsa
04Bdx	Num.9.13	וּ/בְ/דֶ֣רֶךְ	c/b/1870	HC/R/Ncbsa
04o2X	Num.9.13	לֹא	3808	HTn
04rWy	Num.9.13	הָיָ֗ה	1961	HVqp3ms
048Pg	Num.9.13	וְ/חָדַל֙	c/2308	HC/Vqq3ms
04FxB	Num.9.13	לַ/עֲשׂ֣וֹת	l/6213 a	HR/Vqc
04eMv	Num.9.13	הַ/פֶּ֔סַח	d/6453	HTd/Ncmsa
04DrT	Num.9.13	וְ/נִכְרְתָ֛ה	c/3772	HC/VNq3fs
04uHY	Num.9.13	הַ/נֶּ֥פֶשׁ	d/5315	HTd/Ncbsa
04F9W	Num.9.13	הַ/הִ֖וא	d/1931	HTd/Pp3fs
04mRM	Num.9.13	מֵֽ/עַמֶּ֑י/הָ	m/5971 b	HR/Ncmpc/Sp3fs
04aY7	Num.9.13	כִּ֣י	3588 a	HC
04r3M	Num.9.13	קָרְבַּ֣ן	7133 a	HNcmsc
04nzk	Num.9.13	יְהוָ֗ה	3068	HNp
044we	Num.9.13	לֹ֤א	3808	HTn
04YKJ	Num.9.13	הִקְרִיב֙	7126	HVhp3ms
0431a	Num.9.13	בְּ/מֹ֣עֲד֔/וֹ	b/4150	HR/Ncmsc/Sp3ms
04yFv	Num.9.13	חֶטְא֥/וֹ	2399	HNcmsc/Sp3ms
047a7	Num.9.13	יִשָּׂ֖א	5375	HVqi3ms
04wMY	Num.9.13	הָ/אִ֥ישׁ	d/376	HTd/Ncmsa
04rQi	Num.9.13	הַ/הֽוּא	d/1931	HTd/Pp3ms
041TM	Num.9.14	וְ/כִֽי	c/3588 a	HC/C
049HW	Num.9.14	יָג֨וּר	1481 a	HVqi3ms
04Yoz	Num.9.14	אִתְּ/כֶ֜ם	854	HR/Sp2mp
04KFq	Num.9.14	גֵּ֗ר	1616	HNcmsa
04efx	Num.9.14	וְ/עָ֤שָֽׂה	c/6213 a	HC/Vqq3ms
04Tt9	Num.9.14	פֶ֨סַח֙	6453	HNcmsa
04yQh	Num.9.14	לַֽ/יהוָ֔ה	l/3068	HR/Np
04CAN	Num.9.14	כְּ/חֻקַּ֥ת	k/2708	HR/Ncbsc
04Xva	Num.9.14	הַ/פֶּ֛סַח	d/6453	HTd/Ncmsa
04ef9	Num.9.14	וּ/כְ/מִשְׁפָּט֖/וֹ	c/k/4941	HC/R/Ncmsc/Sp3ms
04JnZ	Num.9.14	כֵּ֣ן	3651 c	HTm
04qg7	Num.9.14	יַעֲשֶׂ֑ה	6213 a	HVqi3ms
04cSo	Num.9.14	חֻקָּ֤ה	2708	HNcbsa
04Yyj	Num.9.14	אַחַת֙	259	HAcfsa
04opb	Num.9.14	יִהְיֶ֣ה	1961	HVqi3ms
043dA	Num.9.14	לָ/כֶ֔ם	l	HR/Sp2mp
04m49	Num.9.14	וְ/לַ/גֵּ֖ר	c/l/1616	HC/Rd/Ncmsa
04HAZ	Num.9.14	וּ/לְ/אֶזְרַ֥ח	c/l/249	HC/R/Ncmsc
0418S	Num.9.14	הָ/אָֽרֶץ	d/776	HTd/Ncbsa
04pvu	Num.9.15	וּ/בְ/יוֹם֙	c/b/3117	HC/R/Ncmsc
04RzD	Num.9.15	הָקִ֣ים	6965 b	HVhc
04b9d	Num.9.15	אֶת	853	HTo
04yKt	Num.9.15	הַ/מִּשְׁכָּ֔ן	d/4908	HTd/Ncmsa
04kTv	Num.9.15	כִּסָּ֤ה	3680	HVpp3ms
043Zu	Num.9.15	הֶֽ/עָנָן֙	d/6051	HTd/Ncmsa
04cNU	Num.9.15	אֶת	853	HTo
04w93	Num.9.15	הַ/מִּשְׁכָּ֔ן	d/4908	HTd/Ncmsa
04hRC	Num.9.15	לְ/אֹ֖הֶל	l/168	HR/Ncmsc
04y8q	Num.9.15	הָ/עֵדֻ֑ת	d/5715	HTd/Ncfsa
046Us	Num.9.15	וּ/בָ/עֶ֜רֶב	c/b/6153	HC/Rd/Ncmsa
047EH	Num.9.15	יִהְיֶ֧ה	1961	HVqi3ms
04xEy	Num.9.15	עַֽל	5921 a	HR
04dYW	Num.9.15	הַ/מִּשְׁכָּ֛ן	d/4908	HTd/Ncmsa
04Dbu	Num.9.15	כְּ/מַרְאֵה	k/4758	HR/Ncmsc
04biE	Num.9.15	אֵ֖שׁ	784	HNcbsa
041oc	Num.9.15	עַד	5704	HR
04X8S	Num.9.15	בֹּֽקֶר	1242	HNcmsa
04spk	Num.9.16	כֵּ֚ן	3651 c	HTm
04tvc	Num.9.16	יִהְיֶ֣ה	1961	HVqi3ms
04Xj8	Num.9.16	תָמִ֔יד	8548	HNcmsa
043ho	Num.9.16	הֶ/עָנָ֖ן	d/6051	HTd/Ncmsa
04u8J	Num.9.16	יְכַסֶּ֑/נּוּ	3680	HVpi3ms/Sp3ms
04pVY	Num.9.16	וּ/מַרְאֵה	c/4758	HC/Ncmsc
04biG	Num.9.16	אֵ֖שׁ	784	HNcbsa
04pZy	Num.9.16	לָֽיְלָה	3915	HNcmsa
04q48	Num.9.17	וּ/לְ/פִ֞י	c/l/6310	HC/R/Ncmsc
04s4E	Num.9.17	הֵעָלֹ֤ת	5927	HVNc
04h3h	Num.9.17	הֶֽ/עָנָן֙	d/6051	HTd/Ncmsa
04918	Num.9.17	מֵ/עַ֣ל	m/5921 a	HR/R
04oD9	Num.9.17	הָ/אֹ֔הֶל	d/168	HTd/Ncmsa
04iih	Num.9.17	וְ/אַ֣חֲרֵי	c/310 a	HC/R
04vUK	Num.9.17	כֵ֔ן	3651 c	HD
04ZDx	Num.9.17	יִסְע֖וּ	5265	HVqi3mp
04YCX	Num.9.17	בְּנֵ֣י	1121 a	HNcmpc
04YWB	Num.9.17	יִשְׂרָאֵ֑ל	3478	HNp
04tQU	Num.9.17	וּ/בִ/מְק֗וֹם	c/b/4725	HC/R/Ncmsc
04CJW	Num.9.17	אֲשֶׁ֤ר	834 a	HTr
04Y86	Num.9.17	יִשְׁכָּן	7931	HVqi3ms
049vU	Num.9.17	שָׁם֙	8033	HD
049R8	Num.9.17	הֶֽ/עָנָ֔ן	d/6051	HTd/Ncmsa
04moo	Num.9.17	שָׁ֥ם	8033	HD
04gAE	Num.9.17	יַחֲנ֖וּ	2583	HVqi3mp
04ZAq	Num.9.17	בְּנֵ֥י	1121 a	HNcmpc
04ubx	Num.9.17	יִשְׂרָאֵֽל	3478	HNp
04cLd	Num.9.18	עַל	5921 a	HR
04fc7	Num.9.18	פִּ֣י	6310	HNcmsc
04zLa	Num.9.18	יְהוָ֗ה	3068	HNp
04Dcd	Num.9.18	יִסְעוּ֙	5265	HVqi3mp
04sHq	Num.9.18	בְּנֵ֣י	1121 a	HNcmpc
04Z4P	Num.9.18	יִשְׂרָאֵ֔ל	3478	HNp
04n76	Num.9.18	וְ/עַל	c/5921 a	HC/R
04bD6	Num.9.18	פִּ֥י	6310	HNcmsc
04wcG	Num.9.18	יְהוָ֖ה	3068	HNp
04S4Y	Num.9.18	יַחֲנ֑וּ	2583	HVqi3mp
04pJA	Num.9.18	כָּל	3605	HNcmsc
04T7j	Num.9.18	יְמֵ֗י	3117	HNcmpc
04fBv	Num.9.18	אֲשֶׁ֨ר	834 a	HTr
04mGL	Num.9.18	יִשְׁכֹּ֧ן	7931	HVqi3ms
04m4P	Num.9.18	הֶ/עָנָ֛ן	d/6051	HTd/Ncmsa
04YX6	Num.9.18	עַל	5921 a	HR
04aYb	Num.9.18	הַ/מִּשְׁכָּ֖ן	d/4908	HTd/Ncmsa
04M4g	Num.9.18	יַחֲנֽוּ	2583	HVqi3mp
04WUC	Num.9.19	וּ/בְ/הַאֲרִ֧יךְ	c/b/748	HC/R/Vhc
04pov	Num.9.19	הֶֽ/עָנָ֛ן	d/6051	HTd/Ncmsa
043VU	Num.9.19	עַל	5921 a	HR
048qr	Num.9.19	הַ/מִּשְׁכָּ֖ן	d/4908	HTd/Ncmsa
04Sag	Num.9.19	יָמִ֣ים	3117	HNcmpa
04awo	Num.9.19	רַבִּ֑ים	7227 a	HAampa
04FpW	Num.9.19	וְ/שָׁמְר֧וּ	c/8104	HC/Vqq3cp
04Q3M	Num.9.19	בְנֵי	1121 a	HNcmpc
04ztj	Num.9.19	יִשְׂרָאֵ֛ל	3478	HNp
04uxE	Num.9.19	אֶת	853	HTo
048qh	Num.9.19	מִשְׁמֶ֥רֶת	4931	HNcfsc
04zk3	Num.9.19	יְהוָ֖ה	3068	HNp
04art	Num.9.19	וְ/לֹ֥א	c/3808	HC/Tn
04XTQ	Num.9.19	יִסָּֽעוּ	5265	HVqi3mp
04pgc	Num.9.20	וְ/יֵ֞שׁ	c/3426	HC/Tm
04nnX	Num.9.20	אֲשֶׁ֨ר	834 a	HTr
049fu	Num.9.20	יִהְיֶ֧ה	1961	HVqi3ms
04gcE	Num.9.20	הֶֽ/עָנָ֛ן	d/6051	HTd/Ncmsa
04EgB	Num.9.20	יָמִ֥ים	3117	HNcmpa
04NgL	Num.9.20	מִסְפָּ֖ר	4557	HNcmsa
04oX6	Num.9.20	עַל	5921 a	HR
04JwH	Num.9.20	הַ/מִּשְׁכָּ֑ן	d/4908	HTd/Ncmsa
04LPw	Num.9.20	עַל	5921 a	HR
04enA	Num.9.20	פִּ֤י	6310	HNcmsc
04YX2	Num.9.20	יְהוָה֙	3068	HNp
04TkZ	Num.9.20	יַחֲנ֔וּ	2583	HVqi3mp
04VP3	Num.9.20	וְ/עַל	c/5921 a	HC/R
049LC	Num.9.20	פִּ֥י	6310	HNcmsc
046ty	Num.9.20	יְהוָ֖ה	3068	HNp
04u6K	Num.9.20	יִסָּֽעוּ	5265	HVqi3mp
04PQd	Num.9.21	וְ/יֵ֞שׁ	c/3426	HC/Tm
04MHe	Num.9.21	אֲשֶׁר	834 a	HTr
04Q1Y	Num.9.21	יִהְיֶ֤ה	1961	HVqi3ms
04Y4x	Num.9.21	הֶֽ/עָנָן֙	d/6051	HTd/Ncmsa
04RLf	Num.9.21	מֵ/עֶ֣רֶב	m/6153	HR/Ncmsa
04R79	Num.9.21	עַד	5704	HR
04xRL	Num.9.21	בֹּ֔קֶר	1242	HNcmsa
04vxt	Num.9.21	וְ/נַעֲלָ֧ה	c/5927	HC/VNq3ms
0426U	Num.9.21	הֶֽ/עָנָ֛ן	d/6051	HTd/Ncmsa
04ZvP	Num.9.21	בַּ/בֹּ֖קֶר	b/1242	HRd/Ncmsa
042eu	Num.9.21	וְ/נָסָ֑עוּ	c/5265	HC/Vqq3cp
04Xfm	Num.9.21	א֚וֹ	176 a	HC
04sGE	Num.9.21	יוֹמָ֣ם	3119	HD
046g8	Num.9.21	וָ/לַ֔יְלָה	c/3915	HC/Ncmsa
04BrJ	Num.9.21	וְ/נַעֲלָ֥ה	c/5927	HC/VNq3ms
045mG	Num.9.21	הֶ/עָנָ֖ן	d/6051	HTd/Ncmsa
04wJu	Num.9.21	וְ/נָסָֽעוּ	c/5265	HC/Vqq3cp
04gKD	Num.9.22	אֽוֹ	176 a	HC
04hca	Num.9.22	יֹמַ֜יִם	3117	HNcmda
04khN	Num.9.22	אוֹ	176 a	HC
04nJG	Num.9.22	חֹ֣דֶשׁ	2320	HNcmsa
042W7	Num.9.22	אוֹ	176 a	HC
048pa	Num.9.22	יָמִ֗ים	3117	HNcmpa
04QNM	Num.9.22	בְּ/הַאֲרִ֨יךְ	b/748	HR/Vhc
04KBD	Num.9.22	הֶ/עָנָ֤ן	d/6051	HTd/Ncmsa
04i6P	Num.9.22	עַל	5921 a	HR
04TCC	Num.9.22	הַ/מִּשְׁכָּן֙	d/4908	HTd/Ncmsa
046Em	Num.9.22	לִ/שְׁכֹּ֣ן	l/7931	HR/Vqc
045S4	Num.9.22	עָלָ֔י/ו	5921 a	HR/Sp3ms
04MAJ	Num.9.22	יַחֲנ֥וּ	2583	HVqi3mp
04eFY	Num.9.22	בְנֵֽי	1121 a	HNcmpc
049CN	Num.9.22	יִשְׂרָאֵ֖ל	3478	HNp
043M5	Num.9.22	וְ/לֹ֣א	c/3808	HC/Tn
045Ar	Num.9.22	יִסָּ֑עוּ	5265	HVqi3mp
04315	Num.9.22	וּ/בְ/הֵעָלֹת֖/וֹ	c/b/5927	HC/R/VNc/Sp3ms
04EMQ	Num.9.22	יִסָּֽעוּ	5265	HVqi3mp
041qL	Num.9.23	עַל	5921 a	HR
04sHh	Num.9.23	פִּ֤י	6310	HNcmsc
04nw3	Num.9.23	יְהוָה֙	3068	HNp
04hip	Num.9.23	יַחֲנ֔וּ	2583	HVqi3mp
04qKh	Num.9.23	וְ/עַל	c/5921 a	HC/R
04K3s	Num.9.23	פִּ֥י	6310	HNcmsc
04Udm	Num.9.23	יְהוָ֖ה	3068	HNp
04pSF	Num.9.23	יִסָּ֑עוּ	5265	HVqi3mp
04wfx	Num.9.23	אֶת	853	HTo
04rqa	Num.9.23	מִשְׁמֶ֤רֶת	4931	HNcfsc
04ZRa	Num.9.23	יְהוָה֙	3068	HNp
04XtJ	Num.9.23	שָׁמָ֔רוּ	8104	HVqp3cp
04D2e	Num.9.23	עַל	5921 a	HR
04Mu5	Num.9.23	פִּ֥י	6310	HNcmsc
04nSW	Num.9.23	יְהוָ֖ה	3068	HNp
048m3	Num.9.23	בְּ/יַד	b/3027	HR/Ncbsc
04fBz	Num.9.23	מֹשֶֽׁה	4872	HNp
04yf4	Num.10.1	וַ/יְדַבֵּ֥ר	c/1696	HC/Vpw3ms
04kib	Num.10.1	יְהוָ֖ה	3068	HNp
04yQw	Num.10.1	אֶל	413	HR
04vAd	Num.10.1	מֹשֶׁ֥ה	4872	HNp
04hNu	Num.10.1	לֵּ/אמֹֽר	l/559	HR/Vqc
0493D	Num.10.2	עֲשֵׂ֣ה	6213 a	HVqv2ms
04Evy	Num.10.2	לְ/ךָ֗	l	HR/Sp2ms
04qSH	Num.10.2	שְׁתֵּי֙	8147	HAcfdc
04vYV	Num.10.2	חֲצֽוֹצְרֹ֣ת	2689	HNcfpc
04rDA	Num.10.2	כֶּ֔סֶף	3701	HNcmsa
04Z3T	Num.10.2	מִקְשָׁ֖ה	4749	HNcfsa
04fn2	Num.10.2	תַּעֲשֶׂ֣ה	6213 a	HVqi2ms
044nS	Num.10.2	אֹתָ֑/ם	853	HTo/Sp3mp
049p2	Num.10.2	וְ/הָי֤וּ	c/1961	HC/Vqq3cp
045Sr	Num.10.2	לְ/ךָ֙	l	HR/Sp2ms
04np9	Num.10.2	לְ/מִקְרָ֣א	l/4744	HR/Ncmsc
04au6	Num.10.2	הָֽ/עֵדָ֔ה	d/5712	HTd/Ncfsa
04Yj4	Num.10.2	וּ/לְ/מַסַּ֖ע	c/l/4550	HC/R/Ncmsa
04P4Y	Num.10.2	אֶת	853	HTo
043AT	Num.10.2	הַֽ/מַּחֲנֽוֹת	d/4264	HTd/Ncbpa
04MMh	Num.10.3	וְ/תָקְע֖וּ	c/8628	HC/Vqq3cp
04C6R	Num.10.3	בָּ/הֵ֑ן	b	HR/Sp3fp
04Tsm	Num.10.3	וְ/נֽוֹעֲד֤וּ	c/3259	HC/VNq3cp
04C4T	Num.10.3	אֵלֶ֨י/ךָ֙	413	HR/Sp2ms
04ErU	Num.10.3	כָּל	3605	HNcmsc
04b1D	Num.10.3	הָ֣/עֵדָ֔ה	d/5712	HTd/Ncfsa
04RBu	Num.10.3	אֶל	413	HR
04DAW	Num.10.3	פֶּ֖תַח	6607	HNcmsc
04Hip	Num.10.3	אֹ֥הֶל	168	HNcmsc
04rvf	Num.10.3	מוֹעֵֽד	4150	HNcmsa
04EUu	Num.10.4	וְ/אִם	c/518 a	HC/C
04MRq	Num.10.4	בְּ/אַחַ֖ת	b/259	HR/Acfsa
04Rrp	Num.10.4	יִתְקָ֑עוּ	8628	HVqi3mp
0417A	Num.10.4	וְ/נוֹעֲד֤וּ	c/3259	HC/VNq3cp
04Q4z	Num.10.4	אֵלֶ֨י/ךָ֙	413	HR/Sp2ms
04FYp	Num.10.4	הַ/נְּשִׂיאִ֔ים	d/5387 a	HTd/Ncmpa
048m1	Num.10.4	רָאשֵׁ֖י	7218 a	HNcmpc
048mf	Num.10.4	אַלְפֵ֥י	505	HAcbpc
043kw	Num.10.4	יִשְׂרָאֵֽל	3478	HNp
04wCh	Num.10.5	וּ/תְקַעְתֶּ֖ם	c/8628	HC/Vqq2mp
04zrv	Num.10.5	תְּרוּעָ֑ה	8643	HNcfsa
04zCn	Num.10.5	וְ/נָֽסְעוּ֙	c/5265	HC/Vqq3cp
043zp	Num.10.5	הַֽ/מַּחֲנ֔וֹת	d/4264	HTd/Ncbpa
04QAE	Num.10.5	הַ/חֹנִ֖ים	d/2583	HTd/Vqrmpa
04jpx	Num.10.5	קֵֽדְמָ/ה	6924 b	HNcmsa/Sd
04i8q	Num.10.6	וּ/תְקַעְתֶּ֤ם	c/8628	HC/Vqq2mp
04TP4	Num.10.6	תְּרוּעָה֙	8643	HNcfsa
049Ng	Num.10.6	שֵׁנִ֔ית	8145	HAafsa
044MJ	Num.10.6	וְ/נָֽסְעוּ֙	c/5265	HC/Vqq3cp
04efU	Num.10.6	הַֽ/מַּחֲנ֔וֹת	d/4264	HTd/Ncbpa
04R3h	Num.10.6	הַ/חֹנִ֖ים	d/2583	HTd/Vqrmpa
04icS	Num.10.6	תֵּימָ֑נָ/ה	8486	HNcfsa/Sd
04hwb	Num.10.6	תְּרוּעָ֥ה	8643	HNcfsa
04rTr	Num.10.6	יִתְקְע֖וּ	8628	HVqi3mp
04bfb	Num.10.6	לְ/מַסְעֵי/הֶֽם	l/4550	HR/Ncmpc/Sp3mp
04mEa	Num.10.7	וּ/בְ/הַקְהִ֖יל	c/b/6950	HC/R/Vhc
04ydN	Num.10.7	אֶת	853	HTo
04HVK	Num.10.7	הַ/קָּהָ֑ל	d/6951	HTd/Ncmsa
04jiK	Num.10.7	תִּתְקְע֖וּ	8628	HVqi2mp
04Vqg	Num.10.7	וְ/לֹ֥א	c/3808	HC/Tn
04yTL	Num.10.7	תָרִֽיעוּ	7321	HVhi2mp
043Xt	Num.10.8	וּ/בְנֵ֤י	c/1121 a	HC/Ncmpc
04dTm	Num.10.8	אַהֲרֹן֙	175	HNp
046o3	Num.10.8	הַ/כֹּ֣הֲנִ֔ים	d/3548	HTd/Ncmpa
04cZp	Num.10.8	יִתְקְע֖וּ	8628	HVqi3mp
04diR	Num.10.8	בַּֽ/חֲצֹצְר֑וֹת	b/2689	HR/Ncfpa
04kEs	Num.10.8	וְ/הָי֥וּ	c/1961	HC/Vqq3cp
04bvu	Num.10.8	לָ/כֶ֛ם	l	HR/Sp2mp
04a1T	Num.10.8	לְ/חֻקַּ֥ת	l/2708	HR/Ncbsc
04TnP	Num.10.8	עוֹלָ֖ם	5769	HNcmsa
04JjK	Num.10.8	לְ/דֹרֹתֵי/כֶֽם	l/1755	HR/Ncmpc/Sp2mp
04PFs	Num.10.9	וְ/כִֽי	c/3588 a	HC/C
043pH	Num.10.9	תָבֹ֨אוּ	935	HVqi2mp
04eEz	Num.10.9	מִלְחָמָ֜ה	4421	HNcfsa
04RwK	Num.10.9	בְּ/אַרְצְ/כֶ֗ם	b/776	HR/Ncbsc/Sp2mp
04vTf	Num.10.9	עַל	5921 a	HR
04jRy	Num.10.9	הַ/צַּר֙	d/6862 c	HTd/Ncmsa
04kAg	Num.10.9	הַ/צֹּרֵ֣ר	d/6887 d	HTd/Vqrmsa
046JK	Num.10.9	אֶתְ/כֶ֔ם	853	HTo/Sp2mp
04ibz	Num.10.9	וַ/הֲרֵעֹתֶ֖ם	c/7321	HC/Vhq2mp
046Zt	Num.10.9	בַּ/חֲצֹצְר֑וֹת	b/2689	HR/Ncfpa
04Ywk	Num.10.9	וֲ/נִזְכַּרְתֶּ֗ם	c/2142	HC/VNq2mp
042Ag	Num.10.9	לִ/פְנֵי֙	l/6440	HR/Ncbpc
04Saf	Num.10.9	יְהוָ֣ה	3068	HNp
04KVW	Num.10.9	אֱלֹֽהֵי/כֶ֔ם	430	HNcmpc/Sp2mp
04ybr	Num.10.9	וְ/נוֹשַׁעְתֶּ֖ם	c/3467	HC/VNq2mp
04Rgy	Num.10.9	מֵ/אֹיְבֵי/כֶֽם	m/341	HR/Vqrmpc/Sp2mp
04CDd	Num.10.10	וּ/בְ/י֨וֹם	c/b/3117	HC/R/Ncmsc
04Li1	Num.10.10	שִׂמְחַתְ/כֶ֥ם	8057	HNcfsc/Sp2mp
04pYz	Num.10.10	וּֽ/בְ/מוֹעֲדֵי/כֶם֮	c/b/4150	HC/R/Ncmpc/Sp2mp
04mTQ	Num.10.10	וּ/בְ/רָאשֵׁ֣י	c/b/7218 a	HC/R/Ncmpc
04yeW	Num.10.10	חָדְשֵׁי/כֶם֒	2320	HNcmpc/Sp2mp
045vv	Num.10.10	וּ/תְקַעְתֶּ֣ם	c/8628	HC/Vqq2mp
04V6s	Num.10.10	בַּ/חֲצֹֽצְרֹ֗ת	b/2689	HR/Ncfpa
04FCH	Num.10.10	עַ֚ל	5921 a	HR
041f5	Num.10.10	עֹלֹ֣תֵי/כֶ֔ם	5930 a	HNcfpc/Sp2mp
04Z5P	Num.10.10	וְ/עַ֖ל	c/5921 a	HC/R
045KP	Num.10.10	זִבְחֵ֣י	2077	HNcmpc
04qVV	Num.10.10	שַׁלְמֵי/כֶ֑ם	8002	HNcmpc/Sp2mp
04Pg2	Num.10.10	וְ/הָי֨וּ	c/1961	HC/Vqq3cp
04Zue	Num.10.10	לָ/כֶ֤ם	l	HR/Sp2mp
04ncc	Num.10.10	לְ/זִכָּרוֹן֙	l/2146	HR/Ncmsa
042Dc	Num.10.10	לִ/פְנֵ֣י	l/6440	HR/Ncbpc
04gKj	Num.10.10	אֱלֹֽהֵי/כֶ֔ם	430	HNcmpc/Sp2mp
04fDt	Num.10.10	אֲנִ֖י	589	HPp1cs
04Zsb	Num.10.10	יְהוָ֥ה	3068	HNp
047ZE	Num.10.10	אֱלֹהֵי/כֶֽם	430	HNcmpc/Sp2mp
04zWF	Num.10.11	וַ/יְהִ֞י	c/1961	HC/Vqw3ms
04XPk	Num.10.11	בַּ/שָּׁנָ֧ה	b/8141	HRd/Ncfsa
04G2M	Num.10.11	הַ/שֵּׁנִ֛ית	d/8145	HTd/Aafsa
04hHK	Num.10.11	בַּ/חֹ֥דֶשׁ	b/2320	HRd/Ncmsa
04a8K	Num.10.11	הַ/שֵּׁנִ֖י	d/8145	HTd/Aamsa
04uiR	Num.10.11	בְּ/עֶשְׂרִ֣ים	b/6242	HR/Acbpa
04sWP	Num.10.11	בַּ/חֹ֑דֶשׁ	b/2320	HRd/Ncmsa
04GBG	Num.10.11	נַעֲלָה֙	5927	HVNp3ms
04acQ	Num.10.11	הֶֽ/עָנָ֔ן	d/6051	HTd/Ncmsa
04t1b	Num.10.11	מֵ/עַ֖ל	m/5921 a	HR/R
04aWG	Num.10.11	מִשְׁכַּ֥ן	4908	HNcmsc
04G7R	Num.10.11	הָ/עֵדֻֽת	d/5715	HTd/Ncfsa
04AZv	Num.10.12	וַ/יִּסְע֧וּ	c/5265	HC/Vqw3mp
04ZFu	Num.10.12	בְנֵֽי	1121 a	HNcmpc
04qRc	Num.10.12	יִשְׂרָאֵ֛ל	3478	HNp
04882	Num.10.12	לְ/מַסְעֵי/הֶ֖ם	l/4550	HR/Ncmpc/Sp3mp
04JzX	Num.10.12	מִ/מִּדְבַּ֣ר	m/4057 b	HR/Ncmsc
04EPM	Num.10.12	סִינָ֑י	5514	HNp
048LY	Num.10.12	וַ/יִּשְׁכֹּ֥ן	c/7931	HC/Vqw3ms
04TcQ	Num.10.12	הֶ/עָנָ֖ן	d/6051	HTd/Ncmsa
04CiQ	Num.10.12	בְּ/מִדְבַּ֥ר	b/4057 b	HR/Ncmsc
04PJ7	Num.10.12	פָּארָֽן	6290	HNp
04kht	Num.10.13	וַ/יִּסְע֖וּ	c/5265	HC/Vqw3mp
04JpD	Num.10.13	בָּ/רִאשֹׁנָ֑ה	b/7223	HRd/Aafsa
04mnM	Num.10.13	עַל	5921 a	HR
04wHF	Num.10.13	פִּ֥י	6310	HNcmsc
04yhp	Num.10.13	יְהוָ֖ה	3068	HNp
04U6B	Num.10.13	בְּ/יַד	b/3027	HR/Ncbsc
046Li	Num.10.13	מֹשֶֽׁה	4872	HNp
04hin	Num.10.14	וַ/יִּסַּ֞ע	c/5265	HC/Vqw3ms
04JVU	Num.10.14	דֶּ֣גֶל	1714	HNcmsc
04YsH	Num.10.14	מַחֲנֵ֧ה	4264	HNcbsc
04Y6g	Num.10.14	בְנֵֽי	1121 a	HNcmpc
04mjQ	Num.10.14	יְהוּדָ֛ה	3063	HNp
04gFP	Num.10.14	בָּ/רִאשֹׁנָ֖ה	b/7223	HRd/Aafsa
04oHn	Num.10.14	לְ/צִבְאֹתָ֑/ם	l/6635 a	HR/Ncbpc/Sp3mp
043wd	Num.10.14	וְ/עַל	c/5921 a	HC/R
04HXV	Num.10.14	צְבָא֔/וֹ	6635 a	HNcbsc/Sp3ms
04fTJ	Num.10.14	נַחְשׁ֖וֹן	5177	HNp
04gq4	Num.10.14	בֶּן	1121 a	HNcmsc
0496j	Num.10.14	עַמִּינָדָֽב	5992	HNp
04apg	Num.10.15	וְ/עַ֨ל	c/5921 a	HC/R
04m2R	Num.10.15	צְבָ֔א	6635 a	HNcbsc
04xro	Num.10.15	מַטֵּ֖ה	4294	HNcmsc
04GFp	Num.10.15	בְּנֵ֣י	1121 a	HNcmpc
04rbG	Num.10.15	יִשָׂשכָ֑ר	3485	HNp
049Fz	Num.10.15	נְתַנְאֵ֖ל	5417	HNp
047pF	Num.10.15	בֶּן	1121 a	HNcmsc
042K9	Num.10.15	צוּעָֽר	6686	HNp
04Xqr	Num.10.16	וְ/עַ֨ל	c/5921 a	HC/R
04WuJ	Num.10.16	צְבָ֔א	6635 a	HNcbsc
04ZHe	Num.10.16	מַטֵּ֖ה	4294	HNcmsc
04K24	Num.10.16	בְּנֵ֣י	1121 a	HNcmpc
04t3M	Num.10.16	זְבוּלֻ֑ן	2074	HNp
04nLn	Num.10.16	אֱלִיאָ֖ב	446	HNp
04byF	Num.10.16	בֶּן	1121 a	HNcmsc
04NQV	Num.10.16	חֵלֽוֹן	2497	HNp
04RhE	Num.10.17	וְ/הוּרַ֖ד	c/3381	HC/VHq3ms
04JDU	Num.10.17	הַ/מִּשְׁכָּ֑ן	d/4908	HTd/Ncmsa
04JCR	Num.10.17	וְ/נָסְע֤וּ	c/5265	HC/Vqq3cp
04D4D	Num.10.17	בְנֵֽי	1121 a	HNcmpc
04XqW	Num.10.17	גֵרְשׁוֹן֙	1648	HNp
04FeL	Num.10.17	וּ/בְנֵ֣י	c/1121 a	HC/Ncmpc
04urP	Num.10.17	מְרָרִ֔י	4847	HNp
046hR	Num.10.17	נֹשְׂאֵ֖י	5375	HVqrmpc
04sJT	Num.10.17	הַ/מִּשְׁכָּֽן	d/4908	HTd/Ncmsa
04eix	Num.10.18	וְ/נָסַ֗ע	c/5265	HC/Vqq3ms
044SZ	Num.10.18	דֶּ֛גֶל	1714	HNcmsc
04ujg	Num.10.18	מַחֲנֵ֥ה	4264	HNcbsc
04n8U	Num.10.18	רְאוּבֵ֖ן	7205	HNp
04KFN	Num.10.18	לְ/צִבְאֹתָ֑/ם	l/6635 a	HR/Ncbpc/Sp3mp
04ee6	Num.10.18	וְ/עַל	c/5921 a	HC/R
04L7f	Num.10.18	צְבָא֔/וֹ	6635 a	HNcbsc/Sp3ms
04Nkz	Num.10.18	אֱלִיצ֖וּר	468	HNp
04e66	Num.10.18	בֶּן	1121 a	HNcmsc
04Xic	Num.10.18	שְׁדֵיאֽוּר	7707	HNp
049VK	Num.10.19	וְ/עַ֨ל	c/5921 a	HC/R
04MHN	Num.10.19	צְבָ֔א	6635 a	HNcbsc
04zWe	Num.10.19	מַטֵּ֖ה	4294	HNcmsc
04Toi	Num.10.19	בְּנֵ֣י	1121 a	HNcmpc
048VV	Num.10.19	שִׁמְע֑וֹן	8095	HNp
04K1b	Num.10.19	שְׁלֻֽמִיאֵ֖ל	8017	HNp
04Lgi	Num.10.19	בֶּן	1121 a	HNcmsc
046Yk	Num.10.19	צוּרִֽי	6701+	HNp
04yaX	Num.10.19	שַׁדָּֽי	6701	HNp
04LmW	Num.10.20	וְ/עַל	c/5921 a	HC/R
04YUT	Num.10.20	צְבָ֖א	6635 a	HNcbsc
04Cts	Num.10.20	מַטֵּ֣ה	4294	HNcmsc
04yqG	Num.10.20	בְנֵי	1121 a	HNcmpc
046ev	Num.10.20	גָ֑ד	1410	HNp
04MDh	Num.10.20	אֶלְיָסָ֖ף	460	HNp
04gZp	Num.10.20	בֶּן	1121 a	HNcmsc
04dmq	Num.10.20	דְּעוּאֵֽל	1845	HNp
04RFy	Num.10.21	וְ/נָסְעוּ֙	c/5265	HC/Vqq3cp
04U5A	Num.10.21	הַ/קְּהָתִ֔ים	d/6956	HTd/Ngmpa
04YEo	Num.10.21	נֹשְׂאֵ֖י	5375	HVqrmpc
04WW5	Num.10.21	הַ/מִּקְדָּ֑שׁ	d/4720	HTd/Ncmsa
04xB1	Num.10.21	וְ/הֵקִ֥ימוּ	c/6965 b	HC/Vhq3cp
04Dut	Num.10.21	אֶת	853	HTo
04aAs	Num.10.21	הַ/מִּשְׁכָּ֖ן	d/4908	HTd/Ncmsa
04iR4	Num.10.21	עַד	5704	HR
04WD5	Num.10.21	בֹּאָֽ/ם	935	HVqc/Sp3mp
04QVS	Num.10.22	וְ/נָסַ֗ע	c/5265	HC/Vqq3ms
04Byp	Num.10.22	דֶּ֛גֶל	1714	HNcmsc
04WT7	Num.10.22	מַחֲנֵ֥ה	4264	HNcbsc
04mgg	Num.10.22	בְנֵֽי	1121 a	HNcmpc
04FtA	Num.10.22	אֶפְרַ֖יִם	669	HNp
04Wy2	Num.10.22	לְ/צִבְאֹתָ֑/ם	l/6635 a	HR/Ncbpc/Sp3mp
04LWF	Num.10.22	וְ/עַל	c/5921 a	HC/R
0443f	Num.10.22	צְבָא֔/וֹ	6635 a	HNcbsc/Sp3ms
04DKG	Num.10.22	אֱלִישָׁמָ֖ע	476	HNp
04Zqk	Num.10.22	בֶּן	1121 a	HNcmsc
04JHu	Num.10.22	עַמִּיהֽוּד	5989	HNp
04TX2	Num.10.23	וְ/עַ֨ל	c/5921 a	HC/R
04BVw	Num.10.23	צְבָ֔א	6635 a	HNcbsc
04As7	Num.10.23	מַטֵּ֖ה	4294	HNcmsc
045kf	Num.10.23	בְּנֵ֣י	1121 a	HNcmpc
04nnm	Num.10.23	מְנַשֶּׁ֑ה	4519	HNp
04Skh	Num.10.23	גַּמְלִיאֵ֖ל	1583	HNp
04hML	Num.10.23	בֶּן	1121 a	HNcmsc
04brS	Num.10.23	פְּדָה	6301	HNp
04wJM	Num.10.23	צֽוּר	6301	HNp
04H8d	Num.10.24	וְ/עַ֨ל	c/5921 a	HC/R
0448z	Num.10.24	צְבָ֔א	6635 a	HNcbsc
04M8d	Num.10.24	מַטֵּ֖ה	4294	HNcmsc
04WKe	Num.10.24	בְּנֵ֣י	1121 a	HNcmpc
042KH	Num.10.24	בִנְיָמִ֑ן	1144	HNp
04HGY	Num.10.24	אֲבִידָ֖ן	27	HNp
04NxF	Num.10.24	בֶּן	1121 a	HNcmsc
0462X	Num.10.24	גִּדְעוֹנִֽי	1441	HNp
04hQZ	Num.10.25	וְ/נָסַ֗ע	c/5265	HC/Vqq3ms
041B3	Num.10.25	דֶּ֚גֶל	1714	HNcmsc
04imA	Num.10.25	מַחֲנֵ֣ה	4264	HNcbsc
04eZb	Num.10.25	בְנֵי	1121 a	HNcmpc
04Kg3	Num.10.25	דָ֔ן	1835	HNp
04L37	Num.10.25	מְאַסֵּ֥ף	622	HVprmsa
04Dbh	Num.10.25	לְ/כָל	l/3605	HR/Ncmsc
04GXn	Num.10.25	הַֽ/מַּחֲנֹ֖ת	d/4264	HTd/Ncbpa
04mmj	Num.10.25	לְ/צִבְאֹתָ֑/ם	l/6635 a	HR/Ncbpc/Sp3mp
04vT5	Num.10.25	וְ/עַל	c/5921 a	HC/R
04ia1	Num.10.25	צְבָא֔/וֹ	6635 a	HNcbsc/Sp3ms
04Lgd	Num.10.25	אֲחִיעֶ֖זֶר	295	HNp
04GhB	Num.10.25	בֶּן	1121 a	HNcmsc
045PW	Num.10.25	עַמִּישַׁדָּֽי	5996	HNp
043FW	Num.10.26	וְ/עַל	c/5921 a	HC/R
04jwC	Num.10.26	צְבָ֔א	6635 a	HNcbsc
04GmR	Num.10.26	מַטֵּ֖ה	4294	HNcmsc
04xun	Num.10.26	בְּנֵ֣י	1121 a	HNcmpc
04zAv	Num.10.26	אָשֵׁ֑ר	836	HNp
041c2	Num.10.26	פַּגְעִיאֵ֖ל	6295	HNp
04q28	Num.10.26	בֶּן	1121 a	HNcmsc
048oG	Num.10.26	עָכְרָֽן	5918	HNp
042L1	Num.10.27	וְ/עַ֨ל	c/5921 a	HC/R
04e3V	Num.10.27	צְבָ֔א	6635 a	HNcbsc
04Ae1	Num.10.27	מַטֵּ֖ה	4294	HNcmsc
04PFr	Num.10.27	בְּנֵ֣י	1121 a	HNcmpc
04YKm	Num.10.27	נַפְתָּלִ֑י	5321	HNp
04WHq	Num.10.27	אֲחִירַ֖ע	299	HNp
04KxQ	Num.10.27	בֶּן	1121 a	HNcmsc
04NKr	Num.10.27	עֵינָֽן	5881	HNp
04LsJ	Num.10.28	אֵ֛לֶּה	428	HPdxcp
04bhZ	Num.10.28	מַסְעֵ֥י	4550	HNcmpc
048nK	Num.10.28	בְנֵֽי	1121 a	HNcmpc
04tSz	Num.10.28	יִשְׂרָאֵ֖ל	3478	HNp
04FE5	Num.10.28	לְ/צִבְאֹתָ֑/ם	l/6635 a	HR/Ncbpc/Sp3mp
04Hxz	Num.10.28	וַ/יִּסָּֽעוּ	c/5265	HC/Vqw3mp
04B3z	Num.10.29	וַ/יֹּ֣אמֶר	c/559	HC/Vqw3ms
04XLq	Num.10.29	מֹשֶׁ֗ה	4872	HNp
04nB1	Num.10.29	לְ֠/חֹבָב	l/2246	HR/Np
04h14	Num.10.29	בֶּן	1121 a	HNcmsc
04vMU	Num.10.29	רְעוּאֵ֣ל	7467	HNp
04112	Num.10.29	הַ/מִּדְיָנִי֮	d/4084	HTd/Ngmsa
043fE	Num.10.29	חֹתֵ֣ן	2859 a	HVqrmsc
04zMp	Num.10.29	מֹשֶׁה֒	4872	HNp
04mxd	Num.10.29	נֹסְעִ֣ים	5265	HVqrmpa
044ir	Num.10.29	אֲנַ֗חְנוּ	587	HPp1cp
046mr	Num.10.29	אֶל	413	HR
04bXr	Num.10.29	הַ/מָּקוֹם֙	d/4725	HTd/Ncmsa
04CCa	Num.10.29	אֲשֶׁ֣ר	834 a	HTr
04XzH	Num.10.29	אָמַ֣ר	559	HVqp3ms
04DHa	Num.10.29	יְהוָ֔ה	3068	HNp
04B8t	Num.10.29	אֹת֖/וֹ	853	HTo/Sp3ms
04SYU	Num.10.29	אֶתֵּ֣ן	5414	HVqi1cs
04YnQ	Num.10.29	לָ/כֶ֑ם	l	HR/Sp2mp
04Z2g	Num.10.29	לְכָ֤/ה	3212	HVqv2ms/Sh
046oJ	Num.10.29	אִתָּ֨/נוּ֙	854	HR/Sp1cp
04mxb	Num.10.29	וְ/הֵטַ֣בְנוּ	c/3190	HC/Vhq1cp
04cxS	Num.10.29	לָ֔/ךְ	l	HR/Sp2fs
04YtD	Num.10.29	כִּֽי	3588 a	HC
04uia	Num.10.29	יְהוָ֥ה	3068	HNp
04B8N	Num.10.29	דִּבֶּר	1696	HVpp3ms
048DB	Num.10.29	ט֖וֹב	2896 a	HAamsa
04tUc	Num.10.29	עַל	5921 a	HR
04w3D	Num.10.29	יִשְׂרָאֵֽל	3478	HNp
04gJP	Num.10.30	וַ/יֹּ֥אמֶר	c/559	HC/Vqw3ms
04j3e	Num.10.30	אֵלָ֖י/ו	413	HR/Sp3ms
04Cfv	Num.10.30	לֹ֣א	3808	HTn
04q1p	Num.10.30	אֵלֵ֑ךְ	3212	HVqi1cs
04g8J	Num.10.30	כִּ֧י	3588 b	HC
049QM	Num.10.30	אִם	518 b	HC
04Sgb	Num.10.30	אֶל	413	HR
04t8Y	Num.10.30	אַרְצִ֛/י	776	HNcbsc/Sp1cs
04KTA	Num.10.30	וְ/אֶל	c/413	HC/R
04nVn	Num.10.30	מוֹלַדְתִּ֖/י	4138	HNcfsc/Sp1cs
04rN2	Num.10.30	אֵלֵֽךְ	3212	HVqi1cs
04tXE	Num.10.31	וַ/יֹּ֕אמֶר	c/559	HC/Vqw3ms
04Amo	Num.10.31	אַל	408	HTn
04tLv	Num.10.31	נָ֖א	4994	HTe
04z69	Num.10.31	תַּעֲזֹ֣ב	5800 a	HVqj2ms
04ync	Num.10.31	אֹתָ֑/נוּ	853	HTo/Sp1cp
048fH	Num.10.31	כִּ֣י	3588 c	HC
04t7b	Num.10.31	עַל	5921 b	HR
048o8	Num.10.31	כֵּ֣ן	3651 b	HTm
046Wa	Num.10.31	יָדַ֗עְתָּ	3045	HVqp2ms
04uj4	Num.10.31	חֲנֹתֵ֨/נוּ֙	2583	HVqc/Sp1cp
04Rhy	Num.10.31	בַּ/מִּדְבָּ֔ר	b/4057 b	HRd/Ncmsa
046gh	Num.10.31	וְ/הָיִ֥יתָ	c/1961	HC/Vqq2ms
042w9	Num.10.31	לָּ֖/נוּ	l	HR/Sp1cp
04y4p	Num.10.31	לְ/עֵינָֽיִם	l/5869 a	HR/Ncbda
04bSv	Num.10.32	וְ/הָיָ֖ה	c/1961	HC/Vqq3ms
04LRa	Num.10.32	כִּי	3588 a	HC
04mX8	Num.10.32	תֵלֵ֣ךְ	3212	HVqi2ms
04mV2	Num.10.32	עִמָּ֑/נוּ	5973 a	HR/Sp1cp
04t7q	Num.10.32	וְ/הָיָ֣ה	c/1961	HC/Vqq3ms
04cXi	Num.10.32	הַ/טּ֣וֹב	d/2896 b	HTd/Aamsa
04d7W	Num.10.32	הַ/ה֗וּא	d/1931	HTd/Pp3ms
04Sin	Num.10.32	אֲשֶׁ֨ר	834 a	HTr
045Jk	Num.10.32	יֵיטִ֧יב	3190	HVhi3ms
04iSM	Num.10.32	יְהוָ֛ה	3068	HNp
04vpV	Num.10.32	עִמָּ֖/נוּ	5973 a	HR/Sp1cp
04gVD	Num.10.32	וְ/הֵטַ֥בְנוּ	c/3190	HC/Vhq1cp
04kVy	Num.10.32	לָֽ/ךְ	l	HR/Sp2fs
04S4D	Num.10.33	וַ/יִּסְעוּ֙	c/5265	HC/Vqw3mp
04SxU	Num.10.33	מֵ/הַ֣ר	m/2022	HR/Ncmsc
04Z54	Num.10.33	יְהוָ֔ה	3068	HNp
043Xf	Num.10.33	דֶּ֖רֶךְ	1870	HNcbsc
04JWr	Num.10.33	שְׁלֹ֣שֶׁת	7969	HAcmsc
04f43	Num.10.33	יָמִ֑ים	3117	HNcmpa
04hFp	Num.10.33	וַ/אֲר֨וֹן	c/727	HC/Ncbsc
04fgh	Num.10.33	בְּרִית	1285	HNcfsc
04YsB	Num.10.33	יְהוָ֜ה	3068	HNp
04PRQ	Num.10.33	נֹסֵ֣עַ	5265	HVqrmsa
04dUa	Num.10.33	לִ/פְנֵי/הֶ֗ם	l/6440	HR/Ncbpc/Sp3mp
04sYy	Num.10.33	דֶּ֚רֶךְ	1870	HNcbsc
04fdJ	Num.10.33	שְׁלֹ֣שֶׁת	7969	HAcmsc
04Bkg	Num.10.33	יָמִ֔ים	3117	HNcmpa
043kt	Num.10.33	לָ/ת֥וּר	l/8446	HR/Vqc
04zPh	Num.10.33	לָ/הֶ֖ם	l	HR/Sp3mp
0428Z	Num.10.33	מְנוּחָֽה	4496	HNcbsa
04scJ	Num.10.34	וַ/עֲנַ֧ן	c/6051	HC/Ncmsc
04U5T	Num.10.34	יְהוָ֛ה	3068	HNp
04cuM	Num.10.34	עֲלֵי/הֶ֖ם	5921 a	HR/Sp3mp
04Js8	Num.10.34	יוֹמָ֑ם	3119	HD
04nt3	Num.10.34	בְּ/נָסְעָ֖/ם	b/5265	HR/Vqc/Sp3mp
04VkC	Num.10.34	מִן	4480 a	HR
04nou	Num.10.34	הַֽ/מַּחֲנֶֽה	d/4264	HTd/Ncbsa
04P34	Num.10.35	וַ/יְהִ֛י	c/1961	HC/Vqw3ms
04xcW	Num.10.35	בִּ/נְסֹ֥עַ	b/5265	HR/Vqc
04vsd	Num.10.35	הָ/אָרֹ֖ן	d/727	HTd/Ncbsa
04evR	Num.10.35	וַ/יֹּ֣אמֶר	c/559	HC/Vqw3ms
044vP	Num.10.35	מֹשֶׁ֑ה	4872	HNp
04wdA	Num.10.35	קוּמָ֣/ה	6965 b	HVqv2ms/Sh
04RZq	Num.10.35	יְהוָ֗ה	3068	HNp
04tWF	Num.10.35	וְ/יָפֻ֨צוּ֙	c/6327 a	HC/Vqi3mp
04n2n	Num.10.35	אֹֽיְבֶ֔י/ךָ	341	HVqrmpc/Sp2ms
04Ycg	Num.10.35	וְ/יָנֻ֥סוּ	c/5127	HC/Vqi3mp
04TCv	Num.10.35	מְשַׂנְאֶ֖י/ךָ	8130	HVprmpc/Sp2ms
04QXK	Num.10.35	מִ/פָּנֶֽי/ךָ	m/6440	HR/Ncbpc/Sp2ms
045zK	Num.10.36	וּ/בְ/נֻחֹ֖/ה	c/b/5117	HC/R/Vqc/Sp3ms
04kjj	Num.10.36	יֹאמַ֑ר	559	HVqi3ms
04Ja6	Num.10.36	שׁוּבָ֣/ה	7725	HVqv2ms/Sh
044n4	Num.10.36	יְהוָ֔ה	3068	HNp
048MY	Num.10.36	רִֽבְב֖וֹת	7233	HNcfpc
04wqE	Num.10.36	אַלְפֵ֥י	505	HAcbpc
04agQ	Num.10.36	יִשְׂרָאֵֽל	3478	HNp
04TdF	Num.11.1	וַ/יְהִ֤י	c/1961	HC/Vqw3ms
046uC	Num.11.1	הָ/עָם֙	d/5971 a	HTd/Ncmsa
04hdS	Num.11.1	כְּ/מִתְאֹ֣נְנִ֔ים	k/596	HR/Vrrmpa
04Prc	Num.11.1	רַ֖ע	7451 b	HAamsa
047wA	Num.11.1	בְּ/אָזְנֵ֣י	b/241	HR/Ncfdc
04mxY	Num.11.1	יְהוָ֑ה	3068	HNp
04F8v	Num.11.1	וַ/יִּשְׁמַ֤ע	c/8085	HC/Vqw3ms
046CL	Num.11.1	יְהוָה֙	3068	HNp
04mjS	Num.11.1	וַ/יִּ֣חַר	c/2734	HC/Vqw3ms
04dzV	Num.11.1	אַפּ֔/וֹ	639	HNcmsc/Sp3ms
04G8J	Num.11.1	וַ/תִּבְעַר	c/1197 a	HC/Vqw3fs
04pBn	Num.11.1	בָּ/ם֙	b	HR/Sp3mp
04Ecc	Num.11.1	אֵ֣שׁ	784	HNcbsc
04WaP	Num.11.1	יְהוָ֔ה	3068	HNp
04x2T	Num.11.1	וַ/תֹּ֖אכַל	c/398	HC/Vqw3fs
04HSC	Num.11.1	בִּ/קְצֵ֥ה	b/7097 a	HR/Ncbsc
04sU3	Num.11.1	הַֽ/מַּחֲנֶֽה	d/4264	HTd/Ncbsa
04mBa	Num.11.2	וַ/יִּצְעַ֥ק	c/6817	HC/Vqw3ms
04XXV	Num.11.2	הָ/עָ֖ם	d/5971 a	HTd/Ncmsa
04vSJ	Num.11.2	אֶל	413	HR
04VpS	Num.11.2	מֹשֶׁ֑ה	4872	HNp
04hub	Num.11.2	וַ/יִּתְפַּלֵּ֤ל	c/6419	HC/Vtw3ms
04NfR	Num.11.2	מֹשֶׁה֙	4872	HNp
049bN	Num.11.2	אֶל	413	HR
04k15	Num.11.2	יְהוָ֔ה	3068	HNp
04UXx	Num.11.2	וַ/תִּשְׁקַ֖ע	c/8257	HC/Vqw3fs
04hup	Num.11.2	הָ/אֵֽשׁ	d/784	HTd/Ncbsa
047an	Num.11.3	וַ/יִּקְרָ֛א	c/7121	HC/Vqw3ms
04MJY	Num.11.3	שֵֽׁם	8034	HNcmsc
04yhT	Num.11.3	הַ/מָּק֥וֹם	d/4725	HTd/Ncmsa
04PxD	Num.11.3	הַ/ה֖וּא	d/1931	HTd/Pp3ms
04H1z	Num.11.3	תַּבְעֵרָ֑ה	8404	HNp
04kYj	Num.11.3	כִּֽי	3588 a	HC
04RHd	Num.11.3	בָעֲרָ֥ה	1197 a	HVqp3fs
04LYs	Num.11.3	בָ֖/ם	b	HR/Sp3mp
045iP	Num.11.3	אֵ֥שׁ	784	HNcbsc
04Wm3	Num.11.3	יְהוָֽה	3068	HNp
04TsQ	Num.11.4	וְ/הָֽ/אסַפְסֻף֙	c/d/628	HC/Td/Ncmsa
04fuL	Num.11.4	אֲשֶׁ֣ר	834 a	HTr
04HAP	Num.11.4	בְּ/קִרְבּ֔/וֹ	b/7130	HR/Ncmsc/Sp3ms
04jLC	Num.11.4	הִתְאַוּ֖וּ	183	HVtp3cp
04adr	Num.11.4	תַּאֲוָ֑ה	8378	HNcfsa
04f5u	Num.11.4	וַ/יָּשֻׁ֣בוּ	c/7725	HC/Vqw3mp
04cU4	Num.11.4	וַ/יִּבְכּ֗וּ	c/1058	HC/Vqw3mp
04TnS	Num.11.4	גַּ֚ם	1571	HTa
04odJ	Num.11.4	בְּנֵ֣י	1121 a	HNcmpc
04bVo	Num.11.4	יִשְׂרָאֵ֔ל	3478	HNp
04tkF	Num.11.4	וַ/יֹּ֣אמְר֔וּ	c/559	HC/Vqw3mp
04xeK	Num.11.4	מִ֥י	4310	HTi
047FR	Num.11.4	יַאֲכִלֵ֖/נוּ	398	HVhi3ms/Sp1cp
043fY	Num.11.4	בָּשָֽׂר	1320	HNcmsa
044sy	Num.11.5	זָכַ֨רְנוּ֙	2142	HVqp1cp
04xWC	Num.11.5	אֶת	853	HTo
04Kn3	Num.11.5	הַ/דָּגָ֔ה	d/1710	HTd/Ncfsa
04ifk	Num.11.5	אֲשֶׁר	834 a	HTr
04TaB	Num.11.5	נֹאכַ֥ל	398	HVqi1cp
04gyf	Num.11.5	בְּ/מִצְרַ֖יִם	b/4714	HR/Np
04aga	Num.11.5	חִנָּ֑ם	2600	HD
04Vy3	Num.11.5	אֵ֣ת	853	HTo
04A9Y	Num.11.5	הַ/קִּשֻּׁאִ֗ים	d/7180	HTd/Ncfpa
04D7i	Num.11.5	וְ/אֵת֙	c/853	HC/To
04ing	Num.11.5	הָֽ/אֲבַטִּחִ֔ים	d/20	HTd/Ncmpa
04meH	Num.11.5	וְ/אֶת	c/853	HC/To
04Do2	Num.11.5	הֶ/חָצִ֥יר	d/2682 b	HTd/Ncmsa
04CBX	Num.11.5	וְ/אֶת	c/853	HC/To
041D5	Num.11.5	הַ/בְּצָלִ֖ים	d/1211	HTd/Ncmpa
04xwi	Num.11.5	וְ/אֶת	c/853	HC/To
04SM8	Num.11.5	הַ/שּׁוּמִֽים	d/7762	HTd/Ncmpa
04vUR	Num.11.6	וְ/עַתָּ֛ה	c/6258	HC/D
04PNk	Num.11.6	נַפְשֵׁ֥/נוּ	5315	HNcbsc/Sp1cp
04tL1	Num.11.6	יְבֵשָׁ֖ה	3002	HAafsa
04jNR	Num.11.6	אֵ֣ין	369	HTn
04zpg	Num.11.6	כֹּ֑ל	3605	HNcmsa
04HB7	Num.11.6	בִּלְתִּ֖י	1115	HC
04BkQ	Num.11.6	אֶל	413	HR
04PD3	Num.11.6	הַ/מָּ֥ן	d/4478 a	HTd/Ncmsa
04FWp	Num.11.6	עֵינֵֽי/נוּ	5869 a	HNcbdc/Sp1cp
042oV	Num.11.7	וְ/הַ/מָּ֕ן	c/d/4478 a	HC/Td/Ncmsa
04ghg	Num.11.7	כִּ/זְרַע	k/2233	HR/Ncmsc
04x5M	Num.11.7	גַּ֖ד	1407	HNcmsa
04ViT	Num.11.7	ה֑וּא	1931	HPp3ms
04jka	Num.11.7	וְ/עֵינ֖/וֹ	c/5869 a	HC/Ncbsc/Sp3ms
04Hyg	Num.11.7	כְּ/עֵ֥ין	k/5869 a	HR/Ncbsc
043BN	Num.11.7	הַ/בְּדֹֽלַח	d/916	HTd/Ncmsa
04Gqg	Num.11.8	שָׁטוּ֩	7751 a	HVqp3cp
046Rj	Num.11.8	הָ/עָ֨ם	d/5971 a	HTd/Ncmsa
04bzr	Num.11.8	וְ/לָֽקְט֜וּ	c/3950	HC/Vqq3cp
04nXP	Num.11.8	וְ/טָחֲנ֣וּ	c/2912	HC/Vqq3cp
04ceA	Num.11.8	בָ/רֵחַ֗יִם	b/7347	HRd/Ncmda
04Baa	Num.11.8	א֤וֹ	176 a	HC
04rR7	Num.11.8	דָכוּ֙	1743	HVqp3cp
045jH	Num.11.8	בַּ/מְּדֹכָ֔ה	b/4085	HRd/Ncfsa
045us	Num.11.8	וּ/בִשְּׁלוּ֙	c/1310	HC/Vpq3cp
04Kgs	Num.11.8	בַּ/פָּר֔וּר	b/6517	HRd/Ncmsa
04Zij	Num.11.8	וְ/עָשׂ֥וּ	c/6213 a	HC/Vqq3cp
04VE6	Num.11.8	אֹת֖/וֹ	853	HTo/Sp3ms
04iDE	Num.11.8	עֻג֑וֹת	5692	HNcfpa
04dza	Num.11.8	וְ/הָיָ֣ה	c/1961	HC/Vqq3ms
04FBM	Num.11.8	טַעְמ֔/וֹ	2940	HNcmsc/Sp3ms
04RBD	Num.11.8	כְּ/טַ֖עַם	k/2940	HR/Ncmsc
04u19	Num.11.8	לְשַׁ֥ד	3955	HNcmsc
04cT3	Num.11.8	הַ/שָּֽׁמֶן	d/8081	HTd/Ncmsa
04KA6	Num.11.9	וּ/בְ/רֶ֧דֶת	c/b/3381	HC/R/Vqc
04c6h	Num.11.9	הַ/טַּ֛ל	d/2919	HTd/Ncmsa
04oqA	Num.11.9	עַל	5921 a	HR
04FwU	Num.11.9	הַֽ/מַּחֲנֶ֖ה	d/4264	HTd/Ncbsa
049Yo	Num.11.9	לָ֑יְלָה	3915	HNcmsa
04jBe	Num.11.9	יֵרֵ֥ד	3381	HVqi3ms
04t1Z	Num.11.9	הַ/מָּ֖ן	d/4478 a	HTd/Ncmsa
04hvs	Num.11.9	עָלָֽי/ו	5921 a	HR/Sp3ms
04J2L	Num.11.10	וַ/יִּשְׁמַ֨ע	c/8085	HC/Vqw3ms
04c7R	Num.11.10	מֹשֶׁ֜ה	4872	HNp
04Yoy	Num.11.10	אֶת	853	HTo
04HqH	Num.11.10	הָ/עָ֗ם	d/5971 a	HTd/Ncmsa
04fWw	Num.11.10	בֹּכֶה֙	1058	HVqrmsa
04HSo	Num.11.10	לְ/מִשְׁפְּחֹתָ֔י/ו	l/4940	HR/Ncfpc/Sp3ms
045Sv	Num.11.10	אִ֖ישׁ	376	HNcmsa
04jaB	Num.11.10	לְ/פֶ֣תַח	l/6607	HR/Ncmsc
04wNv	Num.11.10	אָהֳל֑/וֹ	168	HNcmsc/Sp3ms
04V6g	Num.11.10	וַ/יִּֽחַר	c/2734	HC/Vqw3ms
04jfK	Num.11.10	אַ֤ף	639	HTa
04yXw	Num.11.10	יְהוָה֙	3068	HNp
04x5y	Num.11.10	מְאֹ֔ד	3966	HD
04b7a	Num.11.10	וּ/בְ/עֵינֵ֥י	c/b/5869 a	HC/R/Ncbdc
04TNv	Num.11.10	מֹשֶׁ֖ה	4872	HNp
04Eb5	Num.11.10	רָֽע	7489 a	HAamsa
04hZ8	Num.11.11	וַ/יֹּ֨אמֶר	c/559	HC/Vqw3ms
04iYK	Num.11.11	מֹשֶׁ֜ה	4872	HNp
04z3c	Num.11.11	אֶל	413	HR
04B7n	Num.11.11	יְהוָ֗ה	3068	HNp
04C22	Num.11.11	לָ/מָ֤ה	l/4100	HR/Ti
04kX9	Num.11.11	הֲרֵעֹ֨תָ֙	7489 a	HVhp2ms
043n3	Num.11.11	לְ/עַבְדֶּ֔/ךָ	l/5650	HR/Ncmsc/Sp2ms
04cMk	Num.11.11	וְ/לָ֛/מָּה	c/l/4100	HC/R/Ti
04Jpy	Num.11.11	לֹא	3808	HTn
04Nka	Num.11.11	מָצָ֥תִי	4672	HVqp1cs
048Wu	Num.11.11	חֵ֖ן	2580	HNcmsa
04Jgp	Num.11.11	בְּ/עֵינֶ֑י/ךָ	b/5869 a	HR/Ncbdc/Sp2ms
04CXM	Num.11.11	לָ/שׂ֗וּם	l/7760 a	HR/Vqc
043R8	Num.11.11	אֶת	853	HTo
04d1m	Num.11.11	מַשָּׂ֛א	4853 a	HNcmsc
04EHw	Num.11.11	כָּל	3605	HNcmsc
04hPq	Num.11.11	הָ/עָ֥ם	d/5971 a	HTd/Ncmsa
04oBv	Num.11.11	הַ/זֶּ֖ה	d/2088	HTd/Pdxms
04FXM	Num.11.11	עָלָֽ/י	5921 a	HR/Sp1cs
04qQy	Num.11.12	הֶ/אָנֹכִ֣י	d/595	HTi/Pp1cs
04vXa	Num.11.12	הָרִ֗יתִי	2029	HVqp1cs
046pa	Num.11.12	אֵ֚ת	853	HTo
04XBs	Num.11.12	כָּל	3605	HNcmsc
044Sd	Num.11.12	הָ/עָ֣ם	d/5971 a	HTd/Ncmsa
04ic3	Num.11.12	הַ/זֶּ֔ה	d/2088	HTd/Pdxms
04Wo6	Num.11.12	אִם	518 a	HC
04EGe	Num.11.12	אָנֹכִ֖י	595	HPp1cs
04D3g	Num.11.12	יְלִדְתִּ֑י/הוּ	3205	HVqp1cs/Sp3ms
04ZxC	Num.11.12	כִּֽי	3588 a	HC
04ocE	Num.11.12	תֹאמַ֨ר	559	HVqi2ms
045NY	Num.11.12	אֵלַ֜/י	413	HR/Sp1cs
04ZXC	Num.11.12	שָׂאֵ֣/הוּ	5375	HVqv2ms/Sp3ms
04bW5	Num.11.12	בְ/חֵיקֶ֗/ךָ	b/2436	HR/Ncmsc/Sp2ms
04ahu	Num.11.12	כַּ/אֲשֶׁ֨ר	k/834 d	HR/Tr
04wEv	Num.11.12	יִשָּׂ֤א	5375	HVqi3ms
04owX	Num.11.12	הָ/אֹמֵן֙	d/539	HTd/Vqrmsa
04ece	Num.11.12	אֶת	853	HTo
04cUM	Num.11.12	הַ/יֹּנֵ֔ק	d/3243	HTd/Vqrmsa
04K7y	Num.11.12	עַ֚ל	5921 a	HR
04zfg	Num.11.12	הָֽ/אֲדָמָ֔ה	d/127	HTd/Ncfsa
04eSi	Num.11.12	אֲשֶׁ֥ר	834 a	HTr
04Rkx	Num.11.12	נִשְׁבַּ֖עְתָּ	7650	HVNp2ms
04WU8	Num.11.12	לַ/אֲבֹתָֽי/ו	l/1	HR/Ncmpc/Sp3ms
04FCx	Num.11.13	מֵ/אַ֤יִן	m/370	HR/Ti
04zYs	Num.11.13	לִ/י֙	l	HR/Sp1cs
04t82	Num.11.13	בָּשָׂ֔ר	1320	HNcmsa
04Lnu	Num.11.13	לָ/תֵ֖ת	l/5414	HR/Vqc
04ko3	Num.11.13	לְ/כָל	l/3605	HR/Ncmsc
04LAQ	Num.11.13	הָ/עָ֣ם	d/5971 a	HTd/Ncmsa
04kre	Num.11.13	הַ/זֶּ֑ה	d/2088	HTd/Pdxms
044VQ	Num.11.13	כִּֽי	3588 a	HC
04vXv	Num.11.13	יִבְכּ֤וּ	1058	HVqi3mp
04aca	Num.11.13	עָלַ/י֙	5921 a	HR/Sp1cs
04B8J	Num.11.13	לֵ/אמֹ֔ר	l/559	HR/Vqc
046iZ	Num.11.13	תְּנָ/ה	5414	HVqv2ms/Sh
04qCy	Num.11.13	לָּ֥/נוּ	l	HR/Sp1cp
04jG7	Num.11.13	בָשָׂ֖ר	1320	HNcmsa
04C4J	Num.11.13	וְ/נֹאכֵֽלָה	c/398	HC/Vqh1cp
04Xc8	Num.11.14	לֹֽא	3808	HTn
04q7V	Num.11.14	אוּכַ֤ל	3201	HVqi1cs
043hw	Num.11.14	אָנֹכִי֙	595	HPp1cs
04qQm	Num.11.14	לְ/בַדִּ֔/י	l/905	HR/Ncmsc/Sp1cs
04tA2	Num.11.14	לָ/שֵׂ֖את	l/5375	HR/Vqc
049ZJ	Num.11.14	אֶת	853	HTo
048mZ	Num.11.14	כָּל	3605	HNcmsc
043dL	Num.11.14	הָ/עָ֣ם	d/5971 a	HTd/Ncmsa
04nqx	Num.11.14	הַ/זֶּ֑ה	d/2088	HTd/Pdxms
04kZH	Num.11.14	כִּ֥י	3588 a	HC
046Ly	Num.11.14	כָבֵ֖ד	3515	HAamsa
04Azm	Num.11.14	מִמֶּֽ/נִּי	4480 a	HR/Sp1cs
04AuX	Num.11.15	וְ/אִם	c/518 a	HC/C
04gS3	Num.11.15	כָּ֣כָה	3602	HD
04WLs	Num.11.15	אַתְּ	859 c	HPp2ms
0472j	Num.11.15	עֹ֣שֶׂה	6213 a	HVqrmsa
04JA8	Num.11.15	לִּ֗/י	l	HR/Sp1cs
0433v	Num.11.15	הָרְגֵ֤/נִי	2026	HVqv2ms/Sp1cs
04cuG	Num.11.15	נָא֙	4994	HTe
04F8H	Num.11.15	הָרֹ֔ג	2026	HVqa
042fZ	Num.11.15	אִם	518 a	HC
049FM	Num.11.15	מָצָ֥אתִי	4672	HVqp1cs
049zz	Num.11.15	חֵ֖ן	2580	HNcmsa
048WW	Num.11.15	בְּ/עֵינֶ֑י/ךָ	b/5869 a	HR/Ncbdc/Sp2ms
04Ztw	Num.11.15	וְ/אַל	c/408	HC/Tn
04Rro	Num.11.15	אֶרְאֶ֖ה	7200	HVqc
04ymu	Num.11.15	בְּ/רָעָתִֽ/י	b/7451 c	HR/Ncfsc/Sp1cs
04RrX	Num.11.16	וַ/יֹּ֨אמֶר	c/559	HC/Vqw3ms
04omm	Num.11.16	יְהוָ֜ה	3068	HNp
04LfE	Num.11.16	אֶל	413	HR
04KT7	Num.11.16	מֹשֶׁ֗ה	4872	HNp
04fGo	Num.11.16	אֶסְפָ/ה	622	HVqv2ms/Sh
04EoR	Num.11.16	לִּ֞/י	l	HR/Sp1cs
04LQH	Num.11.16	שִׁבְעִ֣ים	7657	HAcbpa
04bmm	Num.11.16	אִישׁ֮	376	HNcmsa
04oHh	Num.11.16	מִ/זִּקְנֵ֣י	m/2205	HR/Aampc
04Wc4	Num.11.16	יִשְׂרָאֵל֒	3478	HNp
04Khc	Num.11.16	אֲשֶׁ֣ר	834 a	HTr
04Ghm	Num.11.16	יָדַ֔עְתָּ	3045	HVqp2ms
04FVs	Num.11.16	כִּי	3588 a	HC
04fZC	Num.11.16	הֵ֛ם	1992	HPp3mp
04jvx	Num.11.16	זִקְנֵ֥י	2205	HAampc
04qwG	Num.11.16	הָ/עָ֖ם	d/5971 a	HTd/Ncmsa
04k7i	Num.11.16	וְ/שֹׁטְרָ֑י/ו	c/7860	HC/Ncmpc/Sp3ms
04Yp6	Num.11.16	וְ/לָקַחְתָּ֤	c/3947	HC/Vqq2ms
04VcG	Num.11.16	אֹתָ/ם֙	853	HTo/Sp3mp
04ehE	Num.11.16	אֶל	413	HR
04hvg	Num.11.16	אֹ֣הֶל	168	HNcmsc
045Zp	Num.11.16	מוֹעֵ֔ד	4150	HNcmsa
04Nw9	Num.11.16	וְ/הִֽתְיַצְּב֥וּ	c/3320	HC/Vtq3cp
04MNP	Num.11.16	שָׁ֖ם	8033	HD
04kig	Num.11.16	עִמָּֽ/ךְ	5973 a	HR/Sp2fs
04rHR	Num.11.17	וְ/יָרַדְתִּ֗י	c/3381	HC/Vqq1cs
04vq2	Num.11.17	וְ/דִבַּרְתִּ֣י	c/1696	HC/Vpq1cs
04Exx	Num.11.17	עִמְּ/ךָ֮	5973 a	HR/Sp2ms
04vaE	Num.11.17	שָׁם֒	8033	HD
04H2u	Num.11.17	וְ/אָצַלְתִּ֗י	c/680	HC/Vqq1cs
04iog	Num.11.17	מִן	4480 a	HR
04ZR9	Num.11.17	הָ/ר֛וּחַ	d/7307	HTd/Ncbsa
04z2U	Num.11.17	אֲשֶׁ֥ר	834 a	HTr
04rrY	Num.11.17	עָלֶ֖י/ךָ	5921 a	HR/Sp2ms
04bPn	Num.11.17	וְ/שַׂמְתִּ֣י	c/7760 a	HC/Vqq1cs
04cD3	Num.11.17	עֲלֵי/הֶ֑ם	5921 a	HR/Sp3mp
04cLr	Num.11.17	וְ/נָשְׂא֤וּ	c/5375	HC/Vqq3cp
04Qpi	Num.11.17	אִתְּ/ךָ֙	854	HR/Sp2ms
04p6Q	Num.11.17	בְּ/מַשָּׂ֣א	b/4853 a	HR/Ncmsc
04dvn	Num.11.17	הָ/עָ֔ם	d/5971 a	HTd/Ncmsa
04eV2	Num.11.17	וְ/לֹא	c/3808	HC/Tn
04Juw	Num.11.17	תִשָּׂ֥א	5375	HVqi2ms
04f7A	Num.11.17	אַתָּ֖ה	859 a	HPp2ms
04nU3	Num.11.17	לְ/בַדֶּֽ/ךָ	l/905	HR/Ncmsc/Sp2ms
04i3X	Num.11.18	וְ/אֶל	c/413	HC/R
04cws	Num.11.18	הָ/עָ֨ם	d/5971 a	HTd/Ncmsa
04jKx	Num.11.18	תֹּאמַ֜ר	559	HVqi2ms
04wes	Num.11.18	הִתְקַדְּשׁ֣וּ	6942	HVtv2mp
04i2Q	Num.11.18	לְ/מָחָר֮	l/4279	HR/Ncmsa
04PGa	Num.11.18	וַ/אֲכַלְתֶּ֣ם	c/398	HC/Vqq2mp
04qpS	Num.11.18	בָּשָׂר֒	1320	HNcmsa
04TaF	Num.11.18	כִּ֡י	3588 a	HC
04d9X	Num.11.18	בְּכִיתֶם֩	1058	HVqp2mp
04DJK	Num.11.18	בְּ/אָזְנֵ֨י	b/241	HR/Ncfdc
04yuf	Num.11.18	יְהוָ֜ה	3068	HNp
04BaE	Num.11.18	לֵ/אמֹ֗ר	l/559	HR/Vqc
04N7A	Num.11.18	מִ֤י	4310	HTi
049MH	Num.11.18	יַאֲכִלֵ֨/נוּ֙	398	HVhi3ms/Sp1cp
04k2Q	Num.11.18	בָּשָׂ֔ר	1320	HNcmsa
04Wgg	Num.11.18	כִּי	3588 a	HC
04RXq	Num.11.18	ט֥וֹב	2895	HVqp3ms
04xUt	Num.11.18	לָ֖/נוּ	l	HR/Sp1cp
04dQH	Num.11.18	בְּ/מִצְרָ֑יִם	b/4714	HR/Np
0453j	Num.11.18	וְ/נָתַ֨ן	c/5414	HC/Vqq3ms
04ubQ	Num.11.18	יְהוָ֥ה	3068	HNp
04H2p	Num.11.18	לָ/כֶ֛ם	l	HR/Sp2mp
04Snw	Num.11.18	בָּשָׂ֖ר	1320	HNcmsa
04RgS	Num.11.18	וַ/אֲכַלְתֶּֽם	c/398	HC/Vqq2mp
0473F	Num.11.19	לֹ֣א	3808	HTn
04vYe	Num.11.19	י֥וֹם	3117	HNcmsa
04VX2	Num.11.19	אֶחָ֛ד	259	HAcmsa
04nt7	Num.11.19	תֹּאכְל֖וּ/ן	398	HVqi2mp/Sn
04Pk3	Num.11.19	וְ/לֹ֣א	c/3808	HC/Tn
04sGy	Num.11.19	יוֹמָ֑יִם	3117	HNcmda
04g9J	Num.11.19	וְ/לֹ֣א	c/3808	HC/Tn
04ZYF	Num.11.19	חֲמִשָּׁ֣ה	2568	HAcmsa
04mjh	Num.11.19	יָמִ֗ים	3117	HNcmpa
04ugU	Num.11.19	וְ/לֹא֙	c/3808	HC/Tn
04XTu	Num.11.19	עֲשָׂרָ֣ה	6235	HAcmsa
04aA5	Num.11.19	יָמִ֔ים	3117	HNcmpa
046n5	Num.11.19	וְ/לֹ֖א	c/3808	HC/Tn
04bTj	Num.11.19	עֶשְׂרִ֥ים	6242	HAcbpa
04HCK	Num.11.19	יֽוֹם	3117	HNcmsa
04ixD	Num.11.20	עַ֣ד	5704	HR
04DL7	Num.11.20	חֹ֣דֶשׁ	2320	HNcmsc
04Dmt	Num.11.20	יָמִ֗ים	3117	HNcmpa
04EEj	Num.11.20	עַ֤ד	5704	HR
04NKN	Num.11.20	אֲשֶׁר	834 a	HTr
043zR	Num.11.20	יֵצֵא֙	3318	HVqi3ms
04Bet	Num.11.20	מֵֽ/אַפְּ/כֶ֔ם	m/639	HR/Ncmsc/Sp2mp
04FJy	Num.11.20	וְ/הָיָ֥ה	c/1961	HC/Vqq3ms
048Bw	Num.11.20	לָ/כֶ֖ם	l	HR/Sp2mp
04kHD	Num.11.20	לְ/זָרָ֑א	l/2214	HR/Ncmsa
04AAn	Num.11.20	יַ֗עַן	3282	HC
04cJF	Num.11.20	כִּֽי	3588 a	HC
04mxn	Num.11.20	מְאַסְתֶּ֤ם	3988 a	HVqp2mp
04SYo	Num.11.20	אֶת	853	HTo
04caP	Num.11.20	יְהוָה֙	3068	HNp
04PX1	Num.11.20	אֲשֶׁ֣ר	834 a	HTr
04fnW	Num.11.20	בְּ/קִרְבְּ/כֶ֔ם	b/7130	HR/Ncmsc/Sp2mp
04nre	Num.11.20	וַ/תִּבְכּ֤וּ	c/1058	HC/Vqw2mp
041gq	Num.11.20	לְ/פָנָי/ו֙	l/6440	HR/Ncbpc/Sp3ms
04DYk	Num.11.20	לֵ/אמֹ֔ר	l/559	HR/Vqc
04Xfy	Num.11.20	לָ֥/מָּה	l/4100	HR/Ti
04RES	Num.11.20	זֶּ֖ה	2088	HPdxms
04D4F	Num.11.20	יָצָ֥אנוּ	3318	HVqp1cp
04mUK	Num.11.20	מִ/מִּצְרָֽיִם	m/4714	HR/Np
04bdm	Num.11.21	וַ/יֹּאמֶר֮	c/559	HC/Vqw3ms
04qiM	Num.11.21	מֹשֶׁה֒	4872	HNp
04gyj	Num.11.21	שֵׁשׁ	8337	HAcfsa
04sDg	Num.11.21	מֵא֥וֹת	3967	HAcbpa
04cHs	Num.11.21	אֶ֨לֶף֙	505	HAcbsa
04qfb	Num.11.21	רַגְלִ֔י	7273	HAamsa
04mjr	Num.11.21	הָ/עָ֕ם	d/5971 a	HTd/Ncmsa
046PC	Num.11.21	אֲשֶׁ֥ר	834 a	HTr
04CsK	Num.11.21	אָנֹכִ֖י	595	HPp1cs
04Nr9	Num.11.21	בְּ/קִרְבּ֑/וֹ	b/7130	HR/Ncmsc/Sp3ms
04Njp	Num.11.21	וְ/אַתָּ֣ה	c/859 a	HC/Pp2ms
04U8E	Num.11.21	אָמַ֗רְתָּ	559	HVqp2ms
04ov7	Num.11.21	בָּשָׂר֙	1320	HNcmsa
04mps	Num.11.21	אֶתֵּ֣ן	5414	HVqi1cs
04Wm8	Num.11.21	לָ/הֶ֔ם	l	HR/Sp3mp
04Xgr	Num.11.21	וְ/אָכְל֖וּ	c/398	HC/Vqq1cp
04a9y	Num.11.21	חֹ֥דֶשׁ	2320	HNcmsc
04am8	Num.11.21	יָמִֽים	3117	HNcmpa
04CQM	Num.11.22	הֲ/צֹ֧אן	i/6629	HTi/Ncbsa
04MHE	Num.11.22	וּ/בָקָ֛ר	c/1241	HC/Ncbsa
04c8L	Num.11.22	יִשָּׁחֵ֥ט	7819 a	HVNi3ms
04EeM	Num.11.22	לָ/הֶ֖ם	l	HR/Sp3mp
04hEP	Num.11.22	וּ/מָצָ֣א	c/4672	HC/Vqq3ms
042mG	Num.11.22	לָ/הֶ֑ם	l	HR/Sp3mp
04wzt	Num.11.22	אִ֣ם	518 a	HC
04ApD	Num.11.22	אֶֽת	853	HTo
04NDi	Num.11.22	כָּל	3605	HNcmsc
04UJ3	Num.11.22	דְּגֵ֥י	1709	HNcmpc
041ZR	Num.11.22	הַ/יָּ֛ם	d/3220	HTd/Ncmsa
04iDJ	Num.11.22	יֵאָסֵ֥ף	622	HVNi3ms
04yW9	Num.11.22	לָ/הֶ֖ם	l	HR/Sp3mp
04Cwi	Num.11.22	וּ/מָצָ֥א	c/4672	HC/Vqq3ms
04SkB	Num.11.22	לָ/הֶֽם	l	HR/Sp3mp
04Y5x	Num.11.23	וַ/יֹּ֤אמֶר	c/559	HC/Vqw3ms
04fJm	Num.11.23	יְהוָה֙	3068	HNp
04W9C	Num.11.23	אֶל	413	HR
04QFL	Num.11.23	מֹשֶׁ֔ה	4872	HNp
04nWY	Num.11.23	הֲ/יַ֥ד	i/3027	HTi/Ncbsc
04HDj	Num.11.23	יְהוָ֖ה	3068	HNp
042um	Num.11.23	תִּקְצָ֑ר	7114 a	HVqi3fs
04vdB	Num.11.23	עַתָּ֥ה	6258	HD
041vw	Num.11.23	תִרְאֶ֛ה	7200	HVqi2ms
04khp	Num.11.23	הֲ/יִקְרְ/ךָ֥	i/7136 a	HTi/Vqi3ms/Sp2ms
049T8	Num.11.23	דְבָרִ֖/י	1697	HNcmsc/Sp1cs
04Sk2	Num.11.23	אִם	518 a	HC
04RFY	Num.11.23	לֹֽא	3808	HTn
043DM	Num.11.24	וַ/יֵּצֵ֣א	c/3318	HC/Vqw3ms
04xjx	Num.11.24	מֹשֶׁ֗ה	4872	HNp
04XTG	Num.11.24	וַ/יְדַבֵּר֙	c/1696	HC/Vpw3ms
04gmz	Num.11.24	אֶל	413	HR
04bsU	Num.11.24	הָ/עָ֔ם	d/5971 a	HTd/Ncmsa
04KEw	Num.11.24	אֵ֖ת	853	HTo
046nN	Num.11.24	דִּבְרֵ֣י	1697	HNcmpc
04rRm	Num.11.24	יְהוָ֑ה	3068	HNp
04Hkb	Num.11.24	וַ/יֶּאֱסֹ֞ף	c/622	HC/Vqw3ms
04o2L	Num.11.24	שִׁבְעִ֥ים	7657	HAcbpa
04eif	Num.11.24	אִישׁ֙	376	HNcmsa
04cpk	Num.11.24	מִ/זִּקְנֵ֣י	m/2205	HR/Aampc
04mqu	Num.11.24	הָ/עָ֔ם	d/5971 a	HTd/Ncmsa
04vky	Num.11.24	וַֽ/יַּעֲמֵ֥ד	c/5975	HC/Vhw3ms
04b22	Num.11.24	אֹתָ֖/ם	853	HTo/Sp3mp
04y1q	Num.11.24	סְבִיבֹ֥ת	5439	HNcbpc
04XBR	Num.11.24	הָ/אֹֽהֶל	d/168	HTd/Ncmsa
04RKz	Num.11.25	וַ/יֵּ֨רֶד	c/3381	HC/Vqw3ms
045Qt	Num.11.25	יְהוָ֥ה	3068	HNp
04HJA	Num.11.25	בֶּ/עָנָן֮	b/6051	HRd/Ncmsa
04ixu	Num.11.25	וַ/יְדַבֵּ֣ר	c/1696	HC/Vpw3ms
04mUN	Num.11.25	אֵלָי/ו֒	413	HR/Sp3ms
04pZF	Num.11.25	וַ/יָּ֗אצֶל	c/680	HC/Vqw3ms
04q4S	Num.11.25	מִן	4480 a	HR
04rMH	Num.11.25	הָ/ר֨וּחַ֙	d/7307	HTd/Ncbsa
04GcS	Num.11.25	אֲשֶׁ֣ר	834 a	HTr
04VEY	Num.11.25	עָלָ֔י/ו	5921 a	HR/Sp3ms
04neC	Num.11.25	וַ/יִּתֵּ֕ן	c/5414	HC/Vqw3ms
044J2	Num.11.25	עַל	5921 a	HR
0458T	Num.11.25	שִׁבְעִ֥ים	7657	HAcbpa
04jfT	Num.11.25	אִ֖ישׁ	376	HNcmsa
04Dvx	Num.11.25	הַ/זְּקֵנִ֑ים	d/2205	HTd/Aampa
04rfH	Num.11.25	וַ/יְהִ֗י	c/1961	HC/Vqw3ms
04VZS	Num.11.25	כְּ/נ֤וֹחַ	k/5117	HR/Vqc
04Dd4	Num.11.25	עֲלֵי/הֶם֙	5921 a	HR/Sp3mp
04sUM	Num.11.25	הָ/ר֔וּחַ	d/7307	HTd/Ncbsa
047mw	Num.11.25	וַ/יִּֽתְנַבְּא֖וּ	c/5012	HC/Vtw3mp
04kxi	Num.11.25	וְ/לֹ֥א	c/3808	HC/Tn
04Zo4	Num.11.25	יָסָֽפוּ	3254	HVqp3cp
04Ps1	Num.11.26	וַ/יִּשָּׁאֲר֣וּ	c/7604	HC/VNw3mp
04x3o	Num.11.26	שְׁנֵֽי	8147	HAcmdc
04GdL	Num.11.26	אֲנָשִׁ֣ים	376	HNcmpa
04ikj	Num.11.26	בַּֽ/מַּחֲנֶ֡ה	b/4264	HRd/Ncbsa
04Yxf	Num.11.26	שֵׁ֣ם	8034	HNcmsc
04Jji	Num.11.26	הָ/אֶחָ֣ד	d/259	HTd/Acmsa
04vF1	Num.11.26	אֶלְדָּ֡ד	419	HNp
04baH	Num.11.26	וְ/שֵׁם֩	c/8034	HC/Ncmsc
04DYG	Num.11.26	הַ/שֵּׁנִ֨י	d/8145	HTd/Aomsa
04wMm	Num.11.26	מֵידָ֜ד	4312	HNp
046Bv	Num.11.26	וַ/תָּ֧נַח	c/5117	HC/Vqw3fs
04GsM	Num.11.26	עֲלֵי/הֶ֣ם	5921 a	HR/Sp3mp
04asE	Num.11.26	הָ/ר֗וּחַ	d/7307	HTd/Ncbsa
04ZC1	Num.11.26	וְ/הֵ֨מָּה֙	c/1992	HC/Pp3mp
04QkY	Num.11.26	בַּ/כְּתֻבִ֔ים	b/3789	HRd/Vqsmpa
04ViX	Num.11.26	וְ/לֹ֥א	c/3808	HC/Tn
04uKa	Num.11.26	יָצְא֖וּ	3318	HVqp3cp
043zX	Num.11.26	הָ/אֹ֑הֱלָ/ה	d/168	HTd/Ncmsa/Sd
04H8Z	Num.11.26	וַ/יִּֽתְנַבְּא֖וּ	c/5012	HC/Vtw3mp
04tg6	Num.11.26	בַּֽ/מַּחֲנֶֽה	b/4264	HRd/Ncbsa
049wB	Num.11.27	וַ/יָּ֣רָץ	c/7323	HC/Vqw3ms
04i2Y	Num.11.27	הַ/נַּ֔עַר	d/5288	HTd/Ncmsa
04JU3	Num.11.27	וַ/יַּגֵּ֥ד	c/5046	HC/Vhw3ms
04gmt	Num.11.27	לְ/מֹשֶׁ֖ה	l/4872	HR/Np
04jqR	Num.11.27	וַ/יֹּאמַ֑ר	c/559	HC/Vqw3ms
04rFY	Num.11.27	אֶלְדָּ֣ד	419	HNp
04zTW	Num.11.27	וּ/מֵידָ֔ד	c/4312	HC/Np
0418W	Num.11.27	מִֽתְנַבְּאִ֖ים	5012	HVtrmpa
048Ad	Num.11.27	בַּֽ/מַּחֲנֶֽה	b/4264	HRd/Ncbsa
04RQy	Num.11.28	וַ/יַּ֜עַן	c/6030 b	HC/Vqw3ms
04exE	Num.11.28	יְהוֹשֻׁ֣עַ	3091	HNp
04kDB	Num.11.28	בִּן	1121 a	HNcmsc
04c5h	Num.11.28	נ֗וּן	5126	HNp
04MWC	Num.11.28	מְשָׁרֵ֥ת	8334	HVprmsc
044HD	Num.11.28	מֹשֶׁ֛ה	4872	HNp
04NTC	Num.11.28	מִ/בְּחֻרָ֖י/ו	m/979	HR/Ncbpc/Sp3ms
04SsZ	Num.11.28	וַ/יֹּאמַ֑ר	c/559	HC/Vqw3ms
04gHx	Num.11.28	אֲדֹנִ֥/י	113	HNcmsc/Sp1cs
049Gq	Num.11.28	מֹשֶׁ֖ה	4872	HNp
04z1r	Num.11.28	כְּלָאֵֽ/ם	3607	HVqv2ms/Sp3mp
04qiE	Num.11.29	וַ/יֹּ֤אמֶר	c/559	HC/Vqw3ms
04Pbx	Num.11.29	ל/וֹ֙	l	HR/Sp3ms
04iu9	Num.11.29	מֹשֶׁ֔ה	4872	HNp
04v6K	Num.11.29	הַֽ/מְקַנֵּ֥א	d/7065	HTi/Vprmsa
04Zfe	Num.11.29	אַתָּ֖ה	859 a	HPp2ms
04XqJ	Num.11.29	לִ֑/י	l	HR/Sp1cs
04zba	Num.11.29	וּ/מִ֨י	c/4310	HC/Ti
04bCg	Num.11.29	יִתֵּ֜ן	5414	HVqi3ms
04rcS	Num.11.29	כָּל	3605	HNcmsc
04kPb	Num.11.29	עַ֤ם	5971 a	HNcmsc
04jmq	Num.11.29	יְהוָה֙	3068	HNp
04L8L	Num.11.29	נְבִיאִ֔ים	5030	HNcmpa
04Qdn	Num.11.29	כִּי	3588 a	HC
04zXy	Num.11.29	יִתֵּ֧ן	5414	HVqi3ms
04BE6	Num.11.29	יְהוָ֛ה	3068	HNp
044Hh	Num.11.29	אֶת	853	HTo
04wqg	Num.11.29	רוּח֖/וֹ	7307	HNcbsc/Sp3ms
04wyc	Num.11.29	עֲלֵי/הֶֽם	5921 a	HR/Sp3mp
04wXU	Num.11.30	וַ/יֵּאָסֵ֥ף	c/622	HC/VNw3ms
04Kzw	Num.11.30	מֹשֶׁ֖ה	4872	HNp
04RDi	Num.11.30	אֶל	413	HR
04t9h	Num.11.30	הַֽ/מַּחֲנֶ֑ה	d/4264	HTd/Ncbsa
04VYa	Num.11.30	ה֖וּא	1931	HPp3ms
04TZK	Num.11.30	וְ/זִקְנֵ֥י	c/2205	HC/Aampc
049yY	Num.11.30	יִשְׂרָאֵֽל	3478	HNp
04yyS	Num.11.31	וְ/ר֜וּחַ	c/7307	HC/Ncbsa
04i6F	Num.11.31	נָסַ֣ע	5265	HVqp3ms
04gag	Num.11.31	מֵ/אֵ֣ת	m/854	HR/R
04ocU	Num.11.31	יְהוָ֗ה	3068	HNp
04E6L	Num.11.31	וַ/יָּ֣גָז	c/1468	HC/Vqw3ms
04nAX	Num.11.31	שַׂלְוִים֮	7958	HNcfpa
048Kr	Num.11.31	מִן	4480 a	HR
0498g	Num.11.31	הַ/יָּם֒	d/3220	HTd/Ncmsa
04QQU	Num.11.31	וַ/יִּטֹּ֨שׁ	c/5203	HC/Vqw3ms
04dJi	Num.11.31	עַל	5921 a	HR
04G5x	Num.11.31	הַֽ/מַּחֲנֶ֜ה	d/4264	HTd/Ncbsa
045MG	Num.11.31	כְּ/דֶ֧רֶךְ	k/1870	HR/Ncbsc
04BCd	Num.11.31	י֣וֹם	3117	HNcmsa
04WHx	Num.11.31	כֹּ֗ה	3541	HD
04E2T	Num.11.31	וּ/כְ/דֶ֤רֶךְ	c/k/1870	HC/R/Ncbsc
04C8V	Num.11.31	יוֹם֙	3117	HNcmsa
04Cn5	Num.11.31	כֹּ֔ה	3541	HD
04wzb	Num.11.31	סְבִיב֖וֹת	5439	HNcbpc
04Mdh	Num.11.31	הַֽ/מַּחֲנֶ֑ה	d/4264	HTd/Ncbsa
04TmA	Num.11.31	וּ/כְ/אַמָּתַ֖יִם	c/k/520 a	HC/R/Ncfda
042ni	Num.11.31	עַל	5921 a	HR
04yrG	Num.11.31	פְּנֵ֥י	6440	HNcbpc
04cnY	Num.11.31	הָ/אָֽרֶץ	d/776	HTd/Ncbsa
04B32	Num.11.32	וַ/יָּ֣קָם	c/6965 b	HC/Vqw3ms
04mFz	Num.11.32	הָ/עָ֡ם	d/5971 a	HTd/Ncmsa
04AU3	Num.11.32	כָּל	3605	HNcmsc
04Ljo	Num.11.32	הַ/יּוֹם֩	d/3117	HTd/Ncmsa
04zHu	Num.11.32	הַ/ה֨וּא	d/1931	HTd/Pp3ms
04EH3	Num.11.32	וְ/כָל	c/3605	HC/Ncmsc
04APw	Num.11.32	הַ/לַּ֜יְלָה	d/3915	HTd/Ncmsa
044ud	Num.11.32	וְ/כֹ֣ל	c/3605	HC/Ncmsc
04oke	Num.11.32	י֣וֹם	3117	HNcmsc
04Wom	Num.11.32	הַֽ/מָּחֳרָ֗ת	d/4283	HTd/Ncfsa
04K1g	Num.11.32	וַ/יַּֽאַסְפוּ֙	c/622	HC/Vqw3mp
04q4F	Num.11.32	אֶת	853	HTo
04sh2	Num.11.32	הַ/שְּׂלָ֔ו	d/7958	HTd/Ncfsa
04A1q	Num.11.32	הַ/מַּמְעִ֕יט	d/4591	HTd/Vhrmsa
047mG	Num.11.32	אָסַ֖ף	622	HVqp3ms
045fE	Num.11.32	עֲשָׂרָ֣ה	6235	HAcmsa
04JNN	Num.11.32	חֳמָרִ֑ים	2563 c	HNcmpa
04TRZ	Num.11.32	וַ/יִּשְׁטְח֤וּ	c/7849	HC/Vqw3mp
04c1k	Num.11.32	לָ/הֶם֙	l	HR/Sp3mp
04KKG	Num.11.32	שָׁט֔וֹחַ	7849	HVqa
0431M	Num.11.32	סְבִיב֖וֹת	5439	HNcbpc
04PE3	Num.11.32	הַֽ/מַּחֲנֶֽה	d/4264	HTd/Ncbsa
046Da	Num.11.33	הַ/בָּשָׂ֗ר	d/1320	HTd/Ncmsa
04C4U	Num.11.33	עוֹדֶ֨/נּוּ֙	5750	HD/Sp3ms
04VPw	Num.11.33	בֵּ֣ין	996	HR
04kTf	Num.11.33	שִׁנֵּי/הֶ֔ם	8127	HNcbdc/Sp3mp
04tqR	Num.11.33	טֶ֖רֶם	2962	HD
04jzx	Num.11.33	יִכָּרֵ֑ת	3772	HVNi3ms
04qj6	Num.11.33	וְ/אַ֤ף	c/639	HC/Ncmsc
04pus	Num.11.33	יְהוָה֙	3068	HNp
04Z5a	Num.11.33	חָרָ֣ה	2734	HVqp3ms
04N2d	Num.11.33	בָ/עָ֔ם	b/5971 a	HRd/Ncmsa
04fmp	Num.11.33	וַ/יַּ֤ךְ	c/5221	HC/Vhw3ms
04zva	Num.11.33	יְהוָה֙	3068	HNp
04dUC	Num.11.33	בָּ/עָ֔ם	b/5971 a	HRd/Ncmsa
04NuL	Num.11.33	מַכָּ֖ה	4347	HNcfsa
04f26	Num.11.33	רַבָּ֥ה	7227 a	HAafsa
043cG	Num.11.33	מְאֹֽד	3966	HD
04DF8	Num.11.34	וַ/יִּקְרָ֛א	c/7121	HC/Vqw3ms
04Ao5	Num.11.34	אֶת	853	HTo
04kni	Num.11.34	שֵֽׁם	8034	HNcmsc
04yRm	Num.11.34	הַ/מָּק֥וֹם	d/4725	HTd/Ncmsa
048gB	Num.11.34	הַ/ה֖וּא	d/1931	HTd/Pp3ms
04oEM	Num.11.34	קִבְר֣וֹת	6914+	HNp
04p3B	Num.11.34	הַֽתַּאֲוָ֑ה	6914	HNp
04FcZ	Num.11.34	כִּי	3588 a	HC
04WG5	Num.11.34	שָׁם֙	8033	HD
04FnR	Num.11.34	קָֽבְר֔וּ	6912	HVqp3cp
04zxj	Num.11.34	אֶת	853	HTo
04jnw	Num.11.34	הָ/עָ֖ם	d/5971 a	HTd/Ncmsa
04UjJ	Num.11.34	הַ/מִּתְאַוִּֽים	d/183	HTd/Vtrmpa
04wmR	Num.11.35	מִ/קִּבְר֧וֹת	m/6914+	HR/Np
04Xsc	Num.11.35	הַֽתַּאֲוָ֛ה	6914	HNp
04qCb	Num.11.35	נָסְע֥וּ	5265	HVqp3cp
04rDe	Num.11.35	הָ/עָ֖ם	d/5971 a	HTd/Ncmsa
04LQN	Num.11.35	חֲצֵר֑וֹת	2698	HNp
04gWC	Num.11.35	וַ/יִּהְי֖וּ	c/1961	HC/Vqw3mp
04c6U	Num.11.35	בַּ/חֲצֵרֽוֹת	b/2698	HR/Np
04PAw	Num.12.1	וַ/תְּדַבֵּ֨ר	c/1696	HC/Vpw3fs
04hXi	Num.12.1	מִרְיָ֤ם	4813	HNp
04jjb	Num.12.1	וְ/אַהֲרֹן֙	c/175	HC/Np
04gpQ	Num.12.1	בְּ/מֹשֶׁ֔ה	b/4872	HR/Np
04EiV	Num.12.1	עַל	5921 a	HR
04dY1	Num.12.1	אֹד֛וֹת	182	HNcfpc
04iDg	Num.12.1	הָ/אִשָּׁ֥ה	d/802	HTd/Ncfsa
04dB9	Num.12.1	הַ/כֻּשִׁ֖ית	d/3571	HTd/Ngfsa
04CcA	Num.12.1	אֲשֶׁ֣ר	834 a	HTr
04R2m	Num.12.1	לָקָ֑ח	3947	HVqp3ms
04ryM	Num.12.1	כִּֽי	3588 a	HC
04evQ	Num.12.1	אִשָּׁ֥ה	802	HNcfsa
04jkP	Num.12.1	כֻשִׁ֖ית	3571	HNgfsa
04NA8	Num.12.1	לָקָֽח	3947	HVqp3ms
04Zrf	Num.12.2	וַ/יֹּאמְר֗וּ	c/559	HC/Vqw3mp
04cEv	Num.12.2	הֲ/רַ֤ק	i/7535	HTi/D
04KV2	Num.12.2	אַךְ	389	HTa
04c59	Num.12.2	בְּ/מֹשֶׁה֙	b/4872	HR/Np
04d4U	Num.12.2	דִּבֶּ֣ר	1696	HVpp3ms
04nLr	Num.12.2	יְהוָ֔ה	3068	HNp
04Qb5	Num.12.2	הֲ/לֹ֖א	i/3808	HTi/Tn
04tTy	Num.12.2	גַּם	1571	HTa
04T78	Num.12.2	בָּ֣/נוּ	b	HR/Sp1cp
04q8b	Num.12.2	דִבֵּ֑ר	1696	HVpp3ms
04ehU	Num.12.2	וַ/יִּשְׁמַ֖ע	c/8085	HC/Vqw3ms
046io	Num.12.2	יְהוָֽה	3068	HNp
04WEE	Num.12.3	וְ/הָ/אִ֥ישׁ	c/d/376	HC/Td/Ncmsa
04dDG	Num.12.3	מֹשֶׁ֖ה	4872	HNp
04iLp	Num.12.3	ענו	6035	HAamsa
04HkZ	Num.12.3	עָנָ֣יו	6035	HAamsa
04RLR	Num.12.3	מְאֹ֑ד	3966	HD
04nDg	Num.12.3	מִ/כֹּל֙	m/3605	HR/Ncmsc
04A6M	Num.12.3	הָֽ/אָדָ֔ם	d/120	HTd/Ncmsa
04RP4	Num.12.3	אֲשֶׁ֖ר	834 a	HTr
04D9w	Num.12.3	עַל	5921 a	HR
04TJQ	Num.12.3	פְּנֵ֥י	6440	HNcbpc
046yq	Num.12.3	הָ/אֲדָמָֽה	d/127	HTd/Ncfsa
04Kqr	Num.12.4	וַ/יֹּ֨אמֶר	c/559	HC/Vqw3ms
04248	Num.12.4	יְהוָ֜ה	3068	HNp
045vz	Num.12.4	פִּתְאֹ֗ם	6597	HD
04cN2	Num.12.4	אֶל	413	HR
042jd	Num.12.4	מֹשֶׁ֤ה	4872	HNp
04K5Z	Num.12.4	וְ/אֶֽל	c/413	HC/R
04n6n	Num.12.4	אַהֲרֹן֙	175	HNp
04T41	Num.12.4	וְ/אֶל	c/413	HC/R
04Bjn	Num.12.4	מִרְיָ֔ם	4813	HNp
0499z	Num.12.4	צְא֥וּ	3318	HVqv2mp
04zYd	Num.12.4	שְׁלָשְׁתְּ/כֶ֖ם	7969	HAcmsc/Sp2mp
04scM	Num.12.4	אֶל	413	HR
04cPY	Num.12.4	אֹ֣הֶל	168	HNcmsc
04juj	Num.12.4	מוֹעֵ֑ד	4150	HNcmsa
04pkn	Num.12.4	וַ/יֵּצְא֖וּ	c/3318	HC/Vqw3mp
04dgR	Num.12.4	שְׁלָשְׁתָּֽ/ם	7969	HAcmsc/Sp3mp
04uxz	Num.12.5	וַ/יֵּ֤רֶד	c/3381	HC/Vqw3ms
04Mge	Num.12.5	יְהוָה֙	3068	HNp
04Ymi	Num.12.5	בְּ/עַמּ֣וּד	b/5982	HR/Ncmsc
04h2b	Num.12.5	עָנָ֔ן	6051	HNcmsa
04E7Q	Num.12.5	וַֽ/יַּעֲמֹ֖ד	c/5975	HC/Vqw3ms
04g5W	Num.12.5	פֶּ֣תַח	6607	HNcmsc
046FM	Num.12.5	הָ/אֹ֑הֶל	d/168	HTd/Ncmsa
045yw	Num.12.5	וַ/יִּקְרָא֙	c/7121	HC/Vqw3ms
04YRc	Num.12.5	אַהֲרֹ֣ן	175	HNp
04zfB	Num.12.5	וּ/מִרְיָ֔ם	c/4813	HC/Np
04jg4	Num.12.5	וַ/יֵּצְא֖וּ	c/3318	HC/Vqw3mp
041yU	Num.12.5	שְׁנֵי/הֶֽם	8147	HAcmdc/Sp3mp
043fd	Num.12.6	וַ/יֹּ֖אמֶר	c/559	HC/Vqw3ms
04CvK	Num.12.6	שִׁמְעוּ	8085	HVqv2mp
04Vio	Num.12.6	נָ֣א	4994	HTe
04pZB	Num.12.6	דְבָרָ֑/י	1697	HNcmpc/Sp1cs
04S2M	Num.12.6	אִם	518 a	HC
04eZE	Num.12.6	יִֽהְיֶה֙	1961	HVqi3ms
04W4S	Num.12.6	נְבִ֣יאֲ/כֶ֔ם	5030	HNcmsc/Sp2mp
04Gbr	Num.12.6	יְהוָ֗ה	3068	HNp
04v99	Num.12.6	בַּ/מַּרְאָה֙	b/4759 a	HRd/Ncfsa
04djw	Num.12.6	אֵלָ֣י/ו	413	HR/Sp3ms
04cqT	Num.12.6	אֶתְוַדָּ֔ע	3045	HVti1cs
04pWC	Num.12.6	בַּ/חֲל֖וֹם	b/2472	HR/Ncmsa
04RLz	Num.12.6	אֲדַבֶּר	1696	HVpi1cs
04YXn	Num.12.6	בּֽ/וֹ	b	HR/Sp3ms
04XT1	Num.12.7	לֹא	3808	HTn
043Mm	Num.12.7	כֵ֖ן	3651 c	HD
04zXt	Num.12.7	עַבְדִּ֣/י	5650	HNcmsc/Sp1cs
0467g	Num.12.7	מֹשֶׁ֑ה	4872	HNp
04C2M	Num.12.7	בְּ/כָל	b/3605	HR/Ncmsc
04Nec	Num.12.7	בֵּיתִ֖/י	1004 b	HNcmsc/Sp1cs
0445R	Num.12.7	נֶאֱמָ֥ן	539	HVNrmsa
04SEN	Num.12.7	הֽוּא	1931	HPp3ms
04JQg	Num.12.8	פֶּ֣ה	6310	HNcmsa
04TGg	Num.12.8	אֶל	413	HR
04HrY	Num.12.8	פֶּ֞ה	6310	HNcmsa
048tv	Num.12.8	אֲדַבֶּר	1696	HVpi1cs
043zJ	Num.12.8	בּ֗/וֹ	b	HR/Sp3ms
04odd	Num.12.8	וּ/מַרְאֶה֙	c/4758	HC/Ncmsa
04eJm	Num.12.8	וְ/לֹ֣א	c/3808	HC/Tn
04t8y	Num.12.8	בְ/חִידֹ֔ת	b/2420	HR/Ncfpa
047q4	Num.12.8	וּ/תְמֻנַ֥ת	c/8544	HC/Ncfsc
04c2v	Num.12.8	יְהוָ֖ה	3068	HNp
04gth	Num.12.8	יַבִּ֑יט	5027	HVhi3ms
04qe3	Num.12.8	וּ/מַדּ֨וּעַ֙	c/4069	HC/Ti
04vvb	Num.12.8	לֹ֣א	3808	HTn
04HZL	Num.12.8	יְרֵאתֶ֔ם	3372	HVqp2mp
04JP4	Num.12.8	לְ/דַבֵּ֖ר	l/1696	HR/Vpc
04Lke	Num.12.8	בְּ/עַבְדִּ֥/י	b/5650	HR/Ncmsc/Sp1cs
04udG	Num.12.8	בְ/מֹשֶֽׁה	b/4872	HR/Np
04xji	Num.12.9	וַ/יִּֽחַר	c/2734	HC/Vqw3ms
04AfZ	Num.12.9	אַ֧ף	639	HTa
04MKo	Num.12.9	יְהוָ֛ה	3068	HNp
041BC	Num.12.9	בָּ֖/ם	b	HR/Sp3mp
04wuh	Num.12.9	וַ/יֵּלַֽךְ	c/3212	HC/Vqw3ms
04jPW	Num.12.10	וְ/הֶ/עָנָ֗ן	c/d/6051	HC/Td/Ncmsa
04aG2	Num.12.10	סָ֚ר	5493	HVqp3ms
04r8i	Num.12.10	מֵ/עַ֣ל	m/5921 a	HR/R
04QpT	Num.12.10	הָ/אֹ֔הֶל	d/168	HTd/Ncmsa
04TzY	Num.12.10	וְ/הִנֵּ֥ה	c/2009	HC/Tm
04XbD	Num.12.10	מִרְיָ֖ם	4813	HNp
04gh4	Num.12.10	מְצֹרַ֣עַת	6879	HVPsfsa
045ho	Num.12.10	כַּ/שָּׁ֑לֶג	k/7950	HRd/Ncmsa
04FP9	Num.12.10	וַ/יִּ֧פֶן	c/6437	HC/Vqw3ms
047DJ	Num.12.10	אַהֲרֹ֛ן	175	HNp
04Wku	Num.12.10	אֶל	413	HR
045xN	Num.12.10	מִרְיָ֖ם	4813	HNp
04wtE	Num.12.10	וְ/הִנֵּ֥ה	c/2009	HC/Tm
04g1M	Num.12.10	מְצֹרָֽעַת	6879	HVPsfsa
04Ja2	Num.12.11	וַ/יֹּ֥אמֶר	c/559	HC/Vqw3ms
04sUc	Num.12.11	אַהֲרֹ֖ן	175	HNp
04SSP	Num.12.11	אֶל	413	HR
04XF1	Num.12.11	מֹשֶׁ֑ה	4872	HNp
04Mig	Num.12.11	בִּ֣י	994	HTe
04HwW	Num.12.11	אֲדֹנִ֔/י	113	HNcmsc/Sp1cs
04YeZ	Num.12.11	אַל	408	HTn
04fwr	Num.12.11	נָ֨א	4994	HTe
04suC	Num.12.11	תָשֵׁ֤ת	7896	HVqj2ms
04Px1	Num.12.11	עָלֵ֨י/נוּ֙	5921 a	HR/Sp1cp
04AYP	Num.12.11	חַטָּ֔את	2403 b	HNcfsa
04DRn	Num.12.11	אֲשֶׁ֥ר	834 a	HTr
04eu8	Num.12.11	נוֹאַ֖לְנוּ	2973	HVNp1cp
04Gvf	Num.12.11	וַ/אֲשֶׁ֥ר	c/834 a	HC/Tr
04rUH	Num.12.11	חָטָֽאנוּ	2398	HVqp1cp
04Ndd	Num.12.12	אַל	408	HTn
04AS3	Num.12.12	נָ֥א	4994	HTe
04NNB	Num.12.12	תְהִ֖י	1961	HVqj3fs
04ooW	Num.12.12	כַּ/מֵּ֑ת	k/4191	HRd/Vqrmsa
0444e	Num.12.12	אֲשֶׁ֤ר	834 a	HTr
041ML	Num.12.12	בְּ/צֵאת/וֹ֙	b/3318	HR/Vqc/Sp3ms
04Lr5	Num.12.12	מֵ/רֶ֣חֶם	m/7358	HR/Ncmsc
04V22	Num.12.12	אִמּ֔/וֹ	517	HNcfsc/Sp3ms
04aa5	Num.12.12	וַ/יֵּאָכֵ֖ל	c/398	HC/VNw3ms
04Pbw	Num.12.12	חֲצִ֥י	2677	HNcmsc
045M6	Num.12.12	בְשָׂרֽ/וֹ	1320	HNcmsc/Sp3ms
04Fdk	Num.12.13	וַ/יִּצְעַ֣ק	c/6817	HC/Vqw3ms
04Pwi	Num.12.13	מֹשֶׁ֔ה	4872	HNp
04kSx	Num.12.13	אֶל	413	HR
04488	Num.12.13	יְהוָ֖ה	3068	HNp
04Mix	Num.12.13	לֵ/אמֹ֑ר	l/559	HR/Vqc
04Nt6	Num.12.13	אֵ֕ל	410	HNcmsa
04JC3	Num.12.13	נָ֛א	4994	HTe
04ieh	Num.12.13	רְפָ֥א	7495	HVqv2ms
04ASQ	Num.12.13	נָ֖א	4994	HTe
04NoG	Num.12.13	לָֽ/הּ	l	HR/Sp3fs
04CEp	Num.12.14	וַ/יֹּ֨אמֶר	c/559	HC/Vqw3ms
04ngB	Num.12.14	יְהוָ֜ה	3068	HNp
04yLn	Num.12.14	אֶל	413	HR
04akE	Num.12.14	מֹשֶׁ֗ה	4872	HNp
04QRH	Num.12.14	וְ/אָבִ֨י/הָ֙	c/1	HC/Ncmsc/Sp3fs
04G4s	Num.12.14	יָרֹ֤ק	3417	HVqa
04mzP	Num.12.14	יָרַק֙	3417	HVqp3ms
04VHe	Num.12.14	בְּ/פָנֶ֔י/הָ	b/6440	HR/Ncbpc/Sp3fs
046MU	Num.12.14	הֲ/לֹ֥א	i/3808	HTi/Tn
04DbG	Num.12.14	תִכָּלֵ֖ם	3637	HVNi3fs
04ecu	Num.12.14	שִׁבְעַ֣ת	7651	HAcmsc
04jQu	Num.12.14	יָמִ֑ים	3117	HNcmpa
04Bcc	Num.12.14	תִּסָּגֵ֞ר	5462	HVNi3fs
04EVD	Num.12.14	שִׁבְעַ֤ת	7651	HAcmsc
04yJE	Num.12.14	יָמִים֙	3117	HNcmpa
04cfw	Num.12.14	מִ/ח֣וּץ	m/2351	HR/Ncmsa
046j8	Num.12.14	לַֽ/מַּחֲנֶ֔ה	l/4264	HRd/Ncbsa
04EEK	Num.12.14	וְ/אַחַ֖ר	c/310 a	HC/D
042ZK	Num.12.14	תֵּאָסֵֽף	622	HVNi3fs
04T4o	Num.12.15	וַ/תִּסָּגֵ֥ר	c/5462	HC/VNw3fs
04SGX	Num.12.15	מִרְיָ֛ם	4813	HNp
04ExA	Num.12.15	מִ/ח֥וּץ	m/2351	HR/Ncmsa
04kGa	Num.12.15	לַֽ/מַּחֲנֶ֖ה	l/4264	HRd/Ncbsa
04wwe	Num.12.15	שִׁבְעַ֣ת	7651	HAcmsc
04ej6	Num.12.15	יָמִ֑ים	3117	HNcmpa
04iJP	Num.12.15	וְ/הָ/עָם֙	c/d/5971 a	HC/Td/Ncmsa
04MEP	Num.12.15	לֹ֣א	3808	HTn
04BRP	Num.12.15	נָסַ֔ע	5265	HVqp3ms
04q73	Num.12.15	עַד	5704	HR
04SDq	Num.12.15	הֵאָסֵ֖ף	622	HVNc
04kXh	Num.12.15	מִרְיָֽם	4813	HNp
04URX	Num.12.16	וְ/אַחַ֛ר	c/310 a	HC/D
04gMf	Num.12.16	נָסְע֥וּ	5265	HVqp3cp
04E6M	Num.12.16	הָ/עָ֖ם	d/5971 a	HTd/Ncmsa
041A6	Num.12.16	מֵ/חֲצֵר֑וֹת	m/2698	HR/Np
04BJQ	Num.12.16	וַֽ/יַּחֲנ֖וּ	c/2583	HC/Vqw3mp
04XqG	Num.12.16	בְּ/מִדְבַּ֥ר	b/4057 b	HR/Ncmsc
04nEn	Num.12.16	פָּארָֽן	6290	HNp
04ket	Num.13.1	וַ/יְדַבֵּ֥ר	c/1696	HC/Vpw3ms
04V6E	Num.13.1	יְהוָ֖ה	3068	HNp
04UwW	Num.13.1	אֶל	413	HR
04RnX	Num.13.1	מֹשֶׁ֥ה	4872	HNp
047PA	Num.13.1	לֵּ/אמֹֽר	l/559	HR/Vqc
04bf2	Num.13.2	שְׁלַח	7971	HVqv2ms
04mxX	Num.13.2	לְ/ךָ֣	l	HR/Sp2ms
04Fbc	Num.13.2	אֲנָשִׁ֗ים	376	HNcmpa
04B6k	Num.13.2	וְ/יָתֻ֨רוּ֙	c/8446	HC/Vqi3mp
041Kb	Num.13.2	אֶת	853	HTo
04Ue8	Num.13.2	אֶ֣רֶץ	776	HNcbsc
04oJZ	Num.13.2	כְּנַ֔עַן	3667 a	HNp
04vaQ	Num.13.2	אֲשֶׁר	834 a	HTr
0439o	Num.13.2	אֲנִ֥י	589	HPp1cs
04RyG	Num.13.2	נֹתֵ֖ן	5414	HVqrmsa
04y4Q	Num.13.2	לִ/בְנֵ֣י	l/1121 a	HR/Ncmpc
04xya	Num.13.2	יִשְׂרָאֵ֑ל	3478	HNp
04gpN	Num.13.2	אִ֣ישׁ	376	HNcmsa
04wiL	Num.13.2	אֶחָד֩	259	HAcmsa
04Qu5	Num.13.2	אִ֨ישׁ	376	HNcmsa
04L3T	Num.13.2	אֶחָ֜ד	259	HAcmsa
04dpv	Num.13.2	לְ/מַטֵּ֤ה	l/4294	HR/Ncmsc
046Kf	Num.13.2	אֲבֹתָי/ו֙	1	HNcmpc/Sp3ms
045Nn	Num.13.2	תִּשְׁלָ֔חוּ	7971	HVqi2mp
04R25	Num.13.2	כֹּ֖ל	3605	HNcmsa
04d3e	Num.13.2	נָשִׂ֥יא	5387 a	HNcmsa
04jsg	Num.13.2	בָ/הֶֽם	b	HR/Sp3mp
04H7t	Num.13.3	וַ/יִּשְׁלַ֨ח	c/7971	HC/Vqw3ms
04mvX	Num.13.3	אֹתָ֥/ם	853	HTo/Sp3mp
04RMf	Num.13.3	מֹשֶׁ֛ה	4872	HNp
04Lmi	Num.13.3	מִ/מִּדְבַּ֥ר	m/4057 b	HR/Ncmsc
04frn	Num.13.3	פָּארָ֖ן	6290	HNp
04ukw	Num.13.3	עַל	5921 a	HR
04VKd	Num.13.3	פִּ֣י	6310	HNcmsc
04tjY	Num.13.3	יְהוָ֑ה	3068	HNp
04L7A	Num.13.3	כֻּלָּ֣/ם	3605	HNcmsc/Sp3mp
04CiC	Num.13.3	אֲנָשִׁ֔ים	376	HNcmpa
045Lz	Num.13.3	רָאשֵׁ֥י	7218 a	HNcmpc
047uH	Num.13.3	בְנֵֽי	1121 a	HNcmpc
04pEG	Num.13.3	יִשְׂרָאֵ֖ל	3478	HNp
04m4Z	Num.13.3	הֵֽמָּה	1992	HPp3mp
04Cmt	Num.13.4	וְ/אֵ֖לֶּה	c/428	HC/Pdxcp
04hg2	Num.13.4	שְׁמוֹתָ֑/ם	8034	HNcmpc/Sp3mp
04MDe	Num.13.4	לְ/מַטֵּ֣ה	l/4294	HR/Ncmsc
04ezg	Num.13.4	רְאוּבֵ֔ן	7205	HNp
04pE4	Num.13.4	שַׁמּ֖וּעַ	8051	HNp
04p3k	Num.13.4	בֶּן	1121 a	HNcmsc
04d1y	Num.13.4	זַכּֽוּר	2139	HNp
04xV8	Num.13.5	לְ/מַטֵּ֣ה	l/4294	HR/Ncmsc
047xo	Num.13.5	שִׁמְע֔וֹן	8095	HNp
04PPv	Num.13.5	שָׁפָ֖ט	8202	HNp
04Eci	Num.13.5	בֶּן	1121 a	HNcmsc
04PW7	Num.13.5	חוֹרִֽי	2753	HNp
04kag	Num.13.6	לְ/מַטֵּ֣ה	l/4294	HR/Ncmsc
04ne1	Num.13.6	יְהוּדָ֔ה	3063	HNp
0474j	Num.13.6	כָּלֵ֖ב	3612	HNp
04Cip	Num.13.6	בֶּן	1121 a	HNcmsc
0443X	Num.13.6	יְפֻנֶּֽה	3312	HNp
043p9	Num.13.7	לְ/מַטֵּ֣ה	l/4294	HR/Ncmsc
04fiw	Num.13.7	יִשָּׂשכָ֔ר	3485	HNp
04vHw	Num.13.7	יִגְאָ֖ל	3008	HNp
04s8T	Num.13.7	בֶּן	1121 a	HNcmsc
04ZaN	Num.13.7	יוֹסֵֽף	3130	HNp
04nYc	Num.13.8	לְ/מַטֵּ֥ה	l/4294	HR/Ncmsc
04u3e	Num.13.8	אֶפְרָ֖יִם	669	HNp
0439m	Num.13.8	הוֹשֵׁ֥עַ	1954	HNp
04dJf	Num.13.8	בִּן	1121 a	HNcmsc
04mri	Num.13.8	נֽוּן	5126	HNp
04QxH	Num.13.9	לְ/מַטֵּ֣ה	l/4294	HR/Ncmsc
04U84	Num.13.9	בִנְיָמִ֔ן	1144	HNp
04Jy2	Num.13.9	פַּלְטִ֖י	6406	HNp
04HnU	Num.13.9	בֶּן	1121 a	HNcmsc
04zRD	Num.13.9	רָפֽוּא	7505	HNp
042v1	Num.13.10	לְ/מַטֵּ֣ה	l/4294	HR/Ncmsc
04zJL	Num.13.10	זְבוּלֻ֔ן	2074	HNp
04RMN	Num.13.10	גַּדִּיאֵ֖ל	1427	HNp
04eF6	Num.13.10	בֶּן	1121 a	HNcmsc
043VC	Num.13.10	סוֹדִֽי	5476	HNp
044tQ	Num.13.11	לְ/מַטֵּ֥ה	l/4294	HR/Ncmsc
04mn8	Num.13.11	יוֹסֵ֖ף	3130	HNp
04k1n	Num.13.11	לְ/מַטֵּ֣ה	l/4294	HR/Ncmsc
04LbT	Num.13.11	מְנַשֶּׁ֑ה	4519	HNp
0418q	Num.13.11	גַּדִּ֖י	1426	HNp
04MDc	Num.13.11	בֶּן	1121 a	HNcmsc
04Yeh	Num.13.11	סוּסִֽי	5485	HNp
04khD	Num.13.12	לְ/מַטֵּ֣ה	l/4294	HR/Ncmsc
041Qt	Num.13.12	דָ֔ן	1835	HNp
04onH	Num.13.12	עַמִּיאֵ֖ל	5988	HNp
042Kd	Num.13.12	בֶּן	1121 a	HNcmsc
04LPE	Num.13.12	גְּמַלִּֽי	1582	HNp
04Anu	Num.13.13	לְ/מַטֵּ֣ה	l/4294	HR/Ncmsc
04YWY	Num.13.13	אָשֵׁ֔ר	836	HNp
04FkQ	Num.13.13	סְת֖וּר	5639	HNp
04vf3	Num.13.13	בֶּן	1121 a	HNcmsc
04y8F	Num.13.13	מִיכָאֵֽל	4317	HNp
04uwa	Num.13.14	לְ/מַטֵּ֣ה	l/4294	HR/Ncmsc
04quH	Num.13.14	נַפְתָּלִ֔י	5321	HNp
04FKK	Num.13.14	נַחְבִּ֖י	5147	HNp
04EY9	Num.13.14	בֶּן	1121 a	HNcmsc
043bJ	Num.13.14	וָפְסִֽי	2058	HNp
04Euh	Num.13.15	לְ/מַטֵּ֣ה	l/4294	HR/Ncmsc
04cUS	Num.13.15	גָ֔ד	1410	HNp
04Kn2	Num.13.15	גְּאוּאֵ֖ל	1345	HNp
04VLr	Num.13.15	בֶּן	1121 a	HNcmsc
04esu	Num.13.15	מָכִֽי	4352	HNp
04FiZ	Num.13.16	אֵ֚לֶּה	428	HPdxcp
04RZJ	Num.13.16	שְׁמ֣וֹת	8034	HNcmpc
048Zb	Num.13.16	הָֽ/אֲנָשִׁ֔ים	d/376	HTd/Ncmpa
04Lat	Num.13.16	אֲשֶׁר	834 a	HTr
04dYo	Num.13.16	שָׁלַ֥ח	7971	HVqp3ms
04b1b	Num.13.16	מֹשֶׁ֖ה	4872	HNp
04HdC	Num.13.16	לָ/ת֣וּר	l/8446	HR/Vqc
04wTV	Num.13.16	אֶת	853	HTo
04dAy	Num.13.16	הָ/אָ֑רֶץ	d/776	HTd/Ncbsa
04HvE	Num.13.16	וַ/יִּקְרָ֥א	c/7121	HC/Vqw3ms
048ac	Num.13.16	מֹשֶׁ֛ה	4872	HNp
04fZx	Num.13.16	לְ/הוֹשֵׁ֥עַ	l/1954	HR/Np
04zSb	Num.13.16	בִּן	1121 a	HNcmsc
046FX	Num.13.16	נ֖וּן	5126	HNp
04yVJ	Num.13.16	יְהוֹשֻֽׁעַ	3091	HNp
04Jp4	Num.13.17	וַ/יִּשְׁלַ֤ח	c/7971	HC/Vqw3ms
0447f	Num.13.17	אֹתָ/ם֙	853	HTo/Sp3mp
04sbC	Num.13.17	מֹשֶׁ֔ה	4872	HNp
048UN	Num.13.17	לָ/ת֖וּר	l/8446	HR/Vqc
04cbJ	Num.13.17	אֶת	853	HTo
04wTH	Num.13.17	אֶ֣רֶץ	776	HNcbsc
04sDn	Num.13.17	כְּנָ֑עַן	3667 a	HNp
041fa	Num.13.17	וַ/יֹּ֣אמֶר	c/559	HC/Vqw3ms
044Hx	Num.13.17	אֲלֵ/הֶ֗ם	413	HR/Sp3mp
04J4p	Num.13.17	עֲל֥וּ	5927	HVqv2mp
04eKA	Num.13.17	זֶה֙	2088	HPdxms
04kof	Num.13.17	בַּ/נֶּ֔גֶב	b/5045	HRd/Ncmsa
04oxJ	Num.13.17	וַ/עֲלִיתֶ֖ם	c/5927	HC/Vqq2mp
04Lkz	Num.13.17	אֶת	853	HTo
04a35	Num.13.17	הָ/הָֽר	d/2022	HTd/Ncmsa
0485C	Num.13.18	וּ/רְאִיתֶ֥ם	c/7200	HC/Vqq2mp
04duB	Num.13.18	אֶת	853	HTo
04Dd8	Num.13.18	הָ/אָ֖רֶץ	d/776	HTd/Ncbsa
042Ez	Num.13.18	מַה	4100	HTi
04zgP	Num.13.18	הִ֑וא	1931	HPp3fs
04K1F	Num.13.18	וְ/אֶת	c/853	HC/To
04F8k	Num.13.18	הָ/עָם֙	d/5971 a	HTd/Ncmsa
04yie	Num.13.18	הַ/יֹּשֵׁ֣ב	d/3427	HTd/Vqrmsa
04AGX	Num.13.18	עָלֶ֔י/הָ	5921 a	HR/Sp3fs
04QZQ	Num.13.18	הֶ/חָזָ֥ק	d/2389	HTi/Aamsa
04iJj	Num.13.18	הוּא֙	1931	HPp3ms
049tK	Num.13.18	הֲ/רָפֶ֔ה	i/7504	HTi/Aamsa
04cdf	Num.13.18	הַ/מְעַ֥ט	d/4592	HTi/Aamsa
04ViQ	Num.13.18	ה֖וּא	1931	HPp3ms
046Gq	Num.13.18	אִם	518 a	HC
04xzK	Num.13.18	רָֽב	7227 a	HAamsa
04M3A	Num.13.19	וּ/מָ֣ה	c/4100	HC/Ti
04ixU	Num.13.19	הָ/אָ֗רֶץ	d/776	HTd/Ncbsa
04grk	Num.13.19	אֲשֶׁר	834 a	HTr
04cot	Num.13.19	הוּא֙	1931	HPp3ms
04K5A	Num.13.19	יֹשֵׁ֣ב	3427	HVqrmsa
04EZv	Num.13.19	בָּ֔/הּ	b	HR/Sp3fs
04z5E	Num.13.19	הֲ/טוֹבָ֥ה	i/2896 a	HTi/Aafsa
04V3V	Num.13.19	הִ֖וא	1931	HPp3fs
04SE1	Num.13.19	אִם	518 a	HC
04thM	Num.13.19	רָעָ֑ה	7451 a	HAafsa
042ww	Num.13.19	וּ/מָ֣ה	c/4100	HC/Ti
04GEX	Num.13.19	הֶֽ/עָרִ֗ים	d/5892 b	HTd/Ncfpa
04V1p	Num.13.19	אֲשֶׁר	834 a	HTr
04bZG	Num.13.19	הוּא֙	1931	HPp3ms
04mCK	Num.13.19	יוֹשֵׁ֣ב	3427	HVqrmsa
04t2E	Num.13.19	בָּ/הֵ֔נָּה	b/2007	HR/Pp3fp
04vxV	Num.13.19	הַ/בְּ/מַֽחֲנִ֖ים	d/b/4264	HTi/R/Ncbpa
04Jbi	Num.13.19	אִ֥ם	518 a	HC
04Cwm	Num.13.19	בְּ/מִבְצָרִֽים	b/4013	HR/Ncmpa
04ugN	Num.13.20	וּ/מָ֣ה	c/4100	HC/Ti
043S6	Num.13.20	הָ֠/אָרֶץ	d/776	HTd/Ncbsa
04Zpg	Num.13.20	הַ/שְּׁמֵנָ֨ה	d/8082	HTi/Aafsa
04XbK	Num.13.20	הִ֜וא	1931	HPp3fs
04Rfy	Num.13.20	אִם	518 a	HC
04nMK	Num.13.20	רָזָ֗ה	7330	HAafsa
04igt	Num.13.20	הֲ/יֵֽשׁ	i/3426	HTi/Tm
04J8d	Num.13.20	בָּ֥/הּ	b	HR/Sp3fs
04Zuf	Num.13.20	עֵץ֙	6086	HNcmsa
04Vtr	Num.13.20	אִם	518 a	HC
04qwE	Num.13.20	אַ֔יִן	369	HTn
04KNV	Num.13.20	וְ/הִ֨תְחַזַּקְתֶּ֔ם	c/2388	HC/Vtq2mp
04wr4	Num.13.20	וּ/לְקַחְתֶּ֖ם	c/3947	HC/Vqq2mp
04vZL	Num.13.20	מִ/פְּרִ֣י	m/6529	HR/Ncmsc
04SzL	Num.13.20	הָ/אָ֑רֶץ	d/776	HTd/Ncbsa
04vye	Num.13.20	וְ/הַ֨/יָּמִ֔ים	c/d/3117	HC/Td/Ncmpa
04mzs	Num.13.20	יְמֵ֖י	3117	HNcmpc
04RUB	Num.13.20	בִּכּוּרֵ֥י	1061	HNcbpc
04b16	Num.13.20	עֲנָבִֽים	6025	HNcmpa
041Se	Num.13.21	וַֽ/יַּעֲל֖וּ	c/5927	HC/Vqw3mp
04s9f	Num.13.21	וַ/יָּתֻ֣רוּ	c/8446	HC/Vqw3mp
041Z5	Num.13.21	אֶת	853	HTo
04Wis	Num.13.21	הָ/אָ֑רֶץ	d/776	HTd/Ncbsa
04yWu	Num.13.21	מִ/מִּדְבַּר	m/4057 b	HR/Ncmsc
04MU6	Num.13.21	צִ֥ן	6790	HNp
04xmE	Num.13.21	עַד	5704	HR
04TLt	Num.13.21	רְחֹ֖ב	7340	HNp
04Gim	Num.13.21	לְבֹ֥א	935	HNp
04Jv1	Num.13.21	חֲמָֽת	2574	HNp
04hKn	Num.13.22	וַ/יַּעֲל֣וּ	c/5927	HC/Vqw3mp
04poz	Num.13.22	בַ/נֶּגֶב֮	b/5045	HRd/Ncmsa
04h7D	Num.13.22	וַ/יָּבֹ֣א	c/935	HC/Vqw3ms
04W2Y	Num.13.22	עַד	5704	HR
04BHc	Num.13.22	חֶבְרוֹן֒	2275 a	HNp
04zPq	Num.13.22	וְ/שָׁ֤ם	c/8033	HC/D
048Mb	Num.13.22	אֲחִימַן֙	289	HNp
04DU5	Num.13.22	שֵׁשַׁ֣י	8344	HNp
04GoH	Num.13.22	וְ/תַלְמַ֔י	c/8526	HC/Np
04Rco	Num.13.22	יְלִידֵ֖י	3211	HNcmpc
04qxv	Num.13.22	הָ/עֲנָ֑ק	d/6061	HTd/Ngmsa
04teJ	Num.13.22	וְ/חֶבְר֗וֹן	c/2275 a	HC/Np
04Yjt	Num.13.22	שֶׁ֤בַע	7651	HAcfsa
04RDD	Num.13.22	שָׁנִים֙	8141	HNcfpa
04Y1A	Num.13.22	נִבְנְתָ֔ה	1129	HVNp3fs
049gc	Num.13.22	לִ/פְנֵ֖י	l/6440	HR/Ncbpc
04DDp	Num.13.22	צֹ֥עַן	6814	HNp
04w2a	Num.13.22	מִצְרָֽיִם	4714	HNp
0452N	Num.13.23	וַ/יָּבֹ֜אוּ	c/935	HC/Vqw3mp
043Jb	Num.13.23	עַד	5704	HR
04AaT	Num.13.23	נַ֣חַל	5158 a	HNcmsc
04rmh	Num.13.23	אֶשְׁכֹּ֗ל	812	HNp
04M5h	Num.13.23	וַ/יִּכְרְת֨וּ	c/3772	HC/Vqw3mp
04SLw	Num.13.23	מִ/שָּׁ֤ם	m/8033	HR/D
04mzL	Num.13.23	זְמוֹרָה֙	2156	HNcfsa
04s1q	Num.13.23	וְ/אֶשְׁכּ֤וֹל	c/811	HC/Ncmsc
04L75	Num.13.23	עֲנָבִים֙	6025	HNcmpa
04hfu	Num.13.23	אֶחָ֔ד	259	HAcmsa
04JV9	Num.13.23	וַ/יִּשָּׂאֻ֥/הוּ	c/5375	HC/Vqw3mp/Sp3ms
04Luf	Num.13.23	בַ/מּ֖וֹט	b/4132	HRd/Ncmsa
04dyW	Num.13.23	בִּ/שְׁנָ֑יִם	b/8147	HR/Acmda
04cfy	Num.13.23	וּ/מִן	c/4480 a	HC/R
04bm3	Num.13.23	הָ/רִמֹּנִ֖ים	d/7416	HTd/Ncmpa
04X1G	Num.13.23	וּ/מִן	c/4480 a	HC/R
04DAz	Num.13.23	הַ/תְּאֵנִֽים	d/8384	HTd/Ncfpa
04cG2	Num.13.24	לַ/מָּק֣וֹם	l/4725	HRd/Ncmsa
04SiW	Num.13.24	הַ/ה֔וּא	d/1931	HTd/Pp3ms
043KU	Num.13.24	קָרָ֖א	7121	HVqp3ms
04HCz	Num.13.24	נַ֣חַל	5158 a	HNcmsc
04uez	Num.13.24	אֶשְׁכּ֑וֹל	812	HNp
04t7Z	Num.13.24	עַ֚ל	5921 a	HR
04KG3	Num.13.24	אֹד֣וֹת	182	HNcfpc
04BNm	Num.13.24	הָֽ/אֶשְׁכּ֔וֹל	d/811	HTd/Ncmsa
04S39	Num.13.24	אֲשֶׁר	834 a	HTr
0466Y	Num.13.24	כָּרְת֥וּ	3772	HVqp3cp
041wE	Num.13.24	מִ/שָּׁ֖ם	m/8033	HR/D
04LNG	Num.13.24	בְּנֵ֥י	1121 a	HNcmpc
041VD	Num.13.24	יִשְׂרָאֵֽל	3478	HNp
04Sti	Num.13.25	וַ/יָּשֻׁ֖בוּ	c/7725	HC/Vqw3mp
049UL	Num.13.25	מִ/תּ֣וּר	m/8446	HR/Vqc
04jTj	Num.13.25	הָ/אָ֑רֶץ	d/776	HTd/Ncbsa
04yoM	Num.13.25	מִ/קֵּ֖ץ	m/7093	HR/Ncmsc
04u9c	Num.13.25	אַרְבָּעִ֥ים	705	HAcbpa
04npB	Num.13.25	יֽוֹם	3117	HNcmsa
04nhG	Num.13.26	וַ/יֵּלְכ֡וּ	c/3212	HC/Vqw3mp
04FcX	Num.13.26	וַ/יָּבֹאוּ֩	c/935	HC/Vqw3mp
04fZ4	Num.13.26	אֶל	413	HR
0456D	Num.13.26	מֹשֶׁ֨ה	4872	HNp
043Lr	Num.13.26	וְ/אֶֽל	c/413	HC/R
04NnT	Num.13.26	אַהֲרֹ֜ן	175	HNp
04TQz	Num.13.26	וְ/אֶל	c/413	HC/R
04rfK	Num.13.26	כָּל	3605	HNcmsc
04fa5	Num.13.26	עֲדַ֧ת	5712	HNcfsc
04cLe	Num.13.26	בְּנֵֽי	1121 a	HNcmpc
04b9p	Num.13.26	יִשְׂרָאֵ֛ל	3478	HNp
04iWG	Num.13.26	אֶל	413	HR
04v6C	Num.13.26	מִדְבַּ֥ר	4057 b	HNcmsc
04nag	Num.13.26	פָּארָ֖ן	6290	HNp
04gmi	Num.13.26	קָדֵ֑שָׁ/ה	6946	HNp/Sd
04ERU	Num.13.26	וַ/יָּשִׁ֨יבוּ	c/7725	HC/Vhw3mp
04t7c	Num.13.26	אוֹתָ֤/ם	853	HTo/Sp3mp
04Y1F	Num.13.26	דָּבָר֙	1697	HNcmsa
04JXq	Num.13.26	וְ/אֶת	c/853	HC/To
04W2g	Num.13.26	כָּל	3605	HNcmsc
04M8k	Num.13.26	הָ֣/עֵדָ֔ה	d/5712	HTd/Ncfsa
04KnE	Num.13.26	וַ/יַּרְא֖וּ/ם	c/7200	HC/Vhw3mp/Sp3mp
04hDB	Num.13.26	אֶת	853	HTo
04LFh	Num.13.26	פְּרִ֥י	6529	HNcmsc
04EWr	Num.13.26	הָ/אָֽרֶץ	d/776	HTd/Ncbsa
04rHN	Num.13.27	וַ/יְסַפְּרוּ	c/5608 a	HC/Vpw3mp
04LDD	Num.13.27	ל/וֹ֙	l	HR/Sp3ms
04dAG	Num.13.27	וַ/יֹּ֣אמְר֔וּ	c/559	HC/Vqw3mp
04B9T	Num.13.27	בָּ֕אנוּ	935	HVqp1cp
04m7U	Num.13.27	אֶל	413	HR
04coZ	Num.13.27	הָ/אָ֖רֶץ	d/776	HTd/Ncbsa
04pkN	Num.13.27	אֲשֶׁ֣ר	834 a	HTr
042TP	Num.13.27	שְׁלַחְתָּ֑/נוּ	7971	HVqp2ms/Sp1cp
04p9B	Num.13.27	וְ֠/גַם	c/1571	HC/Ta
04Wz8	Num.13.27	זָבַ֨ת	2100	HVqrfsc
04CFE	Num.13.27	חָלָ֥ב	2461	HNcmsa
04wi9	Num.13.27	וּ/דְבַ֛שׁ	c/1706	HC/Ncmsa
04T67	Num.13.27	הִ֖וא	1931	HPp3fs
04biA	Num.13.27	וְ/זֶה	c/2088	HC/Pdxms
04u4V	Num.13.27	פִּרְיָֽ/הּ	6529	HNcmsc/Sp3fs
04wS9	Num.13.28	אֶ֚פֶס	657 a	HNcmsa
04rAC	Num.13.28	כִּֽי	3588 a	HC
04jq8	Num.13.28	עַ֣ז	5794	HAamsa
04R4y	Num.13.28	הָ/עָ֔ם	d/5971 a	HTd/Ncmsa
04EfW	Num.13.28	הַ/יֹּשֵׁ֖ב	d/3427	HTd/Vqrmsa
04U9o	Num.13.28	בָּ/אָ֑רֶץ	b/776	HRd/Ncbsa
04VJW	Num.13.28	וְ/הֶֽ/עָרִ֗ים	c/d/5892 b	HC/Td/Ncfpa
04c6w	Num.13.28	בְּצֻר֤וֹת	1219	HAafpa
04RJ6	Num.13.28	גְּדֹלֹת֙	1419 a	HAafpa
04mKe	Num.13.28	מְאֹ֔ד	3966	HD
04Z2i	Num.13.28	וְ/גַם	c/1571	HC/Ta
04e3B	Num.13.28	יְלִדֵ֥י	3211	HNcmpc
047Pd	Num.13.28	הָֽ/עֲנָ֖ק	d/6061	HTd/Ngmsa
04Lgc	Num.13.28	רָאִ֥ינוּ	7200	HVqp1cp
04RLL	Num.13.28	שָֽׁם	8033	HD
04XTN	Num.13.29	עֲמָלֵ֥ק	6002	HNp
049j9	Num.13.29	יוֹשֵׁ֖ב	3427	HVqrmsa
04xRk	Num.13.29	בְּ/אֶ֣רֶץ	b/776	HR/Ncbsc
04agE	Num.13.29	הַ/נֶּ֑גֶב	d/5045	HTd/Ncmsa
0499n	Num.13.29	וְ֠/הַֽ/חִתִּי	c/d/2850	HC/Td/Ngmsa
04SnR	Num.13.29	וְ/הַ/יְבוּסִ֤י	c/d/2983	HC/Td/Ngmsa
04aw2	Num.13.29	וְ/הָֽ/אֱמֹרִי֙	c/d/567	HC/Td/Ngmsa
04x3j	Num.13.29	יוֹשֵׁ֣ב	3427	HVqrmsa
048ZD	Num.13.29	בָּ/הָ֔ר	b/2022	HRd/Ncmsa
04hyj	Num.13.29	וְ/הַֽ/כְּנַעֲנִי֙	c/d/3669 a	HC/Td/Ngmsa
04ADU	Num.13.29	יֹשֵׁ֣ב	3427	HVqrmsa
04shc	Num.13.29	עַל	5921 a	HR
04uS9	Num.13.29	הַ/יָּ֔ם	d/3220	HTd/Ncmsa
04bxp	Num.13.29	וְ/עַ֖ל	c/5921 a	HC/R
04TxD	Num.13.29	יַ֥ד	3027	HNcbsc
04Txd	Num.13.29	הַ/יַּרְדֵּֽן	d/3383	HTd/Np
04Zqo	Num.13.30	וַ/יַּ֧הַס	c/2013	HC/Vhw3ms
04eXv	Num.13.30	כָּלֵ֛ב	3612	HNp
0474M	Num.13.30	אֶת	853	HTo
04KQd	Num.13.30	הָ/עָ֖ם	d/5971 a	HTd/Ncmsa
04QLn	Num.13.30	אֶל	413	HR
04Rz1	Num.13.30	מֹשֶׁ֑ה	4872	HNp
04AR3	Num.13.30	וַ/יֹּ֗אמֶר	c/559	HC/Vqw3ms
046J4	Num.13.30	עָלֹ֤ה	5927	HVqa
047AJ	Num.13.30	נַעֲלֶה֙	5927	HVqi1cp
04rrT	Num.13.30	וְ/יָרַ֣שְׁנוּ	c/3423	HC/Vqq1cp
04zc1	Num.13.30	אֹתָ֔/הּ	853	HTo/Sp3fs
04t1p	Num.13.30	כִּֽי	3588 a	HC
04Nsw	Num.13.30	יָכ֥וֹל	3201	HVqa
04H4B	Num.13.30	נוּכַ֖ל	3201	HVqi1cp
04yhE	Num.13.30	לָֽ/הּ	l	HR/Sp3fs
04TCJ	Num.13.31	וְ/הָ֨/אֲנָשִׁ֜ים	c/d/376	HC/Td/Ncmpa
04HLL	Num.13.31	אֲשֶׁר	834 a	HTr
04VMR	Num.13.31	עָל֤וּ	5927	HVqp3cp
04nHt	Num.13.31	עִמּ/וֹ֙	5973 a	HR/Sp3ms
04uVh	Num.13.31	אָֽמְר֔וּ	559	HVqp3cp
04j46	Num.13.31	לֹ֥א	3808	HTn
04tWx	Num.13.31	נוּכַ֖ל	3201	HVqi1cp
043VF	Num.13.31	לַ/עֲל֣וֹת	l/5927	HR/Vqc
04a9R	Num.13.31	אֶל	413	HR
04BUv	Num.13.31	הָ/עָ֑ם	d/5971 a	HTd/Ncmsa
046Ay	Num.13.31	כִּֽי	3588 a	HC
04buH	Num.13.31	חָזָ֥ק	2389	HAamsa
04s74	Num.13.31	ה֖וּא	1931	HPp3ms
04Qem	Num.13.31	מִמֶּֽ/נּוּ	4480 a	HR/Sp1cp
04okp	Num.13.32	וַ/יּוֹצִ֜יאוּ	c/3318	HC/Vhw3mp
045Q5	Num.13.32	דִּבַּ֤ת	1681	HNcfsc
04qJK	Num.13.32	הָ/אָ֨רֶץ֙	d/776	HTd/Ncbsa
04QZB	Num.13.32	אֲשֶׁ֣ר	834 a	HTr
04Br9	Num.13.32	תָּר֣וּ	8446	HVqp3cp
04CaP	Num.13.32	אֹתָ֔/הּ	853	HTo/Sp3fs
042Jq	Num.13.32	אֶל	413	HR
04UQf	Num.13.32	בְּנֵ֥י	1121 a	HNcmpc
04koC	Num.13.32	יִשְׂרָאֵ֖ל	3478	HNp
04xyV	Num.13.32	לֵ/אמֹ֑ר	l/559	HR/Vqc
04Leq	Num.13.32	הָ/אָ֡רֶץ	d/776	HTd/Ncbsa
04RrD	Num.13.32	אֲשֶׁר֩	834 a	HTr
04Kv1	Num.13.32	עָבַ֨רְנוּ	5674 a	HVqp1cp
04S8w	Num.13.32	בָ֜/הּ	b	HR/Sp3fs
04hEe	Num.13.32	לָ/ת֣וּר	l/8446	HR/Vqc
04PTn	Num.13.32	אֹתָ֗/הּ	853	HTo/Sp3fs
04T7k	Num.13.32	אֶ֣רֶץ	776	HNcbsa
04vKW	Num.13.32	אֹכֶ֤לֶת	398	HVqrfsa
04quk	Num.13.32	יוֹשְׁבֶ֨י/הָ֙	3427	HVqrmpc/Sp3fs
04Qsp	Num.13.32	הִ֔וא	1931	HPp3fs
04q5z	Num.13.32	וְ/כָל	c/3605	HC/Ncmsc
04rTe	Num.13.32	הָ/עָ֛ם	d/5971 a	HTd/Ncmsa
04CMT	Num.13.32	אֲשֶׁר	834 a	HTr
04npi	Num.13.32	רָאִ֥ינוּ	7200	HVqp1cp
04f16	Num.13.32	בְ/תוֹכָ֖/הּ	b/8432	HR/Ncmsc/Sp3fs
047Yx	Num.13.32	אַנְשֵׁ֥י	376	HNcmpc
044CA	Num.13.32	מִדּֽוֹת	4060 a	HNcfpa
04bwy	Num.13.33	וְ/שָׁ֣ם	c/8033	HC/D
04gtP	Num.13.33	רָאִ֗ינוּ	7200	HVqp1cp
04QYM	Num.13.33	אֶת	853	HTo
04NXX	Num.13.33	הַ/נְּפִילִ֛ים	d/5303	HTd/Ncmpa
04JFS	Num.13.33	בְּנֵ֥י	1121 a	HNcmpc
04vz1	Num.13.33	עֲנָ֖ק	6061	HNp
043P6	Num.13.33	מִן	4480 a	HR
048so	Num.13.33	הַ/נְּפִלִ֑ים	d/5303	HTd/Ncmpa
04YUp	Num.13.33	וַ/נְּהִ֤י	c/1961	HC/Vqw1cp
04N5y	Num.13.33	בְ/עֵינֵ֨י/נוּ֙	b/5869 a	HR/Ncbdc/Sp1cp
04G2c	Num.13.33	כַּֽ/חֲגָבִ֔ים	k/2284	HR/Ncmpa
04MUh	Num.13.33	וְ/כֵ֥ן	c/3651 c	HC/Tm
04rRV	Num.13.33	הָיִ֖ינוּ	1961	HVqp1cp
04y81	Num.13.33	בְּ/עֵינֵי/הֶֽם	b/5869 a	HR/Ncbdc/Sp3mp
04oA4	Num.14.1	וַ/תִּשָּׂא֙	c/5375	HC/Vqw3fs
04f9w	Num.14.1	כָּל	3605	HNcmsc
04PwW	Num.14.1	הָ֣/עֵדָ֔ה	d/5712	HTd/Ncfsa
04Fkn	Num.14.1	וַֽ/יִּתְּנ֖וּ	c/5414	HC/Vqw3mp
04bpn	Num.14.1	אֶת	853	HTo
04ywD	Num.14.1	קוֹלָ֑/ם	6963 a	HNcmsc/Sp3mp
04hBi	Num.14.1	וַ/יִּבְכּ֥וּ	c/1058	HC/Vqw3mp
049jd	Num.14.1	הָ/עָ֖ם	d/5971 a	HTd/Ncmsa
04NGN	Num.14.1	בַּ/לַּ֥יְלָה	b/3915	HRd/Ncmsa
0431w	Num.14.1	הַ/הֽוּא	d/1931	HTd/Pp3ms
04nHz	Num.14.2	וַ/יִּלֹּ֨נוּ֙	c/3885 b	HC/VNw3mp
04yym	Num.14.2	עַל	5921 a	HR
04yHv	Num.14.2	מֹשֶׁ֣ה	4872	HNp
04D9G	Num.14.2	וְ/עַֽל	c/5921 a	HC/R
04ZkS	Num.14.2	אַהֲרֹ֔ן	175	HNp
047eY	Num.14.2	כֹּ֖ל	3605	HNcmsc
045KS	Num.14.2	בְּנֵ֣י	1121 a	HNcmpc
04QMc	Num.14.2	יִשְׂרָאֵ֑ל	3478	HNp
04vNk	Num.14.2	וַֽ/יֹּאמְר֨וּ	c/559	HC/Vqw3mp
04Rs6	Num.14.2	אֲלֵ/הֶ֜ם	413	HR/Sp3mp
04aq4	Num.14.2	כָּל	3605	HNcmsc
04yyt	Num.14.2	הָ/עֵדָ֗ה	d/5712	HTd/Ncfsa
04J2d	Num.14.2	לוּ	3863	HC
04CqT	Num.14.2	מַ֨תְנוּ֙	4191	HVqp1cp
04MTY	Num.14.2	בְּ/אֶ֣רֶץ	b/776	HR/Ncbsc
04VoC	Num.14.2	מִצְרַ֔יִם	4714	HNp
04Vpi	Num.14.2	א֛וֹ	176 a	HC
04PBT	Num.14.2	בַּ/מִּדְבָּ֥ר	b/4057 b	HRd/Ncmsa
04HGR	Num.14.2	הַ/זֶּ֖ה	d/2088	HTd/Pdxms
046sk	Num.14.2	לוּ	3863	HC
04k8E	Num.14.2	מָֽתְנוּ	4191	HVqp1cp
042HU	Num.14.3	וְ/לָ/מָ֣ה	c/l/4100	HC/R/Ti
04ULv	Num.14.3	יְ֠הוָה	3068	HNp
04eXZ	Num.14.3	מֵבִ֨יא	935	HVhrmsa
04pUs	Num.14.3	אֹתָ֜/נוּ	853	HTo/Sp1cp
0492R	Num.14.3	אֶל	413	HR
04M7V	Num.14.3	הָ/אָ֤רֶץ	d/776	HTd/Ncbsa
04N33	Num.14.3	הַ/זֹּאת֙	d/2063	HTd/Pdxfs
04wN2	Num.14.3	לִ/נְפֹּ֣ל	l/5307	HR/Vqc
0468n	Num.14.3	בַּ/חֶ֔רֶב	b/2719	HRd/Ncfsa
04GAD	Num.14.3	נָשֵׁ֥י/נוּ	802	HNcfpc/Sp1cp
041ee	Num.14.3	וְ/טַפֵּ֖/נוּ	c/2945	HC/Ncmsc/Sp1cp
04dZh	Num.14.3	יִהְי֣וּ	1961	HVqi3mp
04cKU	Num.14.3	לָ/בַ֑ז	l/957	HR/Ncmsa
04bSE	Num.14.3	הֲ/ל֧וֹא	i/3808	HTi/Tn
04EWA	Num.14.3	ט֦וֹב	2896 a	HAamsa
04zWo	Num.14.3	לָ֖/נוּ	l	HR/Sp1cp
04djv	Num.14.3	שׁ֥וּב	7725	HVqc
04Ukr	Num.14.3	מִצְרָֽיְמָ/ה	4714	HNp/Sd
04UM1	Num.14.4	וַ/יֹּאמְר֖וּ	c/559	HC/Vqw3mp
04Ubd	Num.14.4	אִ֣ישׁ	376	HNcmsa
04oqY	Num.14.4	אֶל	413	HR
04HYy	Num.14.4	אָחִ֑י/ו	251	HNcmsc/Sp3ms
04dH2	Num.14.4	נִתְּנָ֥ה	5414	HVqh1cp
04SSn	Num.14.4	רֹ֖אשׁ	7218 a	HNcmsa
049WF	Num.14.4	וְ/נָשׁ֥וּבָה	c/7725	HC/Vqh1cp
04Ddt	Num.14.4	מִצְרָֽיְמָ/ה	4714	HNp/Sd
04xK2	Num.14.5	וַ/יִּפֹּ֥ל	c/5307	HC/Vqw3ms
04DPi	Num.14.5	מֹשֶׁ֛ה	4872	HNp
04D8e	Num.14.5	וְ/אַהֲרֹ֖ן	c/175	HC/Np
04Sx9	Num.14.5	עַל	5921 a	HR
04im8	Num.14.5	פְּנֵי/הֶ֑ם	6440	HNcbpc/Sp3mp
04Enx	Num.14.5	לִ/פְנֵ֕י	l/6440	HR/Ncbpc
043mF	Num.14.5	כָּל	3605	HNcmsc
04Lmj	Num.14.5	קְהַ֥ל	6951	HNcmsc
04Wuy	Num.14.5	עֲדַ֖ת	5712	HNcfsc
04SLZ	Num.14.5	בְּנֵ֥י	1121 a	HNcmpc
04ooD	Num.14.5	יִשְׂרָאֵֽל	3478	HNp
04wcw	Num.14.6	וִ/יהוֹשֻׁ֣עַ	c/3091	HC/Np
04c32	Num.14.6	בִּן	1121 a	HNcmsc
04Xsg	Num.14.6	נ֗וּן	5126	HNp
04sZv	Num.14.6	וְ/כָלֵב֙	c/3612	HC/Np
04S9x	Num.14.6	בֶּן	1121 a	HNcmsc
04CfQ	Num.14.6	יְפֻנֶּ֔ה	3312	HNp
04ZGT	Num.14.6	מִן	4480 a	HR
04zLW	Num.14.6	הַ/תָּרִ֖ים	d/8446	HTd/Vqrmpa
04tDQ	Num.14.6	אֶת	853	HTo
04oNh	Num.14.6	הָ/אָ֑רֶץ	d/776	HTd/Ncbsa
04S1Y	Num.14.6	קָרְע֖וּ	7167	HVqp3cp
04DG9	Num.14.6	בִּגְדֵי/הֶֽם	899 b	HNcmpc/Sp3mp
04BDe	Num.14.7	וַ/יֹּ֣אמְר֔וּ	c/559	HC/Vqw3mp
04D2q	Num.14.7	אֶל	413	HR
04qAx	Num.14.7	כָּל	3605	HNcmsc
04axC	Num.14.7	עֲדַ֥ת	5712	HNcfsc
04o6W	Num.14.7	בְּנֵֽי	1121 a	HNcmpc
04x5r	Num.14.7	יִשְׂרָאֵ֖ל	3478	HNp
048x6	Num.14.7	לֵ/אמֹ֑ר	l/559	HR/Vqc
04LnD	Num.14.7	הָ/אָ֗רֶץ	d/776	HTd/Ncbsa
04iU5	Num.14.7	אֲשֶׁ֨ר	834 a	HTr
04HeA	Num.14.7	עָבַ֤רְנוּ	5674 a	HVqp1cp
04FnB	Num.14.7	בָ/הּ֙	b	HR/Sp3fs
04fF5	Num.14.7	לָ/ת֣וּר	l/8446	HR/Vqc
04hRX	Num.14.7	אֹתָ֔/הּ	853	HTo/Sp3fs
04Rdj	Num.14.7	טוֹבָ֥ה	2896 a	HAafsa
04FNm	Num.14.7	הָ/אָ֖רֶץ	d/776	HTd/Ncbsa
04HZS	Num.14.7	מְאֹ֥ד	3966	HD
04UKW	Num.14.7	מְאֹֽד	3966	HD
044RJ	Num.14.8	אִם	518 a	HC
04EPF	Num.14.8	חָפֵ֥ץ	2654 a	HVqp3ms
04BNN	Num.14.8	בָּ֨/נוּ֙	b	HR/Sp1cp
04osb	Num.14.8	יְהוָ֔ה	3068	HNp
04xWk	Num.14.8	וְ/הֵבִ֤יא	c/935	HC/Vhq3ms
04Kkd	Num.14.8	אֹתָ֨/נוּ֙	853	HTo/Sp1cp
04M8D	Num.14.8	אֶל	413	HR
043w9	Num.14.8	הָ/אָ֣רֶץ	d/776	HTd/Ncbsa
04TQy	Num.14.8	הַ/זֹּ֔את	d/2063	HTd/Pdxfs
04cG9	Num.14.8	וּ/נְתָנָ֖/הּ	c/5414	HC/Vqq3ms/Sp3fs
04nVF	Num.14.8	לָ֑/נוּ	l	HR/Sp1cp
046xK	Num.14.8	אֶ֕רֶץ	776	HNcbsa
04MQy	Num.14.8	אֲשֶׁר	834 a	HTr
04Cnn	Num.14.8	הִ֛וא	1931	HPp3fs
04rZz	Num.14.8	זָבַ֥ת	2100	HVqrfsc
04LLu	Num.14.8	חָלָ֖ב	2461	HNcmsa
04frk	Num.14.8	וּ/דְבָֽשׁ	c/1706	HC/Ncmsa
04e6d	Num.14.9	אַ֣ךְ	389	HTa
04qrz	Num.14.9	בַּֽ/יהוָה֮	b/3068	HR/Np
04yUB	Num.14.9	אַל	408	HTn
04Qko	Num.14.9	תִּמְרֹדוּ֒	4775	HVqj2mp
04Kxd	Num.14.9	וְ/אַתֶּ֗ם	c/859 d	HC/Pp2mp
046Gp	Num.14.9	אַל	408	HTn
04pHy	Num.14.9	תִּֽירְאוּ֙	3372	HVqj2mp
049px	Num.14.9	אֶת	853	HTo
04YdZ	Num.14.9	עַ֣ם	5971 a	HNcmsc
04GfP	Num.14.9	הָ/אָ֔רֶץ	d/776	HTd/Ncbsa
048ms	Num.14.9	כִּ֥י	3588 a	HC
044aE	Num.14.9	לַחְמֵ֖/נוּ	3899	HNcbsc/Sp1cp
04c85	Num.14.9	הֵ֑ם	1992	HPp3mp
046SP	Num.14.9	סָ֣ר	5493	HVqp3ms
04njU	Num.14.9	צִלָּ֧/ם	6738	HNcmsc/Sp3mp
04zbT	Num.14.9	מֵ/עֲלֵי/הֶ֛ם	m/5921 a	HR/R/Sp3mp
04PX2	Num.14.9	וַֽ/יהוָ֥ה	c/3068	HC/Np
04UJ6	Num.14.9	אִתָּ֖/נוּ	854	HR/Sp1cp
044rn	Num.14.9	אַל	408	HTn
04mdG	Num.14.9	תִּירָאֻֽ/ם	3372	HVqj2mp/Sp3mp
04tVz	Num.14.10	וַ/יֹּֽאמְרוּ֙	c/559	HC/Vqw3mp
04GRj	Num.14.10	כָּל	3605	HNcmsc
04J6b	Num.14.10	הָ֣/עֵדָ֔ה	d/5712	HTd/Ncfsa
04K5C	Num.14.10	לִ/רְגּ֥וֹם	l/7275	HR/Vqc
04xen	Num.14.10	אֹתָ֖/ם	853	HTo/Sp3mp
04t7j	Num.14.10	בָּ/אֲבָנִ֑ים	b/68	HRd/Ncfpa
04nDA	Num.14.10	וּ/כְב֣וֹד	c/3519	HC/Ncbsc
04KhP	Num.14.10	יְהוָ֗ה	3068	HNp
04cj2	Num.14.10	נִרְאָה֙	7200	HVNp3ms
04wEK	Num.14.10	בְּ/אֹ֣הֶל	b/168	HR/Ncmsc
04h2t	Num.14.10	מוֹעֵ֔ד	4150	HNcmsa
048ES	Num.14.10	אֶֽל	413	HR
04Qv8	Num.14.10	כָּל	3605	HNcmsc
049rU	Num.14.10	בְּנֵ֖י	1121 a	HNcmpc
04bak	Num.14.10	יִשְׂרָאֵֽל	3478	HNp
049uw	Num.14.11	וַ/יֹּ֤אמֶר	c/559	HC/Vqw3ms
04M4p	Num.14.11	יְהוָה֙	3068	HNp
048MU	Num.14.11	אֶל	413	HR
04PGb	Num.14.11	מֹשֶׁ֔ה	4872	HNp
04VUp	Num.14.11	עַד	5704	HR
04E1n	Num.14.11	אָ֥נָה	575	HD
04Y2Y	Num.14.11	יְנַאֲצֻ֖/נִי	5006	HVpi3mp/Sp1cs
045sD	Num.14.11	הָ/עָ֣ם	d/5971 a	HTd/Ncmsa
04mZV	Num.14.11	הַ/זֶּ֑ה	d/2088	HTd/Pdxms
04XL9	Num.14.11	וְ/עַד	c/5704	HC/R
04dgp	Num.14.11	אָ֨נָה֙	575	HD
04P1D	Num.14.11	לֹא	3808	HTn
04Voq	Num.14.11	יַאֲמִ֣ינוּ	539	HVhi3mp
04cuR	Num.14.11	בִ֔/י	b	HR/Sp1cs
04nKb	Num.14.11	בְּ/כֹל֙	b/3605	HR/Ncmsc
04zRe	Num.14.11	הָֽ/אֹת֔וֹת	d/226	HTd/Ncbpa
04cp8	Num.14.11	אֲשֶׁ֥ר	834 a	HTr
04ubs	Num.14.11	עָשִׂ֖יתִי	6213 a	HVqp1cs
04TwC	Num.14.11	בְּ/קִרְבּֽ/וֹ	b/7130	HR/Ncmsc/Sp3ms
04Eio	Num.14.12	אַכֶּ֥/נּוּ	5221	HVhi1cs/Sp3ms
04tLC	Num.14.12	בַ/דֶּ֖בֶר	b/1698	HRd/Ncmsa
047Pm	Num.14.12	וְ/אוֹרִשֶׁ֑/נּוּ	c/3423	HC/Vhi1cs/Sp3ms
04CaG	Num.14.12	וְ/אֶֽעֱשֶׂה֙	c/6213 a	HC/Vqi1cs
041Ux	Num.14.12	אֹֽתְ/ךָ֔	853	HTo/Sp2ms
04uTK	Num.14.12	לְ/גוֹי	l/1471 a	HR/Ncmsa
04RC9	Num.14.12	גָּד֥וֹל	1419 a	HAamsa
04chV	Num.14.12	וְ/עָצ֖וּם	c/6099	HC/Aamsa
04p9U	Num.14.12	מִמֶּֽ/נּוּ	4480 a	HR/Sp3ms
04hWs	Num.14.13	וַ/יֹּ֥אמֶר	c/559	HC/Vqw3ms
04SiP	Num.14.13	מֹשֶׁ֖ה	4872	HNp
04kzz	Num.14.13	אֶל	413	HR
04G6H	Num.14.13	יְהוָ֑ה	3068	HNp
04e1Q	Num.14.13	וְ/שָׁמְע֣וּ	c/8085	HC/Vqq3cp
04wM8	Num.14.13	מִצְרַ֔יִם	4713	HNp
04xaJ	Num.14.13	כִּֽי	3588 a	HC
04M8s	Num.14.13	הֶעֱלִ֧יתָ	5927	HVhp2ms
04TuB	Num.14.13	בְ/כֹחֲ/ךָ֛	b/3581 b	HR/Ncmsc/Sp2ms
04h4J	Num.14.13	אֶת	853	HTo
04MMi	Num.14.13	הָ/עָ֥ם	d/5971 a	HTd/Ncmsa
04g3H	Num.14.13	הַ/זֶּ֖ה	d/2088	HTd/Pdxms
04fBm	Num.14.13	מִ/קִּרְבּֽ/וֹ	m/7130	HR/Ncmsc/Sp3ms
04uR2	Num.14.14	וְ/אָמְר֗וּ	c/559	HC/Vqq3cp
04Z42	Num.14.14	אֶל	413	HR
04feu	Num.14.14	יוֹשֵׁב֮	3427	HVqrmsc
04SCB	Num.14.14	הָ/אָ֣רֶץ	d/776	HTd/Ncbsa
042V8	Num.14.14	הַ/זֹּאת֒	d/2063	HTd/Pdxfs
04QjH	Num.14.14	שָֽׁמְעוּ֙	8085	HVqp3cp
046H5	Num.14.14	כִּֽי	3588 a	HC
04pdZ	Num.14.14	אַתָּ֣ה	859 a	HPp2ms
04UsU	Num.14.14	יְהוָ֔ה	3068	HNp
04AAw	Num.14.14	בְּ/קֶ֖רֶב	b/7130	HR/Ncmsc
04rhN	Num.14.14	הָ/עָ֣ם	d/5971 a	HTd/Ncmsa
04mL7	Num.14.14	הַ/זֶּ֑ה	d/2088	HTd/Pdxms
04Lfy	Num.14.14	אֲשֶׁר	834 a	HTr
044Um	Num.14.14	עַ֨יִן	5869 a	HNcbsa
04Eu9	Num.14.14	בְּ/עַ֜יִן	b/5869 a	HR/Ncbsa
04VP9	Num.14.14	נִרְאָ֣ה	7200	HVNp3ms
04iXa	Num.14.14	אַתָּ֣ה	859 a	HPp2ms
04tSV	Num.14.14	יְהוָ֗ה	3068	HNp
044Lt	Num.14.14	וַ/עֲנָֽנְ/ךָ֙	c/6051	HC/Ncmsc/Sp2ms
04pjx	Num.14.14	עֹמֵ֣ד	5975	HVqrmsa
04Kdb	Num.14.14	עֲלֵ/הֶ֔ם	5921 a	HR/Sp3mp
047GA	Num.14.14	וּ/בְ/עַמֻּ֣ד	c/b/5982	HC/R/Ncmsc
04UrQ	Num.14.14	עָנָ֗ן	6051	HNcmsa
04oMw	Num.14.14	אַתָּ֨ה	859 a	HPp2ms
047Ey	Num.14.14	הֹלֵ֤ךְ	1980	HVqrmsa
04sR9	Num.14.14	לִ/פְנֵי/הֶם֙	l/6440	HR/Ncbpc/Sp3mp
04Upo	Num.14.14	יוֹמָ֔ם	3119	HD
04tV7	Num.14.14	וּ/בְ/עַמּ֥וּד	c/b/5982	HC/R/Ncmsc
04X4N	Num.14.14	אֵ֖שׁ	784	HNcbsa
04BMP	Num.14.14	לָֽיְלָה	3915	HNcmsa
04XQZ	Num.14.15	וְ/הֵמַתָּ֛ה	c/4191	HC/Vhp2ms
04AgV	Num.14.15	אֶת	853	HTo
0442a	Num.14.15	הָ/עָ֥ם	d/5971 a	HTd/Ncmsa
041bX	Num.14.15	הַ/זֶּ֖ה	d/2088	HTd/Pdxms
04DmX	Num.14.15	כְּ/אִ֣ישׁ	k/376	HR/Ncmsa
04uSY	Num.14.15	אֶחָ֑ד	259	HAcmsa
04J6k	Num.14.15	וְ/אָֽמְרוּ֙	c/559	HC/Vqq3cp
04J8W	Num.14.15	הַ/גּוֹיִ֔ם	d/1471 a	HTd/Ncmpa
04q9y	Num.14.15	אֲשֶׁר	834 a	HTr
04VHs	Num.14.15	שָׁמְע֥וּ	8085	HVqp3cp
04vXK	Num.14.15	אֶֽת	853	HTo
04Fyg	Num.14.15	שִׁמְעֲ/ךָ֖	8088 b	HNcmsc/Sp2ms
04BF8	Num.14.15	לֵ/אמֹֽר	l/559	HR/Vqc
046WH	Num.14.16	מִ/בִּלְתִּ֞י	m/1115	HR/Tn
04pnb	Num.14.16	יְכֹ֣לֶת	3201	HVqc
048Sp	Num.14.16	יְהוָ֗ה	3068	HNp
04e6W	Num.14.16	לְ/הָבִיא֙	l/935	HR/Vhc
04X9H	Num.14.16	אֶת	853	HTo
04TGD	Num.14.16	הָ/עָ֣ם	d/5971 a	HTd/Ncmsa
04FoJ	Num.14.16	הַ/זֶּ֔ה	d/2088	HTd/Pdxms
045Ay	Num.14.16	אֶל	413	HR
04BSJ	Num.14.16	הָ/אָ֖רֶץ	d/776	HTd/Ncbsa
04j9y	Num.14.16	אֲשֶׁר	834 a	HTr
04FZn	Num.14.16	נִשְׁבַּ֣ע	7650	HVNp3ms
04HhN	Num.14.16	לָ/הֶ֑ם	l	HR/Sp3mp
04gtJ	Num.14.16	וַ/יִּשְׁחָטֵ֖/ם	c/7819 a	HC/Vqw3ms/Sp3mp
04ZC2	Num.14.16	בַּ/מִּדְבָּֽר	b/4057 b	HRd/Ncmsa
04h7b	Num.14.17	וְ/עַתָּ֕ה	c/6258	HC/D
04sWn	Num.14.17	יִגְדַּל	1431	HVqj3ms
04diL	Num.14.17	נָ֖א	4994	HTe
04MzP	Num.14.17	כֹּ֣חַ	3581 b	HNcmsc
04soR	Num.14.17	אֲדֹנָ֑/י	136	HNcmpc/Sp1cs
04oJs	Num.14.17	כַּ/אֲשֶׁ֥ר	k/834 d	HR/Tr
04P7Z	Num.14.17	דִּבַּ֖רְתָּ	1696	HVpp2ms
04UMk	Num.14.17	לֵ/אמֹֽר	l/559	HR/Vqc
04yqU	Num.14.18	יְהוָ֗ה	3068	HNp
04zhi	Num.14.18	אֶ֤רֶךְ	750	HAamsc
04HwR	Num.14.18	אַפַּ֨יִם֙	639	HNcmda
04vo1	Num.14.18	וְ/רַב	c/7227 a	HC/Aamsc
04jQT	Num.14.18	חֶ֔סֶד	2617 a	HNcmsa
04hL8	Num.14.18	נֹשֵׂ֥א	5375	HVqrmsa
04PSr	Num.14.18	עָוֺ֖ן	5771	HNcbsa
04A7A	Num.14.18	וָ/פָ֑שַׁע	c/6588	HC/Ncmsa
04Yn7	Num.14.18	וְ/נַקֵּה֙	c/5352	HC/Vpa
04LGS	Num.14.18	לֹ֣א	3808	HTn
047gX	Num.14.18	יְנַקֶּ֔ה	5352	HVpi3ms
04uwj	Num.14.18	פֹּקֵ֞ד	6485 a	HVqrmsa
04jLM	Num.14.18	עֲוֺ֤ן	5771	HNcbsc
04kdj	Num.14.18	אָבוֹת֙	1	HNcmpa
04adQ	Num.14.18	עַל	5921 a	HR
044iK	Num.14.18	בָּנִ֔ים	1121 a	HNcmpa
04bj1	Num.14.18	עַל	5921 a	HR
04MWz	Num.14.18	שִׁלֵּשִׁ֖ים	8029	HNcmpa
04TaW	Num.14.18	וְ/עַל	c/5921 a	HC/R
04KZY	Num.14.18	רִבֵּעִֽים	7256	HNcmpa
04moJ	Num.14.19	סְלַֽח	5545	HVqv2ms
04TJS	Num.14.19	נָ֗א	4994	HTe
04A6D	Num.14.19	לַ/עֲוֺ֛ן	l/5771	HR/Ncbsc
04hwz	Num.14.19	הָ/עָ֥ם	d/5971 a	HTd/Ncmsa
04ZqD	Num.14.19	הַ/זֶּ֖ה	d/2088	HTd/Pdxms
04p4s	Num.14.19	כְּ/גֹ֣דֶל	k/1433	HR/Ncmsc
04a92	Num.14.19	חַסְדֶּ֑/ךָ	2617 a	HNcmsc/Sp2ms
04hmo	Num.14.19	וְ/כַ/אֲשֶׁ֤ר	c/k/834 d	HC/R/Tr
04wap	Num.14.19	נָשָׂ֨אתָה֙	5375	HVqp2ms
04vyW	Num.14.19	לָ/עָ֣ם	l/5971 a	HRd/Ncmsa
04qms	Num.14.19	הַ/זֶּ֔ה	d/2088	HTd/Pdxms
04RqS	Num.14.19	מִ/מִּצְרַ֖יִם	m/4714	HR/Np
04gaG	Num.14.19	וְ/עַד	c/5704	HC/R
049eX	Num.14.19	הֵֽנָּה	2008	HD
04yVb	Num.14.20	וַ/יֹּ֣אמֶר	c/559	HC/Vqw3ms
043o4	Num.14.20	יְהוָ֔ה	3068	HNp
047ZM	Num.14.20	סָלַ֖חְתִּי	5545	HVqp1cs
04xJt	Num.14.20	כִּ/דְבָרֶֽ/ךָ	k/1697	HR/Ncmsc/Sp2ms
04UR1	Num.14.21	וְ/אוּלָ֖ם	c/199	HC/D
042ps	Num.14.21	חַי	2416 a	HAamsa
04DM4	Num.14.21	אָ֑נִי	589	HPp1cs
04XS5	Num.14.21	וְ/יִמָּלֵ֥א	c/4390	HC/VNi3ms
0446A	Num.14.21	כְבוֹד	3519	HNcbsc
04SS8	Num.14.21	יְהוָ֖ה	3068	HNp
04Ynk	Num.14.21	אֶת	853	HTo
042XA	Num.14.21	כָּל	3605	HNcmsc
04K7p	Num.14.21	הָ/אָֽרֶץ	d/776	HTd/Ncbsa
04uM1	Num.14.22	כִּ֣י	3588 a	HC
049Xs	Num.14.22	כָל	3605	HNcmsc
049Qh	Num.14.22	הָ/אֲנָשִׁ֗ים	d/376	HTd/Ncmpa
04XmE	Num.14.22	הָ/רֹאִ֤ים	d/7200	HTd/Vqrmpa
04uzM	Num.14.22	אֶת	853	HTo
04XRp	Num.14.22	כְּבֹדִ/י֙	3519	HNcbsc/Sp1cs
04yp2	Num.14.22	וְ/אֶת	c/853	HC/To
04DJM	Num.14.22	אֹ֣תֹתַ֔/י	226	HNcbpc/Sp1cs
04vQR	Num.14.22	אֲשֶׁר	834 a	HTr
04cab	Num.14.22	עָשִׂ֥יתִי	6213 a	HVqp1cs
04A5y	Num.14.22	בְ/מִצְרַ֖יִם	b/4714	HR/Np
04BKA	Num.14.22	וּ/בַ/מִּדְבָּ֑ר	c/b/4057 b	HC/Rd/Ncmsa
04B6D	Num.14.22	וַ/יְנַסּ֣וּ	c/5254	HC/Vpw3mp
04bx9	Num.14.22	אֹתִ֗/י	853	HTo/Sp1cs
04kw8	Num.14.22	זֶ֚ה	2088	HPdxms
04ugJ	Num.14.22	עֶ֣שֶׂר	6235	HAcfsa
04oT3	Num.14.22	פְּעָמִ֔ים	6471	HNcfpa
047n5	Num.14.22	וְ/לֹ֥א	c/3808	HC/Tn
04zjF	Num.14.22	שָׁמְע֖וּ	8085	HVqp3cp
042wq	Num.14.22	בְּ/קוֹלִֽ/י	b/6963 a	HR/Ncmsc/Sp1cs
04TKy	Num.14.23	אִם	518 a	HC
04Zvg	Num.14.23	יִרְאוּ֙	7200	HVqi3mp
04Xdn	Num.14.23	אֶת	853	HTo
04ewY	Num.14.23	הָ/אָ֔רֶץ	d/776	HTd/Ncbsa
04wyg	Num.14.23	אֲשֶׁ֥ר	834 a	HTr
04V4B	Num.14.23	נִשְׁבַּ֖עְתִּי	7650	HVNp1cs
04Noa	Num.14.23	לַ/אֲבֹתָ֑/ם	l/1	HR/Ncmpc/Sp3mp
04gYC	Num.14.23	וְ/כָל	c/3605	HC/Ncmsc
04QQa	Num.14.23	מְנַאֲצַ֖/י	5006	HVprmpc/Sp1cs
04q6Z	Num.14.23	לֹ֥א	3808	HTn
04ZLy	Num.14.23	יִרְאֽוּ/הָ	7200	HVqi3mp/Sp3fs
04BzT	Num.14.24	וְ/עַבְדִּ֣/י	c/5650	HC/Ncmsc/Sp1cs
04TJK	Num.14.24	כָלֵ֗ב	3612	HNp
049kM	Num.14.24	עֵ֣קֶב	6118	HC
04ZPK	Num.14.24	הָֽיְתָ֞ה	1961	HVqp3fs
04Gh3	Num.14.24	ר֤וּחַ	7307	HNcbsa
04SCi	Num.14.24	אַחֶ֨רֶת֙	312	HAafsa
048NS	Num.14.24	עִמּ֔/וֹ	5973 a	HR/Sp3ms
04MPG	Num.14.24	וַ/יְמַלֵּ֖א	c/4390	HC/Vpw3ms
04SXf	Num.14.24	אַחֲרָ֑/י	310 a	HR/Sp1cs
04cJc	Num.14.24	וַ/הֲבִֽיאֹתִ֗י/ו	c/935	HC/Vhq1cs/Sp3ms
043Fn	Num.14.24	אֶל	413	HR
04eQR	Num.14.24	הָ/אָ֨רֶץ֙	d/776	HTd/Ncbsa
04RFU	Num.14.24	אֲשֶׁר	834 a	HTr
04bpA	Num.14.24	בָּ֣א	935	HVqp3ms
04PmA	Num.14.24	שָׁ֔מָּ/ה	8033	HD/Sd
04nc7	Num.14.24	וְ/זַרְע֖/וֹ	c/2233	HC/Ncmsc/Sp3ms
048xD	Num.14.24	יוֹרִשֶֽׁ/נָּה	3423	HVhi3ms/Sp3fs
04QjA	Num.14.25	וְ/הָֽ/עֲמָלֵקִ֥י	c/d/6003	HC/Td/Ngmsa
04Wov	Num.14.25	וְ/הַֽ/כְּנַעֲנִ֖י	c/d/3669 a	HC/Td/Ngmsa
04p1C	Num.14.25	יוֹשֵׁ֣ב	3427	HVqrmsa
044eP	Num.14.25	בָּ/עֵ֑מֶק	b/6010	HRd/Ncmsa
04dDU	Num.14.25	מָחָ֗ר	4279	HNcmsa
04kxg	Num.14.25	פְּנ֨וּ	6437	HVqv2mp
04H7a	Num.14.25	וּ/סְע֥וּ	c/5265	HC/Vqv2mp
04fjj	Num.14.25	לָ/כֶ֛ם	l	HR/Sp2mp
04KgW	Num.14.25	הַ/מִּדְבָּ֖ר	d/4057 b	HTd/Ncmsa
04kLe	Num.14.25	דֶּ֥רֶךְ	1870	HNcbsc
04uDV	Num.14.25	יַם	3220	HNcmsc
04pK1	Num.14.25	סֽוּף	5488	HNcmsa
0464b	Num.14.26	וַ/יְדַבֵּ֣ר	c/1696	HC/Vpw3ms
04QEA	Num.14.26	יְהוָ֔ה	3068	HNp
04Wni	Num.14.26	אֶל	413	HR
04GKY	Num.14.26	מֹשֶׁ֥ה	4872	HNp
046E7	Num.14.26	וְ/אֶֽל	c/413	HC/R
04TuK	Num.14.26	אַהֲרֹ֖ן	175	HNp
04i6E	Num.14.26	לֵ/אמֹֽר	l/559	HR/Vqc
04awb	Num.14.27	עַד	5704	HR
04h2S	Num.14.27	מָתַ֗י	4970	HTi
0427e	Num.14.27	לָ/עֵדָ֤ה	l/5712	HRd/Ncfsa
04sak	Num.14.27	הָֽ/רָעָה֙	d/7451 a	HTd/Aafsa
04wGN	Num.14.27	הַ/זֹּ֔את	d/2063	HTd/Pdxfs
04RFf	Num.14.27	אֲשֶׁ֛ר	834 a	HTr
04RrN	Num.14.27	הֵ֥מָּה	1992	HPp3mp
04FyN	Num.14.27	מַלִּינִ֖ים	3885 b	HVhrmpa
04Sg8	Num.14.27	עָלָ֑/י	5921 a	HR/Sp1cs
04c8R	Num.14.27	אֶת	853	HTo
04vBx	Num.14.27	תְּלֻנּ֞וֹת	8519	HNcfpc
04JJb	Num.14.27	בְּנֵ֣י	1121 a	HNcmpc
04bNi	Num.14.27	יִשְׂרָאֵ֗ל	3478	HNp
04CxL	Num.14.27	אֲשֶׁ֨ר	834 a	HTr
0428i	Num.14.27	הֵ֧מָּה	1992	HPp3mp
04nDC	Num.14.27	מַלִּינִ֛ים	3885 b	HVhrmpa
045Fi	Num.14.27	עָלַ֖/י	5921 a	HR/Sp1cs
04hhf	Num.14.27	שָׁמָֽעְתִּי	8085	HVqp1cs
04ZDv	Num.14.28	אֱמֹ֣ר	559	HVqv2ms
04txZ	Num.14.28	אֲלֵ/הֶ֗ם	413	HR/Sp3mp
04XQ4	Num.14.28	חַי	2416 a	HAamsa
04kdH	Num.14.28	אָ֨נִי֙	589	HPp1cs
041eg	Num.14.28	נְאֻם	5002	HNcmsc
04rkQ	Num.14.28	יְהוָ֔ה	3068	HNp
04mc9	Num.14.28	אִם	518 a	HC
04AEf	Num.14.28	לֹ֕א	3808	HTn
04xhg	Num.14.28	כַּ/אֲשֶׁ֥ר	k/834 d	HR/Tr
04PdT	Num.14.28	דִּבַּרְתֶּ֖ם	1696	HVpp2mp
04VCX	Num.14.28	בְּ/אָזְנָ֑/י	b/241	HR/Ncfdc/Sp1cs
04UQS	Num.14.28	כֵּ֖ן	3651 c	HTm
04o3z	Num.14.28	אֶֽעֱשֶׂ֥ה	6213 a	HVqi1cs
04nTn	Num.14.28	לָ/כֶֽם	l	HR/Sp2mp
04qNT	Num.14.29	בַּ/מִּדְבָּ֣ר	b/4057 b	HRd/Ncmsa
04K7g	Num.14.29	הַ֠/זֶּה	d/2088	HTd/Pdxms
043up	Num.14.29	יִפְּל֨וּ	5307	HVqi3mp
04BXk	Num.14.29	פִגְרֵי/כֶ֜ם	6297	HNcmpc/Sp2mp
04Aab	Num.14.29	וְ/כָל	c/3605	HC/Ncmsc
04KR4	Num.14.29	פְּקֻדֵי/כֶם֙	6485 a	HVqsmpc/Sp2mp
04LRP	Num.14.29	לְ/כָל	l/3605	HR/Ncmsc
04Cx2	Num.14.29	מִסְפַּרְ/כֶ֔ם	4557	HNcmsc/Sp2mp
048nk	Num.14.29	מִ/בֶּ֛ן	m/1121 a	HR/Ncmsc
04qNH	Num.14.29	עֶשְׂרִ֥ים	6242	HAcbpa
04oFf	Num.14.29	שָׁנָ֖ה	8141	HNcfsa
04wN9	Num.14.29	וָ/מָ֑עְלָ/ה	c/4605	HC/D/Sd
04Thc	Num.14.29	אֲשֶׁ֥ר	834 a	HTr
049iL	Num.14.29	הֲלִֽינֹתֶ֖ם	3885 b	HVhp2mp
042si	Num.14.29	עָלָֽ/י	5921 a	HR/Sp1cs
04e2d	Num.14.30	אִם	518 a	HC
04N3B	Num.14.30	אַתֶּם֙	859 d	HPp2mp
04k8w	Num.14.30	תָּבֹ֣אוּ	935	HVqi2mp
04Jo5	Num.14.30	אֶל	413	HR
04vsG	Num.14.30	הָ/אָ֔רֶץ	d/776	HTd/Ncbsa
04cQX	Num.14.30	אֲשֶׁ֤ר	834 a	HTr
04dSa	Num.14.30	נָשָׂ֨אתִי֙	5375	HVqp1cs
04mJB	Num.14.30	אֶת	853	HTo
042J5	Num.14.30	יָדִ֔/י	3027	HNcbsc/Sp1cs
04jmo	Num.14.30	לְ/שַׁכֵּ֥ן	l/7931	HR/Vpc
04wTD	Num.14.30	אֶתְ/כֶ֖ם	853	HTo/Sp2mp
04opn	Num.14.30	בָּ֑/הּ	b	HR/Sp3fs
04PWA	Num.14.30	כִּ֚י	3588 b	HC
04wQ5	Num.14.30	אִם	518 b	HC
04tNN	Num.14.30	כָּלֵ֣ב	3612	HNp
045Eg	Num.14.30	בֶּן	1121 a	HNcmsc
04z7h	Num.14.30	יְפֻנֶּ֔ה	3312	HNp
04YUB	Num.14.30	וִ/יהוֹשֻׁ֖עַ	c/3091	HC/Np
04iFz	Num.14.30	בִּן	1121 a	HNcmsc
04ZxT	Num.14.30	נֽוּן	5126	HNp
04vGq	Num.14.31	וְ/טַ֨פְּ/כֶ֔ם	c/2945	HC/Ncmsc/Sp2mp
04n94	Num.14.31	אֲשֶׁ֥ר	834 a	HTr
04Jbo	Num.14.31	אֲמַרְתֶּ֖ם	559	HVqp2mp
04Jem	Num.14.31	לָ/בַ֣ז	l/957	HR/Ncmsa
04wE2	Num.14.31	יִהְיֶ֑ה	1961	HVqi3ms
04S6s	Num.14.31	וְ/הֵבֵיאתִ֣י	c/935	HC/Vhp1cs
04Cn1	Num.14.31	אֹתָ֔/ם	853	HTo/Sp3mp
04KtS	Num.14.31	וְ/יָֽדְעוּ֙	c/3045	HC/Vqq3cp
04E8Y	Num.14.31	אֶת	853	HTo
04ugs	Num.14.31	הָ/אָ֔רֶץ	d/776	HTd/Ncbsa
04GYh	Num.14.31	אֲשֶׁ֥ר	834 a	HTr
04ftp	Num.14.31	מְאַסְתֶּ֖ם	3988 a	HVqp2mp
0491N	Num.14.31	בָּֽ/הּ	b	HR/Sp3fs
04tsr	Num.14.32	וּ/פִגְרֵי/כֶ֖ם	c/6297	HC/Ncmpc/Sp2mp
041N3	Num.14.32	אַתֶּ֑ם	859 d	HPp2mp
04LSS	Num.14.32	יִפְּל֖וּ	5307	HVqi3mp
04Vya	Num.14.32	בַּ/מִּדְבָּ֥ר	b/4057 b	HRd/Ncmsa
04h6D	Num.14.32	הַ/זֶּֽה	d/2088	HTd/Pdxms
04na2	Num.14.33	וּ֠/בְנֵי/כֶם	c/1121 a	HC/Ncmpc/Sp2mp
04YS9	Num.14.33	יִהְי֨וּ	1961	HVqi3mp
04X37	Num.14.33	רֹעִ֤ים	7462 b	HVqrmpa
04eaF	Num.14.33	בַּ/מִּדְבָּר֙	b/4057 b	HRd/Ncmsa
0413E	Num.14.33	אַרְבָּעִ֣ים	705	HAcbpa
04jXA	Num.14.33	שָׁנָ֔ה	8141	HNcfsa
044KF	Num.14.33	וְ/נָשְׂא֖וּ	c/5375	HC/Vqq3cp
04MSd	Num.14.33	אֶת	853	HTo
04J4L	Num.14.33	זְנוּתֵי/כֶ֑ם	2184	HNcfpc/Sp2mp
04Qq5	Num.14.33	עַד	5704	HR
04sC8	Num.14.33	תֹּ֥ם	8552	HVqc
04nHM	Num.14.33	פִּגְרֵי/כֶ֖ם	6297	HNcmpc/Sp2mp
04Cyg	Num.14.33	בַּ/מִּדְבָּֽר	b/4057 b	HRd/Ncmsa
04tYe	Num.14.34	בְּ/מִסְפַּ֨ר	b/4557	HR/Ncmsc
04uk3	Num.14.34	הַ/יָּמִ֜ים	d/3117	HTd/Ncmpa
04DWE	Num.14.34	אֲשֶׁר	834 a	HTr
04xSK	Num.14.34	תַּרְתֶּ֣ם	8446	HVqp2mp
042gY	Num.14.34	אֶת	853	HTo
04c69	Num.14.34	הָ/אָרֶץ֮	d/776	HTd/Ncbsa
04yGC	Num.14.34	אַרְבָּעִ֣ים	705	HAcbpa
04qSK	Num.14.34	יוֹם֒	3117	HNcmsa
04afN	Num.14.34	י֣וֹם	3117	HNcmsa
04URv	Num.14.34	לַ/שָּׁנָ֞ה	l/8141	HRd/Ncfsa
047xX	Num.14.34	י֣וֹם	3117	HNcmsa
04oAZ	Num.14.34	לַ/שָּׁנָ֗ה	l/8141	HRd/Ncfsa
04Fof	Num.14.34	תִּשְׂאוּ֙	5375	HVqi2mp
04sYs	Num.14.34	אֶת	853	HTo
04kHd	Num.14.34	עֲוֺנֹ֣תֵי/כֶ֔ם	5771	HNcbpc/Sp2mp
04uF9	Num.14.34	אַרְבָּעִ֖ים	705	HAcbpa
04omp	Num.14.34	שָׁנָ֑ה	8141	HNcfsa
04N5F	Num.14.34	וִֽ/ידַעְתֶּ֖ם	c/3045	HC/Vqq2mp
04Zmp	Num.14.34	אֶת	853	HTo
04FFZ	Num.14.34	תְּנוּאָתִֽ/י	8569	HNcfsc/Sp1cs
04zfi	Num.14.35	אֲנִ֣י	589	HPp1cs
04eh8	Num.14.35	יְהוָה֮	3068	HNp
04Ded	Num.14.35	דִּבַּרְתִּי֒	1696	HVpp1cs
04nTB	Num.14.35	אִם	518 a	HC
04Njh	Num.14.35	לֹ֣א	3808	HTn
04F1o	Num.14.35	זֹ֣את	2063	HPdxfs
04SBw	Num.14.35	אֶֽעֱשֶׂ֗ה	6213 a	HVqi1cs
04imY	Num.14.35	לְ/כָל	l/3605	HR/Ncmsc
04EFd	Num.14.35	הָ/עֵדָ֤ה	d/5712	HTd/Ncfsa
04anA	Num.14.35	הָֽ/רָעָה֙	d/7451 a	HTd/Aafsa
04rk4	Num.14.35	הַ/זֹּ֔את	d/2063	HTd/Pdxfs
04iG5	Num.14.35	הַ/נּוֹעָדִ֖ים	d/3259	HTd/VNrmpa
046id	Num.14.35	עָלָ֑/י	5921 a	HR/Sp1cs
04Nbz	Num.14.35	בַּ/מִּדְבָּ֥ר	b/4057 b	HRd/Ncmsa
04Dh7	Num.14.35	הַ/זֶּ֛ה	d/2088	HTd/Pdxms
04M6f	Num.14.35	יִתַּ֖מּוּ	8552	HVqi3mp
04rpM	Num.14.35	וְ/שָׁ֥ם	c/8033	HC/D
04GYX	Num.14.35	יָמֻֽתוּ	4191	HVqi3mp
04mHQ	Num.14.36	וְ/הָ֣/אֲנָשִׁ֔ים	c/d/376	HC/Td/Ncmpa
04Q6S	Num.14.36	אֲשֶׁר	834 a	HTr
042UC	Num.14.36	שָׁלַ֥ח	7971	HVqp3ms
04jkK	Num.14.36	מֹשֶׁ֖ה	4872	HNp
04Xn7	Num.14.36	לָ/ת֣וּר	l/8446	HR/Vqc
042xh	Num.14.36	אֶת	853	HTo
04CSf	Num.14.36	הָ/אָ֑רֶץ	d/776	HTd/Ncbsa
04vz3	Num.14.36	וַ/יָּשֻׁ֗בוּ	c/7725	HC/Vqw3mp
04uJ5	Num.14.36	ו/ילונו	c/3885 b	HC/VNw3mp
04DkJ	Num.14.36	וַ/יַּלִּ֤ינוּ	c/3885 b	HC/Vhw3mp
04tHJ	Num.14.36	עָלָי/ו֙	5921 a	HR/Sp3ms
04bUa	Num.14.36	אֶת	853	HTo
04L1P	Num.14.36	כָּל	3605	HNcmsc
04fz2	Num.14.36	הָ֣/עֵדָ֔ה	d/5712	HTd/Ncfsa
04cSL	Num.14.36	לְ/הוֹצִ֥יא	l/3318	HR/Vhc
04NCu	Num.14.36	דִבָּ֖ה	1681	HNcfsa
04Jty	Num.14.36	עַל	5921 a	HR
04VA7	Num.14.36	הָ/אָֽרֶץ	d/776	HTd/Ncbsa
04zaC	Num.14.37	וַ/יָּמֻ֨תוּ֙	c/4191	HC/Vqw3mp
04cd3	Num.14.37	הָֽ/אֲנָשִׁ֔ים	d/376	HTd/Ncmpa
04L4J	Num.14.37	מוֹצִאֵ֥י	3318	HVhrmpc
042q5	Num.14.37	דִבַּת	1681	HNcfsc
04UVp	Num.14.37	הָ/אָ֖רֶץ	d/776	HTd/Ncbsa
04SeE	Num.14.37	רָעָ֑ה	7451 a	HAafsa
0453z	Num.14.37	בַּ/מַּגֵּפָ֖ה	b/4046	HRd/Ncfsa
04uUZ	Num.14.37	לִ/פְנֵ֥י	l/6440	HR/Ncbpc
045WT	Num.14.37	יְהוָֽה	3068	HNp
046vQ	Num.14.38	וִ/יהוֹשֻׁ֣עַ	c/3091	HC/Np
04GZQ	Num.14.38	בִּן	1121 a	HNcmsc
04T81	Num.14.38	נ֔וּן	5126	HNp
046mf	Num.14.38	וְ/כָלֵ֖ב	c/3612	HC/Np
04mfQ	Num.14.38	בֶּן	1121 a	HNcmsc
04DE4	Num.14.38	יְפֻנֶּ֑ה	3312	HNp
04GHd	Num.14.38	חָיוּ֙	2421	HVqp3cp
04CbA	Num.14.38	מִן	4480 a	HR
04KAe	Num.14.38	הָ/אֲנָשִׁ֣ים	d/376	HTd/Ncmpa
04Qvc	Num.14.38	הָ/הֵ֔ם	d/1992	HTd/Pp3mp
04sjF	Num.14.38	הַֽ/הֹלְכִ֖ים	d/1980	HTd/Vqrmpa
04rmr	Num.14.38	לָ/ת֥וּר	l/8446	HR/Vqc
04Psc	Num.14.38	אֶת	853	HTo
04Ab6	Num.14.38	הָ/אָֽרֶץ	d/776	HTd/Ncbsa
041TR	Num.14.39	וַ/יְדַבֵּ֤ר	c/1696	HC/Vpw3ms
04u5H	Num.14.39	מֹשֶׁה֙	4872	HNp
04MQc	Num.14.39	אֶת	853	HTo
04Wfn	Num.14.39	הַ/דְּבָרִ֣ים	d/1697	HTd/Ncmpa
04d4o	Num.14.39	הָ/אֵ֔לֶּה	d/428	HTd/Pdxcp
04ATh	Num.14.39	אֶֽל	413	HR
04iSY	Num.14.39	כָּל	3605	HNcmsc
04DkE	Num.14.39	בְּנֵ֖י	1121 a	HNcmpc
04nMZ	Num.14.39	יִשְׂרָאֵ֑ל	3478	HNp
044iz	Num.14.39	וַ/יִּֽתְאַבְּל֥וּ	c/56	HC/Vtw3mp
04qd4	Num.14.39	הָ/עָ֖ם	d/5971 a	HTd/Ncmsa
04nru	Num.14.39	מְאֹֽד	3966	HD
04Pxa	Num.14.40	וַ/יַּשְׁכִּ֣מוּ	c/7925	HC/Vhw3mp
04bkq	Num.14.40	בַ/בֹּ֔קֶר	b/1242	HRd/Ncmsa
04HHt	Num.14.40	וַ/יַּֽעֲל֥וּ	c/5927	HC/Vqw3mp
04q1a	Num.14.40	אֶל	413	HR
04o7T	Num.14.40	רֹאשׁ	7218 a	HNcmsc
048B7	Num.14.40	הָ/הָ֖ר	d/2022	HTd/Ncmsa
04e4G	Num.14.40	לֵ/אמֹ֑ר	l/559	HR/Vqc
04UMb	Num.14.40	הִנֶּ֗/נּוּ	2005	HTm/Sp1cp
04sBg	Num.14.40	וְ/עָלִ֛ינוּ	c/5927	HC/Vqp1cp
04mtF	Num.14.40	אֶל	413	HR
04saW	Num.14.40	הַ/מָּק֛וֹם	d/4725	HTd/Ncmsa
04s5y	Num.14.40	אֲשֶׁר	834 a	HTr
04Ccr	Num.14.40	אָמַ֥ר	559	HVqp3ms
04Q6y	Num.14.40	יְהוָ֖ה	3068	HNp
04F3m	Num.14.40	כִּ֥י	3588 a	HC
04Qnx	Num.14.40	חָטָֽאנוּ	2398	HVqp1cp
044CQ	Num.14.41	וַ/יֹּ֣אמֶר	c/559	HC/Vqw3ms
04BgX	Num.14.41	מֹשֶׁ֔ה	4872	HNp
04i2o	Num.14.41	לָ֥/מָּה	l/4100	HR/Ti
04oyG	Num.14.41	זֶּ֛ה	2088	HPdxms
042nn	Num.14.41	אַתֶּ֥ם	859 d	HPp2mp
04nqZ	Num.14.41	עֹבְרִ֖ים	5674 a	HVqrmpa
04xBh	Num.14.41	אֶת	853	HTo
046MB	Num.14.41	פִּ֣י	6310	HNcmsc
04fQv	Num.14.41	יְהוָ֑ה	3068	HNp
04Dvr	Num.14.41	וְ/הִ֖וא	c/1931	HC/Pp3fs
04tYy	Num.14.41	לֹ֥א	3808	HTn
04Zje	Num.14.41	תִצְלָֽח	6743 b	HVqi3fs
044VK	Num.14.42	אַֽל	408	HTn
04M3S	Num.14.42	תַּעֲל֔וּ	5927	HVqj2mp
04nqN	Num.14.42	כִּ֛י	3588 a	HC
04dMv	Num.14.42	אֵ֥ין	369	HTn
042HZ	Num.14.42	יְהוָ֖ה	3068	HNp
043Fv	Num.14.42	בְּ/קִרְבְּ/כֶ֑ם	b/7130	HR/Ncmsc/Sp2mp
047bG	Num.14.42	וְ/לֹא֙	c/3808	HC/Tn
04yr8	Num.14.42	תִּנָּ֣גְפ֔וּ	5062	HVNi2mp
04Q4E	Num.14.42	לִ/פְנֵ֖י	l/6440	HR/Ncbpc
04EKG	Num.14.42	אֹיְבֵי/כֶֽם	341	HVqrmpc/Sp2mp
045cJ	Num.14.43	כִּי֩	3588 a	HC
04yrN	Num.14.43	הָ/עֲמָלֵקִ֨י	d/6003	HTd/Ngmsa
04SNL	Num.14.43	וְ/הַ/כְּנַעֲנִ֥י	c/d/3669 a	HC/Td/Ngmsa
04xBx	Num.14.43	שָׁם֙	8033	HD
044M4	Num.14.43	לִ/פְנֵי/כֶ֔ם	l/6440	HR/Ncbpc/Sp2mp
04rdY	Num.14.43	וּ/נְפַלְתֶּ֖ם	c/5307	HC/Vqq2mp
04ktS	Num.14.43	בֶּ/חָ֑רֶב	b/2719	HRd/Ncfsa
04T7P	Num.14.43	כִּֽי	3588 c	HC
04Snb	Num.14.43	עַל	5921 b	HR
045Ln	Num.14.43	כֵּ֤ן	3651 b	HTm
04uoT	Num.14.43	שַׁבְתֶּם֙	7725	HVqp2mp
04x2u	Num.14.43	מֵ/אַחֲרֵ֣י	m/310 a	HR/R
04hib	Num.14.43	יְהוָ֔ה	3068	HNp
04RnE	Num.14.43	וְ/לֹא	c/3808	HC/Tn
04oQP	Num.14.43	יִהְיֶ֥ה	1961	HVqi3ms
04MWb	Num.14.43	יְהוָ֖ה	3068	HNp
04G4R	Num.14.43	עִמָּ/כֶֽם	5973 a	HR/Sp2mp
04b15	Num.14.44	וַ/יַּעְפִּ֕לוּ	c/6075 b	HC/Vhw3mp
04Xye	Num.14.44	לַ/עֲל֖וֹת	l/5927	HR/Vqc
04meh	Num.14.44	אֶל	413	HR
04Uxw	Num.14.44	רֹ֣אשׁ	7218 a	HNcmsc
04jYS	Num.14.44	הָ/הָ֑ר	d/2022	HTd/Ncmsa
04S6n	Num.14.44	וַ/אֲר֤וֹן	c/727	HC/Ncbsc
04CZt	Num.14.44	בְּרִית	1285	HNcfsc
04ZFR	Num.14.44	יְהוָה֙	3068	HNp
04te8	Num.14.44	וּ/מֹשֶׁ֔ה	c/4872	HC/Np
04V7Q	Num.14.44	לֹא	3808	HTn
04LQP	Num.14.44	מָ֖שׁוּ	4185	HVqp3cp
04aiP	Num.14.44	מִ/קֶּ֥רֶב	m/7130	HR/Ncmsc
04QFp	Num.14.44	הַֽ/מַּחֲנֶֽה	d/4264	HTd/Ncbsa
04TJ7	Num.14.45	וַ/יֵּ֤רֶד	c/3381	HC/Vqw3ms
045YU	Num.14.45	הָ/עֲמָלֵקִי֙	d/6003	HTd/Ngmsa
04W6q	Num.14.45	וְ/הַֽ/כְּנַעֲנִ֔י	c/d/3669 a	HC/Td/Ngmsa
042XS	Num.14.45	הַ/יֹּשֵׁ֖ב	d/3427	HTd/Vqrmsa
04dMu	Num.14.45	בָּ/הָ֣ר	b/2022	HRd/Ncmsa
046Rv	Num.14.45	הַ/ה֑וּא	d/1931	HTd/Pp3ms
04Suh	Num.14.45	וַ/יַּכּ֥וּ/ם	c/5221	HC/Vhw3mp/Sp3mp
04GJe	Num.14.45	וַֽ/יַּכְּת֖וּ/ם	c/3807	HC/Vhw3mp/Sp3mp
04XKM	Num.14.45	עַד	5704	HR
04KTE	Num.14.45	הַֽ/חָרְמָֽה	d/2767	HTd/Np
04JAR	Num.15.1	וַ/יְדַבֵּ֥ר	c/1696	HC/Vpw3ms
04Fuj	Num.15.1	יְהוָ֖ה	3068	HNp
046ni	Num.15.1	אֶל	413	HR
04Txv	Num.15.1	מֹשֶׁ֥ה	4872	HNp
04fYi	Num.15.1	לֵּ/אמֹֽר	l/559	HR/Vqc
04rqP	Num.15.2	דַּבֵּר֙	1696	HVpv2ms
04r7x	Num.15.2	אֶל	413	HR
04K4Y	Num.15.2	בְּנֵ֣י	1121 a	HNcmpc
04mRC	Num.15.2	יִשְׂרָאֵ֔ל	3478	HNp
04ekW	Num.15.2	וְ/אָמַרְתָּ֖	c/559	HC/Vqq2ms
04TdN	Num.15.2	אֲלֵ/הֶ֑ם	413	HR/Sp3mp
04b8z	Num.15.2	כִּ֣י	3588 a	HC
04C3m	Num.15.2	תָבֹ֗אוּ	935	HVqi2mp
04dM6	Num.15.2	אֶל	413	HR
04YiE	Num.15.2	אֶ֨רֶץ֙	776	HNcbsc
04ysi	Num.15.2	מוֹשְׁבֹ֣תֵי/כֶ֔ם	4186	HNcmpc/Sp2mp
049hE	Num.15.2	אֲשֶׁ֥ר	834 a	HTr
04BLQ	Num.15.2	אֲנִ֖י	589	HPp1cs
04cxB	Num.15.2	נֹתֵ֥ן	5414	HVqrmsa
04vpM	Num.15.2	לָ/כֶֽם	l	HR/Sp2mp
0477U	Num.15.3	וַ/עֲשִׂיתֶ֨ם	c/6213 a	HC/Vqq2mp
04soC	Num.15.3	אִשֶּׁ֤ה	801	HNcmsa
04KuJ	Num.15.3	לַֽ/יהוָה֙	l/3068	HR/Np
04Bms	Num.15.3	עֹלָ֣ה	5930 a	HNcfsa
04Yx3	Num.15.3	אוֹ	176 a	HC
04M8R	Num.15.3	זֶ֔בַח	2077	HNcmsa
04sKN	Num.15.3	לְ/פַלֵּא	l/6381	HR/Vpc
04rif	Num.15.3	נֶ֨דֶר֙	5088	HNcmsa
04N8y	Num.15.3	א֣וֹ	176 a	HC
046Mt	Num.15.3	בִ/נְדָבָ֔ה	b/5071	HR/Ncfsa
04GDp	Num.15.3	א֖וֹ	176 a	HC
04vom	Num.15.3	בְּ/מֹעֲדֵי/כֶ֑ם	b/4150	HR/Ncmpc/Sp2mp
04oMx	Num.15.3	לַ/עֲשׂ֞וֹת	l/6213 a	HR/Vqc
04Gmc	Num.15.3	רֵ֤יחַ	7381	HNcmsc
04Foo	Num.15.3	נִיחֹ֨חַ֙	5207	HNcmsa
04yqJ	Num.15.3	לַֽ/יהוָ֔ה	l/3068	HR/Np
04mjf	Num.15.3	מִן	4480 a	HR
041pQ	Num.15.3	הַ/בָּקָ֖ר	d/1241	HTd/Ncbsa
04wkA	Num.15.3	א֥וֹ	176 a	HC
04HpE	Num.15.3	מִן	4480 a	HR
04QRf	Num.15.3	הַ/צֹּֽאן	d/6629	HTd/Ncbsa
04Ywy	Num.15.4	וְ/הִקְרִ֛יב	c/7126	HC/Vhq3ms
04oei	Num.15.4	הַ/מַּקְרִ֥יב	d/7126	HTd/Vhrmsa
04AmM	Num.15.4	קָרְבָּנ֖/וֹ	7133 a	HNcmsc/Sp3ms
04LQY	Num.15.4	לַֽ/יהוָ֑ה	l/3068	HR/Np
046XT	Num.15.4	מִנְחָה֙	4503	HNcfsa
04cNh	Num.15.4	סֹ֣לֶת	5560	HNcfsa
04tUA	Num.15.4	עִשָּׂר֔וֹן	6241	HNcmsa
04EwY	Num.15.4	בָּל֕וּל	1101 a	HVqsmsa
04yE6	Num.15.4	בִּ/רְבִעִ֥ית	b/7243	HR/Aofsa
04bJR	Num.15.4	הַ/הִ֖ין	d/1969	HTd/Ncmsa
046kx	Num.15.4	שָֽׁמֶן	8081	HNcmsa
04jXc	Num.15.5	וְ/יַ֤יִן	c/3196	HC/Ncmsa
04YZS	Num.15.5	לַ/נֶּ֨סֶךְ֙	l/5262	HRd/Ncmsa
04v51	Num.15.5	רְבִיעִ֣ית	7243	HAofsa
042Q9	Num.15.5	הַ/הִ֔ין	d/1969	HTd/Ncmsa
045Zv	Num.15.5	תַּעֲשֶׂ֥ה	6213 a	HVqi2ms
042n8	Num.15.5	עַל	5921 a	HR
04XMf	Num.15.5	הָ/עֹלָ֖ה	d/5930 a	HTd/Ncfsa
04vjy	Num.15.5	א֣וֹ	176 a	HC
0476d	Num.15.5	לַ/זָּ֑בַח	l/2077	HRd/Ncmsa
045wy	Num.15.5	לַ/כֶּ֖בֶשׂ	l/3532	HRd/Ncmsa
04Sfp	Num.15.5	הָ/אֶחָֽד	d/259	HTd/Acmsa
04w2M	Num.15.6	א֤וֹ	176 a	HC
04N4i	Num.15.6	לָ/אַ֨יִל֙	l/352 a	HRd/Ncmsa
0419Y	Num.15.6	תַּעֲשֶׂ֣ה	6213 a	HVqi2ms
049mG	Num.15.6	מִנְחָ֔ה	4503	HNcfsa
04a7q	Num.15.6	סֹ֖לֶת	5560	HNcfsa
04cvq	Num.15.6	שְׁנֵ֣י	8147	HAcmdc
04rxp	Num.15.6	עֶשְׂרֹנִ֑ים	6241	HNcmpa
04wPK	Num.15.6	בְּלוּלָ֥ה	1101 a	HVqsfsa
04fvj	Num.15.6	בַ/שֶּׁ֖מֶן	b/8081	HRd/Ncmsa
04w3p	Num.15.6	שְׁלִשִׁ֥ית	7992	HAofsa
04Wk4	Num.15.6	הַ/הִֽין	d/1969	HTd/Ncmsa
04Axf	Num.15.7	וְ/יַ֥יִן	c/3196	HC/Ncmsa
04puY	Num.15.7	לַ/נֶּ֖סֶךְ	l/5262	HRd/Ncmsa
043Fa	Num.15.7	שְׁלִשִׁ֣ית	7992	HAofsa
04PGg	Num.15.7	הַ/הִ֑ין	d/1969	HTd/Ncmsa
04fPg	Num.15.7	תַּקְרִ֥יב	7126	HVhi2ms
04PNH	Num.15.7	רֵֽיחַ	7381	HNcmsc
04u5F	Num.15.7	נִיחֹ֖חַ	5207	HNcmsa
04czP	Num.15.7	לַ/יהוָֽה	l/3068	HR/Np
04ktp	Num.15.8	וְ/כִֽי	c/3588 a	HC/C
04zBm	Num.15.8	תַעֲשֶׂ֥ה	6213 a	HVqi2ms
04DPD	Num.15.8	בֶן	1121 a	HNcmsc
04KfD	Num.15.8	בָּקָ֖ר	1241	HNcbsa
044D8	Num.15.8	עֹלָ֣ה	5930 a	HNcfsa
04h9p	Num.15.8	אוֹ	176 a	HC
04ofC	Num.15.8	זָ֑בַח	2077	HNcmsa
04qYG	Num.15.8	לְ/פַלֵּא	l/6381	HR/Vpc
04k3C	Num.15.8	נֶ֥דֶר	5088	HNcmsa
0444D	Num.15.8	אֽוֹ	176 a	HC
04JuG	Num.15.8	שְׁלָמִ֖ים	8002	HNcmpa
04Std	Num.15.8	לַֽ/יהוָֽה	l/3068	HR/Np
04V7p	Num.15.9	וְ/הִקְרִ֤יב	c/7126	HC/Vhq3ms
04sEg	Num.15.9	עַל	5921 a	HR
04qYw	Num.15.9	בֶּן	1121 a	HNcmsc
04gBf	Num.15.9	הַ/בָּקָר֙	d/1241	HTd/Ncbsa
04Uoj	Num.15.9	מִנְחָ֔ה	4503	HNcfsa
04LLg	Num.15.9	סֹ֖לֶת	5560	HNcfsa
04pyP	Num.15.9	שְׁלֹשָׁ֣ה	7969	HAcmsa
04Eyr	Num.15.9	עֶשְׂרֹנִ֑ים	6241	HNcmpa
04g2a	Num.15.9	בָּל֥וּל	1101 a	HVqsmsa
043Lw	Num.15.9	בַּ/שֶּׁ֖מֶן	b/8081	HRd/Ncmsa
04YMk	Num.15.9	חֲצִ֥י	2677	HNcmsc
04wTg	Num.15.9	הַ/הִֽין	d/1969	HTd/Ncmsa
04csp	Num.15.10	וְ/יַ֛יִן	c/3196	HC/Ncmsa
04573	Num.15.10	תַּקְרִ֥יב	7126	HVhi2ms
04xK6	Num.15.10	לַ/נֶּ֖סֶךְ	l/5262	HRd/Ncmsa
04YnE	Num.15.10	חֲצִ֣י	2677	HNcmsc
04HbH	Num.15.10	הַ/הִ֑ין	d/1969	HTd/Ncmsa
04eZp	Num.15.10	אִשֵּׁ֥ה	801	HNcmsc
04ZC6	Num.15.10	רֵֽיחַ	7381	HNcmsc
04bR3	Num.15.10	נִיחֹ֖חַ	5207	HNcmsa
04sVc	Num.15.10	לַ/יהוָֽה	l/3068	HR/Np
043cA	Num.15.11	כָּ֣כָה	3602	HD
04SNK	Num.15.11	יֵעָשֶׂ֗ה	6213 a	HVNi3ms
04cHp	Num.15.11	לַ/שּׁוֹר֙	l/7794	HRd/Ncmsa
04uat	Num.15.11	הָֽ/אֶחָ֔ד	d/259	HTd/Acmsa
04oHU	Num.15.11	א֖וֹ	176 a	HC
048Rs	Num.15.11	לָ/אַ֣יִל	l/352 a	HRd/Ncmsa
04H3i	Num.15.11	הָ/אֶחָ֑ד	d/259	HTd/Acmsa
046TM	Num.15.11	אֽוֹ	176 a	HC
04hob	Num.15.11	לַ/שֶּׂ֥ה	l/7716	HRd/Ncbsa
04BWa	Num.15.11	בַ/כְּבָשִׂ֖ים	b/3532	HRd/Ncmpa
04kxc	Num.15.11	א֥וֹ	176 a	HC
045bN	Num.15.11	בָ/עִזִּֽים	b/5795	HRd/Ncfpa
04Djm	Num.15.12	כַּ/מִּסְפָּ֖ר	k/4557	HRd/Ncmsa
04Qy5	Num.15.12	אֲשֶׁ֣ר	834 a	HTr
049mQ	Num.15.12	תַּעֲשׂ֑וּ	6213 a	HVqi2mp
04Lyh	Num.15.12	כָּ֛כָה	3602	HD
04jPZ	Num.15.12	תַּעֲשׂ֥וּ	6213 a	HVqi2mp
04gKU	Num.15.12	לָ/אֶחָ֖ד	l/259	HRd/Acmsa
04ErM	Num.15.12	כְּ/מִסְפָּרָֽ/ם	k/4557	HR/Ncmsc/Sp3mp
04p8S	Num.15.13	כָּל	3605	HNcmsc
04sub	Num.15.13	הָ/אֶזְרָ֥ח	d/249	HTd/Ncmsa
04nQZ	Num.15.13	יַעֲשֶׂה	6213 a	HVqi3ms
04iuA	Num.15.13	כָּ֖כָה	3602	HD
048or	Num.15.13	אֶת	853	HTo
04w6p	Num.15.13	אֵ֑לֶּה	428	HPdxcp
04zvK	Num.15.13	לְ/הַקְרִ֛יב	l/7126	HR/Vhc
04WN3	Num.15.13	אִשֵּׁ֥ה	801	HNcmsc
04pAG	Num.15.13	רֵֽיחַ	7381	HNcmsc
04EQq	Num.15.13	נִיחֹ֖חַ	5207	HNcmsa
04sau	Num.15.13	לַֽ/יהוָֽה	l/3068	HR/Np
041Ky	Num.15.14	וְ/כִֽי	c/3588 a	HC/C
04biF	Num.15.14	יָגוּר֩	1481 a	HVqi3ms
04ZBP	Num.15.14	אִתְּ/כֶ֨ם	854	HR/Sp2mp
04eMk	Num.15.14	גֵּ֜ר	1616	HNcmsa
04PGV	Num.15.14	א֤וֹ	176 a	HC
04g5K	Num.15.14	אֲשֶֽׁר	834 a	HTr
044mW	Num.15.14	בְּ/תֽוֹכְ/כֶם֙	b/8432	HR/Ncmsc/Sp2mp
04ubw	Num.15.14	לְ/דֹרֹ֣תֵי/כֶ֔ם	l/1755	HR/Ncmpc/Sp2mp
049CS	Num.15.14	וְ/עָשָׂ֛ה	c/6213 a	HC/Vqq3ms
04ozE	Num.15.14	אִשֵּׁ֥ה	801	HNcmsc
04UZ9	Num.15.14	רֵֽיחַ	7381	HNcmsc
04mVu	Num.15.14	נִיחֹ֖חַ	5207	HNcmsa
04yA5	Num.15.14	לַ/יהוָ֑ה	l/3068	HR/Np
04ReA	Num.15.14	כַּ/אֲשֶׁ֥ר	k/834 d	HR/Tr
04uFV	Num.15.14	תַּעֲשׂ֖וּ	6213 a	HVqi2mp
045Ba	Num.15.14	כֵּ֥ן	3651 c	HTm
04c29	Num.15.14	יַעֲשֶֽׂה	6213 a	HVqj3ms
04wMd	Num.15.15	הַ/קָּהָ֕ל	d/6951	HTd/Ncmsa
04YwG	Num.15.15	חֻקָּ֥ה	2708	HNcbsa
04eQh	Num.15.15	אַחַ֛ת	259	HAcfsa
04k7y	Num.15.15	לָ/כֶ֖ם	l	HR/Sp2mp
044Sa	Num.15.15	וְ/לַ/גֵּ֣ר	c/l/1616	HC/Rd/Ncmsa
04p3t	Num.15.15	הַ/גָּ֑ר	d/1481 a	HTd/Vqrmsa
04rzT	Num.15.15	חֻקַּ֤ת	2708	HNcbsc
04y5y	Num.15.15	עוֹלָם֙	5769	HNcmsa
04BAD	Num.15.15	לְ/דֹרֹ֣תֵי/כֶ֔ם	l/1755	HR/Ncmpc/Sp2mp
04MMc	Num.15.15	כָּ/כֶ֛ם	k	HR/Sp2mp
04MJT	Num.15.15	כַּ/גֵּ֥ר	k/1616	HRd/Ncmsa
04w2K	Num.15.15	יִהְיֶ֖ה	1961	HVqi3ms
04NL7	Num.15.15	לִ/פְנֵ֥י	l/6440	HR/Ncbpc
04d52	Num.15.15	יְהוָֽה	3068	HNp
04JUY	Num.15.16	תּוֹרָ֥ה	8451	HNcfsa
04Be7	Num.15.16	אַחַ֛ת	259	HAcfsa
04shA	Num.15.16	וּ/מִשְׁפָּ֥ט	c/4941	HC/Ncmsa
04Hye	Num.15.16	אֶחָ֖ד	259	HAcmsa
04r3P	Num.15.16	יִהְיֶ֣ה	1961	HVqi3ms
04va1	Num.15.16	לָ/כֶ֑ם	l	HR/Sp2mp
04oPC	Num.15.16	וְ/לַ/גֵּ֖ר	c/l/1616	HC/Rd/Ncmsa
04Psb	Num.15.16	הַ/גָּ֥ר	d/1481 a	HTd/Vqrmsa
04wFt	Num.15.16	אִתְּ/כֶֽם	854	HR/Sp2mp
04PpB	Num.15.17	וַ/יְדַבֵּ֥ר	c/1696	HC/Vpw3ms
04qNE	Num.15.17	יְהוָ֖ה	3068	HNp
04Y2L	Num.15.17	אֶל	413	HR
04yLU	Num.15.17	מֹשֶׁ֥ה	4872	HNp
048gt	Num.15.17	לֵּ/אמֹֽר	l/559	HR/Vqc
04JUV	Num.15.18	דַּבֵּר֙	1696	HVpv2ms
04ygy	Num.15.18	אֶל	413	HR
049Tr	Num.15.18	בְּנֵ֣י	1121 a	HNcmpc
04HZA	Num.15.18	יִשְׂרָאֵ֔ל	3478	HNp
04N8P	Num.15.18	וְ/אָמַרְתָּ֖	c/559	HC/Vqq2ms
04XGD	Num.15.18	אֲלֵ/הֶ֑ם	413	HR/Sp3mp
04mBS	Num.15.18	בְּ/בֹֽאֲ/כֶם֙	b/935	HR/Vqc/Sp2mp
04LeT	Num.15.18	אֶל	413	HR
04TvU	Num.15.18	הָ/אָ֔רֶץ	d/776	HTd/Ncbsa
04xHn	Num.15.18	אֲשֶׁ֥ר	834 a	HTr
04B3s	Num.15.18	אֲנִ֛י	589	HPp1cs
04CNE	Num.15.18	מֵבִ֥יא	935	HVhrmsa
04gKa	Num.15.18	אֶתְ/כֶ֖ם	853	HTo/Sp2mp
04whP	Num.15.18	שָֽׁמָּ/ה	8033	HD/Sd
04xd8	Num.15.19	וְ/הָיָ֕ה	c/1961	HC/Vqq3ms
04TR3	Num.15.19	בַּ/אֲכָלְ/כֶ֖ם	b/398	HR/Vqc/Sp2mp
04mba	Num.15.19	מִ/לֶּ֣חֶם	m/3899	HR/Ncbsc
04X9z	Num.15.19	הָ/אָ֑רֶץ	d/776	HTd/Ncbsa
04fix	Num.15.19	תָּרִ֥ימוּ	7311 a	HVhi2mp
04zu5	Num.15.19	תְרוּמָ֖ה	8641	HNcfsa
04jSS	Num.15.19	לַ/יהוָֽה	l/3068	HR/Np
04B98	Num.15.20	רֵאשִׁית֙	7225	HNcfsc
04tji	Num.15.20	עֲרִסֹ֣תֵ/כֶ֔ם	6182	HNcfpc/Sp2mp
04Jsw	Num.15.20	חַלָּ֖ה	2471	HNcfsa
041GA	Num.15.20	תָּרִ֣ימוּ	7311 a	HVhi2mp
04p7f	Num.15.20	תְרוּמָ֑ה	8641	HNcfsa
04E93	Num.15.20	כִּ/תְרוּמַ֣ת	k/8641	HR/Ncfsc
04kqX	Num.15.20	גֹּ֔רֶן	1637	HNcbsa
041je	Num.15.20	כֵּ֖ן	3651 c	HTm
04zEj	Num.15.20	תָּרִ֥ימוּ	7311 a	HVhi2mp
04w3L	Num.15.20	אֹתָֽ/הּ	853	HTo/Sp3fs
04FBV	Num.15.21	מֵ/רֵאשִׁית֙	m/7225	HR/Ncfsc
04tZu	Num.15.21	עֲרִסֹ֣תֵי/כֶ֔ם	6182	HNcfpc/Sp2mp
04ANB	Num.15.21	תִּתְּנ֥וּ	5414	HVqi2mp
04m5d	Num.15.21	לַ/יהוָ֖ה	l/3068	HR/Np
04wc3	Num.15.21	תְּרוּמָ֑ה	8641	HNcfsa
04dLM	Num.15.21	לְ/דֹרֹ֖תֵי/כֶֽם	l/1755	HR/Ncmpc/Sp2mp
04Sk6	Num.15.22	וְ/כִ֣י	c/3588 a	HC/C
04H1q	Num.15.22	תִשְׁגּ֔וּ	7686	HVqi2mp
04RMp	Num.15.22	וְ/לֹ֣א	c/3808	HC/Tn
04DE1	Num.15.22	תַעֲשׂ֔וּ	6213 a	HVqi2mp
04JXW	Num.15.22	אֵ֥ת	853	HTo
04PJn	Num.15.22	כָּל	3605	HNcmsc
04dXu	Num.15.22	הַ/מִּצְוֺ֖ת	d/4687	HTd/Ncfpa
048oD	Num.15.22	הָ/אֵ֑לֶּה	d/428	HTd/Pdxcp
04YAs	Num.15.22	אֲשֶׁר	834 a	HTr
04W4q	Num.15.22	דִּבֶּ֥ר	1696	HVpp3ms
04N6D	Num.15.22	יְהוָ֖ה	3068	HNp
04r3j	Num.15.22	אֶל	413	HR
04RbR	Num.15.22	מֹשֶֽׁה	4872	HNp
04mrh	Num.15.23	אֵת֩	853	HTo
04KDc	Num.15.23	כָּל	3605	HNcmsc
04dmB	Num.15.23	אֲשֶׁ֨ר	834 a	HTr
04Fg5	Num.15.23	צִוָּ֧ה	6680	HVpp3ms
04D4Y	Num.15.23	יְהוָ֛ה	3068	HNp
041yC	Num.15.23	אֲלֵי/כֶ֖ם	413	HR/Sp2mp
04rrj	Num.15.23	בְּ/יַד	b/3027	HR/Ncbsc
04Rn4	Num.15.23	מֹשֶׁ֑ה	4872	HNp
04nrC	Num.15.23	מִן	4480 a	HR
04USe	Num.15.23	הַ/יּ֞וֹם	d/3117	HTd/Ncmsa
04jJP	Num.15.23	אֲשֶׁ֨ר	834 a	HTr
04Ds4	Num.15.23	צִוָּ֧ה	6680	HVpp3ms
04YfC	Num.15.23	יְהוָ֛ה	3068	HNp
04jFh	Num.15.23	וָ/הָ֖לְאָה	c/1973	HC/D
04h2q	Num.15.23	לְ/דֹרֹתֵי/כֶֽם	l/1755	HR/Ncmpc/Sp2mp
04VfW	Num.15.24	וְ/הָיָ֗ה	c/1961	HC/Vqq3ms
04ESV	Num.15.24	אִ֣ם	518 a	HC
048Fj	Num.15.24	מֵ/עֵינֵ֣י	m/5869 a	HR/Ncbdc
04zrr	Num.15.24	הָ/עֵדָה֮	d/5712	HTd/Ncfsa
04qEt	Num.15.24	נֶעֶשְׂתָ֣ה	6213 a	HVNp3fs
045gq	Num.15.24	לִ/שְׁגָגָה֒	l/7684	HR/Ncfsa
04hDV	Num.15.24	וְ/עָשׂ֣וּ	c/6213 a	HC/Vqq3cp
04HYt	Num.15.24	כָל	3605	HNcmsc
04FAv	Num.15.24	הָ/עֵדָ֡ה	d/5712	HTd/Ncfsa
04TWN	Num.15.24	פַּ֣ר	6499	HNcmsa
04BfY	Num.15.24	בֶּן	1121 a	HNcmsc
04Rad	Num.15.24	בָּקָר֩	1241	HNcbsa
04Gcy	Num.15.24	אֶחָ֨ד	259	HAcmsa
04BLC	Num.15.24	לְ/עֹלָ֜ה	l/5930 a	HR/Ncfsa
04uvq	Num.15.24	לְ/רֵ֤יחַ	l/7381	HR/Ncmsc
04fwV	Num.15.24	נִיחֹ֨חַ֙	5207	HNcmsa
04vpD	Num.15.24	לַֽ/יהוָ֔ה	l/3068	HR/Np
042F5	Num.15.24	וּ/מִנְחָת֥/וֹ	c/4503	HC/Ncfsc/Sp3ms
04dHB	Num.15.24	וְ/נִסְכּ֖/וֹ	c/5262	HC/Ncmsc/Sp3ms
04A8D	Num.15.24	כַּ/מִּשְׁפָּ֑ט	k/4941	HRd/Ncmsa
04hrv	Num.15.24	וּ/שְׂעִיר	c/8163 b	HC/Ncmsc
04vzq	Num.15.24	עִזִּ֥ים	5795	HNcfpa
04RTB	Num.15.24	אֶחָ֖ד	259	HAcmsa
04rDJ	Num.15.24	לְ/חַטָּֽת	l/2403 b	HR/Ncfsa
04ZbD	Num.15.25	וְ/כִפֶּ֣ר	c/3722 a	HC/Vpq3ms
04pe5	Num.15.25	הַ/כֹּהֵ֗ן	d/3548	HTd/Ncmsa
04Gfh	Num.15.25	עַֽל	5921 a	HR
04sZ7	Num.15.25	כָּל	3605	HNcmsc
04xT5	Num.15.25	עֲדַ֛ת	5712	HNcfsc
04PfR	Num.15.25	בְּנֵ֥י	1121 a	HNcmpc
04oeK	Num.15.25	יִשְׂרָאֵ֖ל	3478	HNp
04poP	Num.15.25	וְ/נִסְלַ֣ח	c/5545	HC/VNp3ms
04ZRV	Num.15.25	לָ/הֶ֑ם	l	HR/Sp3mp
0485A	Num.15.25	כִּֽי	3588 a	HC
04NbA	Num.15.25	שְׁגָגָ֣ה	7684	HNcfsa
04XRR	Num.15.25	הִ֔וא	1931	HPp3fs
04cYP	Num.15.25	וְ/הֵם֩	c/1992	HC/Pp3mp
04gVU	Num.15.25	הֵבִ֨יאוּ	935	HVhp3cp
04r2X	Num.15.25	אֶת	853	HTo
04Zzp	Num.15.25	קָרְבָּנָ֜/ם	7133 a	HNcmsc/Sp3mp
04qoq	Num.15.25	אִשֶּׁ֣ה	801	HNcmsa
04w9K	Num.15.25	לַֽ/יהוָ֗ה	l/3068	HR/Np
04dir	Num.15.25	וְ/חַטָּאתָ֛/ם	c/2403 b	HC/Ncfsc/Sp3mp
04E6H	Num.15.25	לִ/פְנֵ֥י	l/6440	HR/Ncbpc
049ov	Num.15.25	יְהוָ֖ה	3068	HNp
04BYz	Num.15.25	עַל	5921 a	HR
04HXB	Num.15.25	שִׁגְגָתָֽ/ם	7684	HNcfsc/Sp3mp
04TmX	Num.15.26	וְ/נִסְלַ֗ח	c/5545	HC/VNp3ms
04LiC	Num.15.26	לְ/כָל	l/3605	HR/Ncmsc
048kj	Num.15.26	עֲדַת֙	5712	HNcfsc
04mCW	Num.15.26	בְּנֵ֣י	1121 a	HNcmpc
04gqX	Num.15.26	יִשְׂרָאֵ֔ל	3478	HNp
04Df6	Num.15.26	וְ/לַ/גֵּ֖ר	c/l/1616	HC/Rd/Ncmsa
04oMA	Num.15.26	הַ/גָּ֣ר	d/1481 a	HTd/Vqrmsa
04Mcf	Num.15.26	בְּ/תוֹכָ֑/ם	b/8432	HR/Ncmsc/Sp3mp
04uXp	Num.15.26	כִּ֥י	3588 a	HC
048qn	Num.15.26	לְ/כָל	l/3605	HR/Ncmsc
04DX6	Num.15.26	הָ/עָ֖ם	d/5971 a	HTd/Ncmsa
04A18	Num.15.26	בִּ/שְׁגָגָֽה	b/7684	HR/Ncfsa
04iSv	Num.15.27	וְ/אִם	c/518 a	HC/C
04qx9	Num.15.27	נֶ֥פֶשׁ	5315	HNcbsa
04qBT	Num.15.27	אַחַ֖ת	259	HAcfsa
04jYZ	Num.15.27	תֶּחֱטָ֣א	2398	HVqi3fs
04Az7	Num.15.27	בִ/שְׁגָגָ֑ה	b/7684	HR/Ncfsa
04d3f	Num.15.27	וְ/הִקְרִ֛יבָה	c/7126	HC/Vhq3fs
04byp	Num.15.27	עֵ֥ז	5795	HNcfsa
04pWc	Num.15.27	בַּת	1323	HNcfsc
04GcR	Num.15.27	שְׁנָתָ֖/הּ	8141	HNcfsc/Sp3fs
04NKo	Num.15.27	לְ/חַטָּֽאת	l/2403 b	HR/Ncfsa
04qzH	Num.15.28	וְ/כִפֶּ֣ר	c/3722 a	HC/Vpq3ms
04ADc	Num.15.28	הַ/כֹּהֵ֗ן	d/3548	HTd/Ncmsa
04p3z	Num.15.28	עַל	5921 a	HR
048BY	Num.15.28	הַ/נֶּ֧פֶשׁ	d/5315	HTd/Ncbsa
04g6B	Num.15.28	הַ/שֹּׁגֶ֛גֶת	d/7684	HTd/Vqrfsa
044LX	Num.15.28	בְּ/חֶטְאָ֥ה	b/2398	HR/Ncfsa
04kze	Num.15.28	בִ/שְׁגָגָ֖ה	b/7683	HR/Ncfsa
04CJA	Num.15.28	לִ/פְנֵ֣י	l/6440	HR/Ncbpc
04FmZ	Num.15.28	יְהוָ֑ה	3068	HNp
04nZ5	Num.15.28	לְ/כַפֵּ֥ר	l/3722 a	HR/Vpc
04q5L	Num.15.28	עָלָ֖י/ו	5921 a	HR/Sp3ms
04htW	Num.15.28	וְ/נִסְלַ֥ח	c/5545	HC/VNp3ms
04YCR	Num.15.28	לֽ/וֹ	l	HR/Sp3ms
04Tng	Num.15.29	הָֽ/אֶזְרָח֙	d/249	HTd/Ncmsa
04AG9	Num.15.29	בִּ/בְנֵ֣י	b/1121 a	HR/Ncmpc
04veU	Num.15.29	יִשְׂרָאֵ֔ל	3478	HNp
04CoA	Num.15.29	וְ/לַ/גֵּ֖ר	c/l/1616	HC/Rd/Ncmsa
04rKD	Num.15.29	הַ/גָּ֣ר	d/1481 a	HTd/Vqrmsa
047RJ	Num.15.29	בְּ/תוֹכָ֑/ם	b/8432	HR/Ncmsc/Sp3mp
0457Q	Num.15.29	תּוֹרָ֤ה	8451	HNcfsa
04SqN	Num.15.29	אַחַת֙	259	HAcfsa
04AMy	Num.15.29	יִהְיֶ֣ה	1961	HVqi3ms
04U3z	Num.15.29	לָ/כֶ֔ם	l	HR/Sp2mp
04SGK	Num.15.29	לָ/עֹשֶׂ֖ה	l/6213 a	HRd/Vqrmsa
04Qtc	Num.15.29	בִּ/שְׁגָגָֽה	b/7684	HR/Ncfsa
04MiW	Num.15.30	וְ/הַ/נֶּ֜פֶשׁ	c/d/5315	HC/Td/Ncbsa
04LQC	Num.15.30	אֲשֶֽׁר	834 a	HTr
043df	Num.15.30	תַּעֲשֶׂ֣ה	6213 a	HVqi3fs
0461t	Num.15.30	בְּ/יָ֣ד	b/3027	HR/Ncbsa
04g9U	Num.15.30	רָמָ֗ה	7411 b	HVqrfsa
04J78	Num.15.30	מִן	4480 a	HR
04Mf9	Num.15.30	הָֽ/אֶזְרָח֙	d/249	HTd/Ncmsa
04ARq	Num.15.30	וּ/מִן	c/4480 a	HC/R
04W24	Num.15.30	הַ/גֵּ֔ר	d/1616	HTd/Ncmsa
04Sau	Num.15.30	אֶת	853	HTo
04sbY	Num.15.30	יְהוָ֖ה	3068	HNp
04oxz	Num.15.30	ה֣וּא	1931	HPp3ms
04ZpB	Num.15.30	מְגַדֵּ֑ף	1442	HVprmsa
041bx	Num.15.30	וְ/נִכְרְתָ֛ה	c/3772	HC/VNq3fs
04xRA	Num.15.30	הַ/נֶּ֥פֶשׁ	d/5315	HTd/Ncbsa
04CvE	Num.15.30	הַ/הִ֖וא	d/1931	HTd/Pp3fs
04Naj	Num.15.30	מִ/קֶּ֥רֶב	m/7130	HR/Ncmsc
04mc7	Num.15.30	עַמָּֽ/הּ	5971 a	HNcmsc/Sp3fs
04HDd	Num.15.31	כִּ֤י	3588 a	HC
046Lu	Num.15.31	דְבַר	1697	HNcmsc
04Bre	Num.15.31	יְהוָה֙	3068	HNp
04wyD	Num.15.31	בָּזָ֔ה	959	HVqp3ms
049v5	Num.15.31	וְ/אֶת	c/853	HC/To
04uBa	Num.15.31	מִצְוָת֖/וֹ	4687	HNcfsc/Sp3ms
046e3	Num.15.31	הֵפַ֑ר	6565 a	HVhp3ms
04Gmz	Num.15.31	הִכָּרֵ֧ת	3772	HVNa
044Zj	Num.15.31	תִּכָּרֵ֛ת	3772	HVNi3fs
045jS	Num.15.31	הַ/נֶּ֥פֶשׁ	d/5315	HTd/Ncbsa
042oN	Num.15.31	הַ/הִ֖וא	d/1931	HTd/Pp3fs
04xTt	Num.15.31	עֲוֺנָ֥/ה	5771	HNcbsc/Sp3fs
049sn	Num.15.31	בָֽ/הּ	b	HR/Sp3fs
04Hwe	Num.15.32	וַ/יִּהְי֥וּ	c/1961	HC/Vqw3mp
04pQs	Num.15.32	בְנֵֽי	1121 a	HNcmpc
046DP	Num.15.32	יִשְׂרָאֵ֖ל	3478	HNp
04t2h	Num.15.32	בַּ/מִּדְבָּ֑ר	b/4057 b	HRd/Ncmsa
042HK	Num.15.32	וַֽ/יִּמְצְא֗וּ	c/4672	HC/Vqw3mp
04Ews	Num.15.32	אִ֛ישׁ	376	HNcmsa
04PUW	Num.15.32	מְקֹשֵׁ֥שׁ	7197 a	HVmrmsa
04zuK	Num.15.32	עֵצִ֖ים	6086	HNcmpa
04JQu	Num.15.32	בְּ/י֥וֹם	b/3117	HR/Ncmsc
04ErE	Num.15.32	הַ/שַּׁבָּֽת	d/7676	HTd/Ncbsa
04Lcm	Num.15.33	וַ/יַּקְרִ֣יבוּ	c/7126	HC/Vhw3mp
041X7	Num.15.33	אֹת֔/וֹ	853	HTo/Sp3ms
0489D	Num.15.33	הַ/מֹּצְאִ֥ים	d/4672	HTd/Vqrmpa
04GQ6	Num.15.33	אֹת֖/וֹ	853	HTo/Sp3ms
04qbK	Num.15.33	מְקֹשֵׁ֣שׁ	7197 a	HVmrmsa
04iS8	Num.15.33	עֵצִ֑ים	6086	HNcmpa
04dHp	Num.15.33	אֶל	413	HR
04p5f	Num.15.33	מֹשֶׁה֙	4872	HNp
04DJ7	Num.15.33	וְ/אֶֽל	c/413	HC/R
04cbQ	Num.15.33	אַהֲרֹ֔ן	175	HNp
04xRe	Num.15.33	וְ/אֶ֖ל	c/413	HC/R
04ZFs	Num.15.33	כָּל	3605	HNcmsc
04H6b	Num.15.33	הָ/עֵדָֽה	d/5712	HTd/Ncfsa
04JGX	Num.15.34	וַ/יַּנִּ֥יחוּ	c/3240	HC/Vhw3mp
04rb5	Num.15.34	אֹת֖/וֹ	853	HTo/Sp3ms
04saF	Num.15.34	בַּ/מִּשְׁמָ֑ר	b/4929	HRd/Ncmsa
04URH	Num.15.34	כִּ֚י	3588 a	HC
044Bm	Num.15.34	לֹ֣א	3808	HTn
04AEb	Num.15.34	פֹרַ֔שׁ	6567 a	HVPp3ms
04aam	Num.15.34	מַה	4100	HTi
04LQ5	Num.15.34	יֵּעָשֶׂ֖ה	6213 a	HVNi3ms
04sB6	Num.15.34	לֽ/וֹ	l	HR/Sp3ms
04AD1	Num.15.35	וַ/יֹּ֤אמֶר	c/559	HC/Vqw3ms
04VV7	Num.15.35	יְהוָה֙	3068	HNp
04trR	Num.15.35	אֶל	413	HR
04xPR	Num.15.35	מֹשֶׁ֔ה	4872	HNp
04oKK	Num.15.35	מ֥וֹת	4191	HVqa
04yyH	Num.15.35	יוּמַ֖ת	4191	HVHi3ms
04LPs	Num.15.35	הָ/אִ֑ישׁ	d/376	HTd/Ncmsa
04XWM	Num.15.35	רָג֨וֹם	7275	HVqa
04jwr	Num.15.35	אֹת֤/וֹ	853	HTo/Sp3ms
04qua	Num.15.35	בָֽ/אֲבָנִים֙	b/68	HRd/Ncfpa
04ky1	Num.15.35	כָּל	3605	HNcmsc
04Ag3	Num.15.35	הָ֣/עֵדָ֔ה	d/5712	HTd/Ncfsa
04PK4	Num.15.35	מִ/ח֖וּץ	m/2351	HR/Ncmsa
04Dyz	Num.15.35	לַֽ/מַּחֲנֶֽה	l/4264	HRd/Ncbsa
04zxQ	Num.15.36	וַ/יֹּצִ֨יאוּ	c/3318	HC/Vhw3mp
04TqK	Num.15.36	אֹת֜/וֹ	853	HTo/Sp3ms
04bn2	Num.15.36	כָּל	3605	HNcmsc
04ySt	Num.15.36	הָ/עֵדָ֗ה	d/5712	HTd/Ncfsa
04hyc	Num.15.36	אֶל	413	HR
04vka	Num.15.36	מִ/חוּץ֙	m/2351	HR/Ncmsa
04NTY	Num.15.36	לַֽ/מַּחֲנֶ֔ה	l/4264	HRd/Ncbsa
04nfk	Num.15.36	וַ/יִּרְגְּמ֥וּ	c/7275	HC/Vqw3mp
04pd3	Num.15.36	אֹת֛/וֹ	853	HTo/Sp3ms
04Ash	Num.15.36	בָּ/אֲבָנִ֖ים	b/68	HRd/Ncfpa
049UV	Num.15.36	וַ/יָּמֹ֑ת	c/4191	HC/Vqw3ms
04n7q	Num.15.36	כַּ/אֲשֶׁ֛ר	k/834 d	HR/Tr
048XN	Num.15.36	צִוָּ֥ה	6680	HVpp3ms
04bGY	Num.15.36	יְהוָ֖ה	3068	HNp
04Sqa	Num.15.36	אֶת	853	HTo
04QV1	Num.15.36	מֹשֶֽׁה	4872	HNp
04CDj	Num.15.37	וַ/יֹּ֥אמֶר	c/559	HC/Vqw3ms
04XFL	Num.15.37	יְהוָ֖ה	3068	HNp
0497C	Num.15.37	אֶל	413	HR
04SXF	Num.15.37	מֹשֶׁ֥ה	4872	HNp
04gSv	Num.15.37	לֵּ/אמֹֽר	l/559	HR/Vqc
04GF5	Num.15.38	דַּבֵּ֞ר	1696	HVpv2ms
04XX2	Num.15.38	אֶל	413	HR
04rFn	Num.15.38	בְּנֵ֤י	1121 a	HNcmpc
049SJ	Num.15.38	יִשְׂרָאֵל֙	3478	HNp
042Ps	Num.15.38	וְ/אָמַרְתָּ֣	c/559	HC/Vqq2ms
045gH	Num.15.38	אֲלֵ/הֶ֔ם	413	HR/Sp3mp
04uuJ	Num.15.38	וְ/עָשׂ֨וּ	c/6213 a	HC/Vqq3cp
04FMm	Num.15.38	לָ/הֶ֥ם	l	HR/Sp3mp
04kNs	Num.15.38	צִיצִ֛ת	6734	HNcfsa
04Rxh	Num.15.38	עַל	5921 a	HR
04atm	Num.15.38	כַּנְפֵ֥י	3671	HNcfdc
04XKf	Num.15.38	בִגְדֵי/הֶ֖ם	899 b	HNcmpc/Sp3mp
04vNz	Num.15.38	לְ/דֹרֹתָ֑/ם	l/1755	HR/Ncmpc/Sp3mp
04oQN	Num.15.38	וְ/נָֽתְנ֛וּ	c/5414	HC/Vqq3cp
046xQ	Num.15.38	עַל	5921 a	HR
04zcE	Num.15.38	צִיצִ֥ת	6734	HNcfsc
04rj8	Num.15.38	הַ/כָּנָ֖ף	d/3671	HTd/Ncfsa
04Ap9	Num.15.38	פְּתִ֥יל	6616	HNcmsc
04s51	Num.15.38	תְּכֵֽלֶת	8504	HNcfsa
04Xxq	Num.15.39	וְ/הָיָ֣ה	c/1961	HC/Vqq3ms
04Hio	Num.15.39	לָ/כֶם֮	l	HR/Sp2mp
04mRW	Num.15.39	לְ/צִיצִת֒	l/6734	HR/Ncfsa
04BBb	Num.15.39	וּ/רְאִיתֶ֣ם	c/7200	HC/Vqq2mp
0451b	Num.15.39	אֹת֗/וֹ	853	HTo/Sp3ms
04rJW	Num.15.39	וּ/זְכַרְתֶּם֙	c/2142	HC/Vqq2mp
044Xf	Num.15.39	אֶת	853	HTo
04c89	Num.15.39	כָּל	3605	HNcmsc
04AVx	Num.15.39	מִצְוֺ֣ת	4687	HNcfpc
04cVH	Num.15.39	יְהוָ֔ה	3068	HNp
04xda	Num.15.39	וַ/עֲשִׂיתֶ֖ם	c/6213 a	HC/Vqq2mp
04bZh	Num.15.39	אֹתָ֑/ם	853	HTo/Sp3mp
04j6W	Num.15.39	וְ/לֹֽא	c/3808	HC/Tn
04wgp	Num.15.39	תָתֻ֜רוּ	8446	HVqi2mp
04cfF	Num.15.39	אַחֲרֵ֤י	310 a	HR
04UXY	Num.15.39	לְבַבְ/כֶם֙	3824	HNcmsc/Sp2mp
04iwQ	Num.15.39	וְ/אַחֲרֵ֣י	c/310 a	HC/R
04A33	Num.15.39	עֵֽינֵי/כֶ֔ם	5869 a	HNcbdc/Sp2mp
04BF1	Num.15.39	אֲשֶׁר	834 a	HTr
04xsk	Num.15.39	אַתֶּ֥ם	859 d	HPp2mp
04CmJ	Num.15.39	זֹנִ֖ים	2181	HVqrmpa
04Q6h	Num.15.39	אַחֲרֵי/הֶֽם	310 a	HR/Sp3mp
04RXX	Num.15.40	לְמַ֣עַן	4616	HR
043ku	Num.15.40	תִּזְכְּר֔וּ	2142	HVqi2mp
04VvV	Num.15.40	וַ/עֲשִׂיתֶ֖ם	c/6213 a	HC/Vqq2mp
0452W	Num.15.40	אֶת	853	HTo
04FHV	Num.15.40	כָּל	3605	HNcmsc
04vLx	Num.15.40	מִצְוֺתָ֑/י	4687	HNcfpc/Sp1cs
04E9J	Num.15.40	וִ/הְיִיתֶ֥ם	c/1961	HC/Vqq2mp
04Ywv	Num.15.40	קְדֹשִׁ֖ים	6918	HAampa
04XxP	Num.15.40	לֵֽ/אלֹהֵי/כֶֽם	l/430	HR/Ncmpc/Sp2mp
04NpM	Num.15.41	אֲנִ֞י	589	HPp1cs
046bK	Num.15.41	יְהוָ֣ה	3068	HNp
04Xp8	Num.15.41	אֱלֹֽהֵי/כֶ֗ם	430	HNcmpc/Sp2mp
04Ec1	Num.15.41	אֲשֶׁ֨ר	834 a	HTr
04WDd	Num.15.41	הוֹצֵ֤אתִי	3318	HVhp1cs
04H54	Num.15.41	אֶתְ/כֶם֙	853	HTo/Sp2mp
04UQb	Num.15.41	מֵ/אֶ֣רֶץ	m/776	HR/Ncbsc
041hg	Num.15.41	מִצְרַ֔יִם	4714	HNp
04Fdw	Num.15.41	לִ/הְי֥וֹת	l/1961	HR/Vqc
042kE	Num.15.41	לָ/כֶ֖ם	l	HR/Sp2mp
04Spd	Num.15.41	לֵ/אלֹהִ֑ים	l/430	HR/Ncmpa
04dd7	Num.15.41	אֲנִ֖י	589	HPp1cs
04153	Num.15.41	יְהוָ֥ה	3068	HNp
04hYW	Num.15.41	אֱלֹהֵי/כֶֽם	430	HNcmpc/Sp2mp
04QQR	Num.16.1	וַ/יִּקַּ֣ח	c/3947	HC/Vqw3ms
04j1m	Num.16.1	קֹ֔רַח	7141	HNp
04iCq	Num.16.1	בֶּן	1121 a	HNcmsc
047jm	Num.16.1	יִצְהָ֥ר	3324	HNp
04aBh	Num.16.1	בֶּן	1121 a	HNcmsc
04PWQ	Num.16.1	קְהָ֖ת	6955	HNp
0411E	Num.16.1	בֶּן	1121 a	HNcmsc
04Qi4	Num.16.1	לֵוִ֑י	3878	HNp
04J3C	Num.16.1	וְ/דָתָ֨ן	c/1885	HC/Np
04JvL	Num.16.1	וַ/אֲבִירָ֜ם	c/48	HC/Np
04kuj	Num.16.1	בְּנֵ֧י	1121 a	HNcmpc
04Eg2	Num.16.1	אֱלִיאָ֛ב	446	HNp
04MeU	Num.16.1	וְ/א֥וֹן	c/203	HC/Np
04Ap7	Num.16.1	בֶּן	1121 a	HNcmsc
04SX8	Num.16.1	פֶּ֖לֶת	6431	HNp
04VEh	Num.16.1	בְּנֵ֥י	1121 a	HNcmpc
047PM	Num.16.1	רְאוּבֵֽן	7205	HNp
04S3p	Num.16.2	וַ/יָּקֻ֨מוּ֙	c/6965 b	HC/Vqw3mp
04Cjf	Num.16.2	לִ/פְנֵ֣י	l/6440	HR/Ncbpc
049Hn	Num.16.2	מֹשֶׁ֔ה	4872	HNp
04ATZ	Num.16.2	וַ/אֲנָשִׁ֥ים	c/376	HC/Ncmpa
04sm7	Num.16.2	מִ/בְּנֵֽי	m/1121 a	HR/Ncmpc
04KBq	Num.16.2	יִשְׂרָאֵ֖ל	3478	HNp
04444	Num.16.2	חֲמִשִּׁ֣ים	2572	HAcbpa
04af4	Num.16.2	וּ/מָאתָ֑יִם	c/3967	HC/Acbda
04aur	Num.16.2	נְשִׂיאֵ֥י	5387 a	HNcmpc
04miR	Num.16.2	עֵדָ֛ה	5712	HNcfsa
04SkN	Num.16.2	קְרִאֵ֥י	7148	HAampc
04REw	Num.16.2	מוֹעֵ֖ד	4150	HNcmsa
04Jvd	Num.16.2	אַנְשֵׁי	376	HNcmpc
04or5	Num.16.2	שֵֽׁם	8034	HNcmsa
042gE	Num.16.3	וַ/יִּֽקָּהֲל֞וּ	c/6950	HC/VNw3mp
04TCm	Num.16.3	עַל	5921 a	HR
043Fz	Num.16.3	מֹשֶׁ֣ה	4872	HNp
04vxS	Num.16.3	וְ/עַֽל	c/5921 a	HC/R
04QBy	Num.16.3	אַהֲרֹ֗ן	175	HNp
04HPx	Num.16.3	וַ/יֹּאמְר֣וּ	c/559	HC/Vqw3mp
04K2T	Num.16.3	אֲלֵ/הֶם֮	413	HR/Sp3mp
04JVT	Num.16.3	רַב	7227 a	HAamsa
04HN7	Num.16.3	לָ/כֶם֒	l	HR/Sp2mp
04VhQ	Num.16.3	כִּ֤י	3588 a	HC
04uUs	Num.16.3	כָל	3605	HNcmsc
04YLv	Num.16.3	הָֽ/עֵדָה֙	d/5712	HTd/Ncfsa
04yjM	Num.16.3	כֻּלָּ֣/ם	3605	HNcmsc/Sp3mp
04CzW	Num.16.3	קְדֹשִׁ֔ים	6918	HAampa
04ewW	Num.16.3	וּ/בְ/תוֹכָ֖/ם	c/b/8432	HC/R/Ncmsc/Sp3mp
049mZ	Num.16.3	יְהוָ֑ה	3068	HNp
04rYQ	Num.16.3	וּ/מַדּ֥וּעַ	c/4069	HC/Ti
049hw	Num.16.3	תִּֽתְנַשְּׂא֖וּ	5375	HVti2mp
04bTH	Num.16.3	עַל	5921 a	HR
04gBC	Num.16.3	קְהַ֥ל	6951	HNcmsc
04kqr	Num.16.3	יְהוָֽה	3068	HNp
04Lp8	Num.16.4	וַ/יִּשְׁמַ֣ע	c/8085	HC/Vqw3ms
04d64	Num.16.4	מֹשֶׁ֔ה	4872	HNp
04iFq	Num.16.4	וַ/יִּפֹּ֖ל	c/5307	HC/Vqw3ms
04vxK	Num.16.4	עַל	5921 a	HR
04yof	Num.16.4	פָּנָֽי/ו	6440	HNcbpc/Sp3ms
04oDp	Num.16.5	וַ/יְדַבֵּ֨ר	c/1696	HC/Vpw3ms
04QAJ	Num.16.5	אֶל	413	HR
04bhk	Num.16.5	קֹ֜רַח	7141	HNp
04CGK	Num.16.5	וְ/אֶֽל	c/413	HC/R
04XkE	Num.16.5	כָּל	3605	HNcmsc
04LaG	Num.16.5	עֲדָת/וֹ֮	5712	HNcfsc/Sp3ms
043RD	Num.16.5	לֵ/אמֹר֒	l/559	HR/Vqc
04rid	Num.16.5	בֹּ֠קֶר	1242	HNcmsa
04Evb	Num.16.5	וְ/יֹדַ֨ע	c/3045	HC/Vhj3ms
04fAh	Num.16.5	יְהוָ֧ה	3068	HNp
04VTn	Num.16.5	אֶת	853	HTo
041Ff	Num.16.5	אֲשֶׁר	834 a	HTr
04TqE	Num.16.5	ל֛/וֹ	l	HR/Sp3ms
0458v	Num.16.5	וְ/אֶת	c/853	HC/To
04f5S	Num.16.5	הַ/קָּד֖וֹשׁ	d/6918	HTd/Aamsa
04R8R	Num.16.5	וְ/הִקְרִ֣יב	c/7126	HC/Vhq3ms
043G3	Num.16.5	אֵלָ֑י/ו	413	HR/Sp3ms
04ShE	Num.16.5	וְ/אֵ֛ת	c/853	HC/To
04xk4	Num.16.5	אֲשֶׁ֥ר	834 a	HTr
04SvA	Num.16.5	יִבְחַר	977	HVqi3ms
04cZL	Num.16.5	בּ֖/וֹ	b	HR/Sp3ms
04wcc	Num.16.5	יַקְרִ֥יב	7126	HVhi3ms
045Bn	Num.16.5	אֵלָֽי/ו	413	HR/Sp3ms
04mD7	Num.16.6	זֹ֖את	2063	HPdxfs
04jiL	Num.16.6	עֲשׂ֑וּ	6213 a	HVqv2mp
04id5	Num.16.6	קְחוּ	3947	HVqv2mp
04UWS	Num.16.6	לָ/כֶ֣ם	l	HR/Sp2mp
04oQp	Num.16.6	מַחְתּ֔וֹת	4289	HNcfpa
04yDf	Num.16.6	קֹ֖רַח	7141	HNp
04zJN	Num.16.6	וְ/כָל	c/3605	HC/Ncmsc
04Wfy	Num.16.6	עֲדָתֽ/וֹ	5712	HNcfsc/Sp3ms
04f69	Num.16.7	וּ/תְנ֣וּ	c/5414	HC/Vqv2mp
04hnq	Num.16.7	בָ/הֵ֣ן	b/2004	HR/Sp3fp
049UP	Num.16.7	אֵ֡שׁ	784	HNcbsa
04WgV	Num.16.7	וְ/שִׂימוּ֩	c/7760 a	HC/Vqv2mp
04cVd	Num.16.7	עֲלֵי/הֶ֨ן	5921 a	HR/Sp3fp
042xb	Num.16.7	קְטֹ֜רֶת	7004	HNcfsa
04yF8	Num.16.7	לִ/פְנֵ֤י	l/6440	HR/Ncbpc
04aHR	Num.16.7	יְהוָה֙	3068	HNp
048sC	Num.16.7	מָחָ֔ר	4279	HNcmsa
04ure	Num.16.7	וְ/הָיָ֗ה	c/1961	HC/Vqq3ms
04RJK	Num.16.7	הָ/אִ֛ישׁ	d/376	HTd/Ncmsa
04uCp	Num.16.7	אֲשֶׁר	834 a	HTr
04iNC	Num.16.7	יִבְחַ֥ר	977	HVqi3ms
049jD	Num.16.7	יְהוָ֖ה	3068	HNp
04DTS	Num.16.7	ה֣וּא	1931	HPp3ms
04LQV	Num.16.7	הַ/קָּד֑וֹשׁ	d/6918	HTd/Aamsa
04fA6	Num.16.7	רַב	7227 a	HAamsa
047Rw	Num.16.7	לָ/כֶ֖ם	l	HR/Sp2mp
04XN3	Num.16.7	בְּנֵ֥י	1121 a	HNcmpc
04PHo	Num.16.7	לֵוִֽי	3878	HNp
04RKm	Num.16.8	וַ/יֹּ֥אמֶר	c/559	HC/Vqw3ms
04PbU	Num.16.8	מֹשֶׁ֖ה	4872	HNp
04rD6	Num.16.8	אֶל	413	HR
04dL6	Num.16.8	קֹ֑רַח	7141	HNp
04ZyC	Num.16.8	שִׁמְעוּ	8085	HVqv2mp
04pxD	Num.16.8	נָ֖א	4994	HTe
04NTM	Num.16.8	בְּנֵ֥י	1121 a	HNcmpc
04BVM	Num.16.8	לֵוִֽי	3878	HNp
041Fv	Num.16.9	הַ/מְעַ֣ט	d/4592	HTi/Ncmsa
04G37	Num.16.9	מִ/כֶּ֗ם	m/4480 a	HR/Sp2mp
04GtA	Num.16.9	כִּֽי	3588 a	HC
046Lg	Num.16.9	הִבְדִּיל֩	914	HVhp3ms
04m6w	Num.16.9	אֱלֹהֵ֨י	430	HNcmpc
04ioA	Num.16.9	יִשְׂרָאֵ֤ל	3478	HNp
04BVU	Num.16.9	אֶתְ/כֶם֙	853	HTo/Sp2mp
041vd	Num.16.9	מֵ/עֲדַ֣ת	m/5712	HR/Ncfsc
04FE1	Num.16.9	יִשְׂרָאֵ֔ל	3478	HNp
04FQw	Num.16.9	לְ/הַקְרִ֥יב	l/7126	HR/Vhc
047J8	Num.16.9	אֶתְ/כֶ֖ם	853	HTo/Sp2mp
04qCk	Num.16.9	אֵלָ֑י/ו	413	HR/Sp3ms
04Y7B	Num.16.9	לַ/עֲבֹ֗ד	l/5647	HR/Vqc
04pJg	Num.16.9	אֶת	853	HTo
04ePU	Num.16.9	עֲבֹדַת֙	5656	HNcfsc
04QRm	Num.16.9	מִשְׁכַּ֣ן	4908	HNcmsc
04sjY	Num.16.9	יְהוָ֔ה	3068	HNp
04LFe	Num.16.9	וְ/לַ/עֲמֹ֛ד	c/l/5975	HC/R/Vqc
04HZs	Num.16.9	לִ/פְנֵ֥י	l/6440	HR/Ncbpc
04MMZ	Num.16.9	הָ/עֵדָ֖ה	d/5712	HTd/Ncfsa
04iuh	Num.16.9	לְ/שָׁרְתָֽ/ם	l/8334	HR/Vpc/Sp3mp
041TP	Num.16.10	וַ/יַּקְרֵב֙	c/7126	HC/Vhw3ms
04Muu	Num.16.10	אֹֽתְ/ךָ֔	853	HTo/Sp2ms
04JXG	Num.16.10	וְ/אֶת	c/853	HC/To
04V7e	Num.16.10	כָּל	3605	HNcmsc
04zEv	Num.16.10	אַחֶ֥י/ךָ	251	HNcmpc/Sp2ms
04Az9	Num.16.10	בְנֵי	1121 a	HNcmpc
04KsP	Num.16.10	לֵוִ֖י	3878	HNp
0457u	Num.16.10	אִתָּ֑/ךְ	854	HR/Sp2fs
04XUn	Num.16.10	וּ/בִקַּשְׁתֶּ֖ם	c/1245	HC/Vpq2mp
04mnU	Num.16.10	גַּם	1571	HTa
043uB	Num.16.10	כְּהֻנָּֽה	3550	HNcfsa
04bE2	Num.16.11	לָ/כֵ֗ן	l/3651 c	HR/D
04kyK	Num.16.11	אַתָּה֙	859 a	HPp2ms
04AcS	Num.16.11	וְ/כָל	c/3605	HC/Ncmsc
04Ui1	Num.16.11	עֲדָ֣תְ/ךָ֔	5712	HNcfsc/Sp2ms
04qzt	Num.16.11	הַ/נֹּעָדִ֖ים	d/3259	HTd/VNrmpa
041Yv	Num.16.11	עַל	5921 a	HR
04unw	Num.16.11	יְהוָ֑ה	3068	HNp
04xed	Num.16.11	וְ/אַהֲרֹ֣ן	c/175	HC/Np
04Ld9	Num.16.11	מַה	4100	HTi
04mVS	Num.16.11	ה֔וּא	1931	HPp3ms
04LHh	Num.16.11	כִּ֥י	3588 a	HC
04vvz	Num.16.11	תלונו	3885 b	HVhi2mp
04h7f	Num.16.11	תַלִּ֖ינוּ	3885 b	HVhi2mp
04ai6	Num.16.11	עָלָֽי/ו	5921 a	HR/Sp3ms
04PHM	Num.16.12	וַ/יִּשְׁלַ֣ח	c/7971	HC/Vqw3ms
04Loh	Num.16.12	מֹשֶׁ֔ה	4872	HNp
04jbt	Num.16.12	לִ/קְרֹ֛א	l/7121	HR/Vqc
04whp	Num.16.12	לְ/דָתָ֥ן	l/1885	HR/Np
04DeS	Num.16.12	וְ/לַ/אֲבִירָ֖ם	c/l/48	HC/R/Np
04TDX	Num.16.12	בְּנֵ֣י	1121 a	HNcmpc
04kew	Num.16.12	אֱלִיאָ֑ב	446	HNp
044a7	Num.16.12	וַ/יֹּאמְר֖וּ	c/559	HC/Vqw3mp
04Vw1	Num.16.12	לֹ֥א	3808	HTn
04AbP	Num.16.12	נַעֲלֶֽה	5927	HVqi1cp
04XC7	Num.16.13	הַ/מְעַ֗ט	d/4592	HTi/Ncmsa
04kSM	Num.16.13	כִּ֤י	3588 a	HC
047Wp	Num.16.13	הֶֽעֱלִיתָ֨/נוּ֙	5927	HVhp2ms/Sp1cp
04i1E	Num.16.13	מֵ/אֶ֨רֶץ	m/776	HR/Ncbsa
04Aby	Num.16.13	זָבַ֤ת	2100	HVqrfsc
04dEB	Num.16.13	חָלָב֙	2461	HNcmsa
04fQk	Num.16.13	וּ/דְבַ֔שׁ	c/1706	HC/Ncmsa
04bgn	Num.16.13	לַ/הֲמִיתֵ֖/נוּ	l/4191	HR/Vhc/Sp1cp
04TM2	Num.16.13	בַּ/מִּדְבָּ֑ר	b/4057 b	HRd/Ncmsa
04k7d	Num.16.13	כִּֽי	3588 a	HC
04WXj	Num.16.13	תִשְׂתָּרֵ֥ר	8323	HVti2ms
04Dkb	Num.16.13	עָלֵ֖י/נוּ	5921 a	HR/Sp1cp
04JBA	Num.16.13	גַּם	1571	HTa
04ZFp	Num.16.13	הִשְׂתָּרֵֽר	8323	HVta
04jzs	Num.16.14	אַ֡ף	637	HTa
04SJc	Num.16.14	לֹ֣א	3808	HTn
04drC	Num.16.14	אֶל	413	HR
04UiC	Num.16.14	אֶרֶץ֩	776	HNcbsa
04qKv	Num.16.14	זָבַ֨ת	2100	HVqrfsc
04CuC	Num.16.14	חָלָ֤ב	2461	HNcmsa
04CZ7	Num.16.14	וּ/דְבַשׁ֙	c/1706	HC/Ncmsa
04vXD	Num.16.14	הֲבִ֣יאֹתָ֔/נוּ	935	HVhp2ms/Sp1cp
04Ph4	Num.16.14	וַ/תִּ֨תֶּן	c/5414	HC/Vqw2ms
04YV4	Num.16.14	לָ֔/נוּ	l	HR/Sp1cp
04XUH	Num.16.14	נַחֲלַ֖ת	5159	HNcfsc
041ZZ	Num.16.14	שָׂדֶ֣ה	7704 b	HNcmsa
04QGw	Num.16.14	וָ/כָ֑רֶם	c/3754	HC/Ncbsa
04phZ	Num.16.14	הַ/עֵינֵ֞י	i/5869 a	HTi/Ncbdc
04ytA	Num.16.14	הָ/אֲנָשִׁ֥ים	d/376	HTd/Ncmpa
04dor	Num.16.14	הָ/הֵ֛ם	d/1992	HTd/Pp3mp
04kRt	Num.16.14	תְּנַקֵּ֖ר	5365	HVpi2ms
04p5S	Num.16.14	לֹ֥א	3808	HTn
046AX	Num.16.14	נַעֲלֶֽה	5927	HVqi1cp
04rCA	Num.16.15	וַ/יִּ֤חַר	c/2734	HC/Vqw3ms
04st4	Num.16.15	לְ/מֹשֶׁה֙	l/4872	HR/Np
04xDN	Num.16.15	מְאֹ֔ד	3966	HD
04uhF	Num.16.15	וַ/יֹּ֨אמֶר֙	c/559	HC/Vqw3ms
04Feh	Num.16.15	אֶל	413	HR
04Uiv	Num.16.15	יְהוָ֔ה	3068	HNp
04qY1	Num.16.15	אַל	408	HTn
04Eh1	Num.16.15	תֵּ֖פֶן	6437	HVqj2ms
04TcL	Num.16.15	אֶל	413	HR
0457W	Num.16.15	מִנְחָתָ֑/ם	4503	HNcfsc/Sp3mp
048WE	Num.16.15	לֹ֠א	3808	HTn
04sZh	Num.16.15	חֲמ֨וֹר	2543	HNcbsa
04hW6	Num.16.15	אֶחָ֤ד	259	HAcmsa
04Fjn	Num.16.15	מֵ/הֶם֙	m	HR/Sp3mp
04NMJ	Num.16.15	נָשָׂ֔אתִי	5375	HVqp1cs
04KgD	Num.16.15	וְ/לֹ֥א	c/3808	HC/Tn
04o41	Num.16.15	הֲרֵעֹ֖תִי	7489 a	HVhp1cs
04Q19	Num.16.15	אֶת	853	HTo
04M82	Num.16.15	אַחַ֥ד	259	HAcmsa
04FQt	Num.16.15	מֵ/הֶֽם	m	HR/Sp3mp
046U3	Num.16.16	וַ/יֹּ֤אמֶר	c/559	HC/Vqw3ms
0477g	Num.16.16	מֹשֶׁה֙	4872	HNp
04Njc	Num.16.16	אֶל	413	HR
04vvs	Num.16.16	קֹ֔רַח	7141	HNp
04kh1	Num.16.16	אַתָּה֙	859 a	HPp2ms
04HfB	Num.16.16	וְ/כָל	c/3605	HC/Ncmsc
041Hv	Num.16.16	עֲדָ֣תְ/ךָ֔	5712	HNcfsc/Sp2ms
04y4b	Num.16.16	הֱי֖וּ	1961	HVqv2mp
04ULW	Num.16.16	לִ/פְנֵ֣י	l/6440	HR/Ncbpc
04GUN	Num.16.16	יְהוָ֑ה	3068	HNp
04yfp	Num.16.16	אַתָּ֥ה	859 a	HPp2ms
04szn	Num.16.16	וָ/הֵ֛ם	c/1992	HC/Pp3mp
04334	Num.16.16	וְ/אַהֲרֹ֖ן	c/175	HC/Np
04Qde	Num.16.16	מָחָֽר	4279	HNcmsa
04K62	Num.16.17	וּ/קְח֣וּ	c/3947	HC/Vqv2mp
04dBK	Num.16.17	אִ֣ישׁ	376	HNcmsa
04J89	Num.16.17	מַחְתָּת֗/וֹ	4289	HNcfsc/Sp3ms
04iLi	Num.16.17	וּ/נְתַתֶּ֤ם	c/5414	HC/Vqq2mp
04tFm	Num.16.17	עֲלֵי/הֶם֙	5921 a	HR/Sp3mp
04kxU	Num.16.17	קְטֹ֔רֶת	7004	HNcfsa
04Wsw	Num.16.17	וְ/הִקְרַבְתֶּ֞ם	c/7126	HC/Vhq2mp
04BjS	Num.16.17	לִ/פְנֵ֤י	l/6440	HR/Ncbpc
04Xcv	Num.16.17	יְהוָה֙	3068	HNp
04PRu	Num.16.17	אִ֣ישׁ	376	HNcmsa
04mZG	Num.16.17	מַחְתָּת֔/וֹ	4289	HNcfsc/Sp3ms
04BVn	Num.16.17	חֲמִשִּׁ֥ים	2572	HAcbpa
04FZr	Num.16.17	וּ/מָאתַ֖יִם	c/3967	HC/Acbda
04upQ	Num.16.17	מַחְתֹּ֑ת	4289	HNcfpa
04VzQ	Num.16.17	וְ/אַתָּ֥ה	c/859 a	HC/Pp2ms
04Ym9	Num.16.17	וְ/אַהֲרֹ֖ן	c/175	HC/Np
04xhV	Num.16.17	אִ֥ישׁ	376	HNcmsa
04rLw	Num.16.17	מַחְתָּתֽ/וֹ	4289	HNcfsc/Sp3ms
04tc3	Num.16.18	וַ/יִּקְח֞וּ	c/3947	HC/Vqw3mp
04Asj	Num.16.18	אִ֣ישׁ	376	HNcmsa
04ZFJ	Num.16.18	מַחְתָּת֗/וֹ	4289	HNcfsc/Sp3ms
04G2v	Num.16.18	וַ/יִּתְּנ֤וּ	c/5414	HC/Vqw3mp
04pGd	Num.16.18	עֲלֵי/הֶם֙	5921 a	HR/Sp3mp
04S8b	Num.16.18	אֵ֔שׁ	784	HNcbsa
04QfR	Num.16.18	וַ/יָּשִׂ֥ימוּ	c/7760 a	HC/Vqw3mp
04a9L	Num.16.18	עֲלֵי/הֶ֖ם	5921 a	HR/Sp3mp
0487i	Num.16.18	קְטֹ֑רֶת	7004	HNcfsa
04HbV	Num.16.18	וַֽ/יַּעַמְד֗וּ	c/5975	HC/Vqw3mp
048Ef	Num.16.18	פֶּ֛תַח	6607	HNcmsc
04Jx8	Num.16.18	אֹ֥הֶל	168	HNcmsc
04BdY	Num.16.18	מוֹעֵ֖ד	4150	HNcmsa
04Wgk	Num.16.18	וּ/מֹשֶׁ֥ה	c/4872	HC/Np
047KL	Num.16.18	וְ/אַהֲרֹֽן	c/175	HC/Np
04uD3	Num.16.19	וַ/יַּקְהֵ֨ל	c/6950	HC/Vhw3ms
04Chs	Num.16.19	עֲלֵי/הֶ֥ם	5921 a	HR/Sp3mp
04yyk	Num.16.19	קֹ֨רַח֙	7141	HNp
04hcZ	Num.16.19	אֶת	853	HTo
04dNA	Num.16.19	כָּל	3605	HNcmsc
04RpE	Num.16.19	הָ֣/עֵדָ֔ה	d/5712	HTd/Ncfsa
04q3b	Num.16.19	אֶל	413	HR
04PeM	Num.16.19	פֶּ֖תַח	6607	HNcmsc
04RXz	Num.16.19	אֹ֣הֶל	168	HNcmsc
04aju	Num.16.19	מוֹעֵ֑ד	4150	HNcmsa
049mk	Num.16.19	וַ/יֵּרָ֥א	c/7200	HC/VNw3ms
04dWz	Num.16.19	כְבוֹד	3519	HNcbsc
04hpc	Num.16.19	יְהוָ֖ה	3068	HNp
0465B	Num.16.19	אֶל	413	HR
0459k	Num.16.19	כָּל	3605	HNcmsc
04G4x	Num.16.19	הָ/עֵדָֽה	d/5712	HTd/Ncfsa
04D9r	Num.16.20	וַ/יְדַבֵּ֣ר	c/1696	HC/Vpw3ms
04Fn5	Num.16.20	יְהוָ֔ה	3068	HNp
04u2c	Num.16.20	אֶל	413	HR
04aLU	Num.16.20	מֹשֶׁ֥ה	4872	HNp
04zxD	Num.16.20	וְ/אֶֽל	c/413	HC/R
04qCS	Num.16.20	אַהֲרֹ֖ן	175	HNp
04Rt6	Num.16.20	לֵ/אמֹֽר	l/559	HR/Vqc
04fKp	Num.16.21	הִבָּ֣דְל֔וּ	914	HVNv2mp
04Zcg	Num.16.21	מִ/תּ֖וֹךְ	m/8432	HR/Ncmsc
04ySA	Num.16.21	הָ/עֵדָ֣ה	d/5712	HTd/Ncfsa
04qsK	Num.16.21	הַ/זֹּ֑את	d/2063	HTd/Pdxfs
04dUR	Num.16.21	וַ/אַכַלֶּ֥ה	c/3615	HC/Vph1cs
04Xge	Num.16.21	אֹתָ֖/ם	853	HTo/Sp3mp
04cxE	Num.16.21	כְּ/רָֽגַע	k/7281	HR/Ncmsa
04NhT	Num.16.22	וַ/יִּפְּל֤וּ	c/5307	HC/Vqw3mp
048rt	Num.16.22	עַל	5921 a	HR
04FSn	Num.16.22	פְּנֵי/הֶם֙	6440	HNcbpc/Sp3mp
04ABP	Num.16.22	וַ/יֹּ֣אמְר֔וּ	c/559	HC/Vqw3mp
0475p	Num.16.22	אֵ֕ל	410	HNcmsa
04Zaf	Num.16.22	אֱלֹהֵ֥י	430	HNcmpc
04PSe	Num.16.22	הָ/רוּחֹ֖ת	d/7307	HTd/Ncbpa
04xN1	Num.16.22	לְ/כָל	l/3605	HR/Ncmsc
04Xkg	Num.16.22	בָּשָׂ֑ר	1320	HNcmsa
04vQX	Num.16.22	הָ/אִ֤ישׁ	d/376	HTd/Ncmsa
04Vn9	Num.16.22	אֶחָד֙	259	HAcmsa
04GiN	Num.16.22	יֶחֱטָ֔א	2398	HVqi3ms
04c4u	Num.16.22	וְ/עַ֥ל	c/5921 a	HC/R
04ukD	Num.16.22	כָּל	3605	HNcmsc
04Cqq	Num.16.22	הָ/עֵדָ֖ה	d/5712	HTd/Ncfsa
04GM2	Num.16.22	תִּקְצֹֽף	7107	HVqi2ms
04Nac	Num.16.23	וַ/יְדַבֵּ֥ר	c/1696	HC/Vpw3ms
047qo	Num.16.23	יְהוָ֖ה	3068	HNp
04htN	Num.16.23	אֶל	413	HR
049N7	Num.16.23	מֹשֶׁ֥ה	4872	HNp
04vNp	Num.16.23	לֵּ/אמֹֽר	l/559	HR/Vqc
04vJK	Num.16.24	דַּבֵּ֥ר	1696	HVpv2ms
04ZQ4	Num.16.24	אֶל	413	HR
04Aoa	Num.16.24	הָ/עֵדָ֖ה	d/5712	HTd/Ncfsa
04g1p	Num.16.24	לֵ/אמֹ֑ר	l/559	HR/Vqc
04xBa	Num.16.24	הֵֽעָלוּ֙	5927	HVNv2mp
04av2	Num.16.24	מִ/סָּבִ֔יב	m/5439	HR/Ncbsa
04cwV	Num.16.24	לְ/מִשְׁכַּן	l/4908	HR/Ncmsc
04TAc	Num.16.24	קֹ֖רַח	7141	HNp
04WW6	Num.16.24	דָּתָ֥ן	1885	HNp
04hnS	Num.16.24	וַ/אֲבִירָֽם	c/48	HC/Np
04w1B	Num.16.25	וַ/יָּ֣קָם	c/6965 b	HC/Vqw3ms
04gSp	Num.16.25	מֹשֶׁ֔ה	4872	HNp
04HpS	Num.16.25	וַ/יֵּ֖לֶךְ	c/3212	HC/Vqw3ms
041h7	Num.16.25	אֶל	413	HR
04yT7	Num.16.25	דָּתָ֣ן	1885	HNp
04YRx	Num.16.25	וַ/אֲבִירָ֑ם	c/48	HC/Np
04FHT	Num.16.25	וַ/יֵּלְכ֥וּ	c/3212	HC/Vqw3mp
04dPE	Num.16.25	אַחֲרָ֖י/ו	310 a	HR/Sp3ms
04XrC	Num.16.25	זִקְנֵ֥י	2205	HAampc
04uiX	Num.16.25	יִשְׂרָאֵֽל	3478	HNp
0425p	Num.16.26	וַ/יְדַבֵּ֨ר	c/1696	HC/Vpw3ms
04HVF	Num.16.26	אֶל	413	HR
04m2K	Num.16.26	הָ/עֵדָ֜ה	d/5712	HTd/Ncfsa
0467o	Num.16.26	לֵ/אמֹ֗ר	l/559	HR/Vqc
04njm	Num.16.26	ס֣וּרוּ	5493	HVqv2mp
04b7Q	Num.16.26	נָ֡א	4994	HTe
04SVW	Num.16.26	מֵ/עַל֩	m/5921 a	HR/R
04ZYw	Num.16.26	אָהֳלֵ֨י	168	HNcmpc
049yq	Num.16.26	הָ/אֲנָשִׁ֤ים	d/376	HTd/Ncmpa
04dWR	Num.16.26	הָֽ/רְשָׁעִים֙	d/7563	HTd/Aampa
04hto	Num.16.26	הָ/אֵ֔לֶּה	d/428	HTd/Pdxcp
04d9Z	Num.16.26	וְ/אַֽל	c/408	HC/Tn
04G9m	Num.16.26	תִּגְּע֖וּ	5060	HVqj2mp
04io6	Num.16.26	בְּ/כָל	b/3605	HR/Ncmsc
04xWm	Num.16.26	אֲשֶׁ֣ר	834 a	HTr
04dsU	Num.16.26	לָ/הֶ֑ם	l	HR/Sp3mp
04bYp	Num.16.26	פֶּן	6435	HC
045Qo	Num.16.26	תִּסָּפ֖וּ	5595	HVNi2mp
04Ayf	Num.16.26	בְּ/כָל	b/3605	HR/Ncmsc
04XSV	Num.16.26	חַטֹּאתָֽ/ם	2403 b	HNcfpc/Sp3mp
04tA7	Num.16.27	וַ/יֵּעָל֗וּ	c/5927	HC/VNw3mp
048UE	Num.16.27	מֵ/עַ֧ל	m/5921 a	HR/R
04vD9	Num.16.27	מִשְׁכַּן	4908	HNcmsc
04c2q	Num.16.27	קֹ֛רֶח	7141	HNp
04ArC	Num.16.27	דָּתָ֥ן	1885	HNp
04L4t	Num.16.27	וַ/אֲבִירָ֖ם	c/48	HC/Np
04tBV	Num.16.27	מִ/סָּבִ֑יב	m/5439	HR/Ncbsa
04sP7	Num.16.27	וְ/דָתָ֨ן	c/1885	HC/Np
04HaF	Num.16.27	וַ/אֲבִירָ֜ם	c/48	HC/Np
04r1k	Num.16.27	יָצְא֣וּ	3318	HVqp3cp
04S4c	Num.16.27	נִצָּבִ֗ים	5324	HVNrmpa
04nw6	Num.16.27	פֶּ֚תַח	6607	HNcmsc
04sz1	Num.16.27	אָֽהֳלֵי/הֶ֔ם	168	HNcmpc/Sp3mp
04dYv	Num.16.27	וּ/נְשֵׁי/הֶ֥ם	c/802	HC/Ncfpc/Sp3mp
04geX	Num.16.27	וּ/בְנֵי/הֶ֖ם	c/1121 a	HC/Ncmpc/Sp3mp
04CP6	Num.16.27	וְ/טַפָּֽ/ם	c/2945	HC/Ncmsc/Sp3mp
04zkp	Num.16.28	וַ/יֹּאמֶר֮	c/559	HC/Vqw3ms
04w5g	Num.16.28	מֹשֶׁה֒	4872	HNp
04xko	Num.16.28	בְּ/זֹאת֙	b/2063	HR/Pdxfs
04Xb8	Num.16.28	תֵּֽדְע֔וּ/ן	3045	HVqi2mp/Sn
04vEK	Num.16.28	כִּֽי	3588 a	HC
04BUo	Num.16.28	יְהוָ֣ה	3068	HNp
04Tkw	Num.16.28	שְׁלָחַ֔/נִי	7971	HVqp3ms/Sp1cs
04mH6	Num.16.28	לַ/עֲשׂ֕וֹת	l/6213 a	HR/Vqc
042dU	Num.16.28	אֵ֥ת	853	HTo
04Xtc	Num.16.28	כָּל	3605	HNcmsc
04GjZ	Num.16.28	הַֽ/מַּעֲשִׂ֖ים	d/4639	HTd/Ncmpa
04zYY	Num.16.28	הָ/אֵ֑לֶּה	d/428	HTd/Pdxcp
04D36	Num.16.28	כִּי	3588 a	HC
042Ri	Num.16.28	לֹ֖א	3808	HTn
04HWE	Num.16.28	מִ/לִּבִּֽ/י	m/3820 a	HR/Ncmsc/Sp1cs
04TXG	Num.16.29	אִם	518 a	HC
04z6T	Num.16.29	כְּ/מ֤וֹת	k/4194	HR/Ncmsc
04CnF	Num.16.29	כָּל	3605	HNcmsc
04yqC	Num.16.29	הָֽ/אָדָם֙	d/120	HTd/Ncmsa
04RVq	Num.16.29	יְמֻת֣וּ/ן	4191	HVqi3mp/Sn
04SUy	Num.16.29	אֵ֔לֶּה	428	HPdxcp
04Z4u	Num.16.29	וּ/פְקֻדַּת֙	c/6486	HC/Ncfsc
04zem	Num.16.29	כָּל	3605	HNcmsc
04ULr	Num.16.29	הָ֣/אָדָ֔ם	d/120	HTd/Ncmsa
04RgZ	Num.16.29	יִפָּקֵ֖ד	6485 a	HVNi3ms
04JuZ	Num.16.29	עֲלֵי/הֶ֑ם	5921 a	HR/Sp3mp
04Cxh	Num.16.29	לֹ֥א	3808	HTn
04sBP	Num.16.29	יְהוָ֖ה	3068	HNp
04CNj	Num.16.29	שְׁלָחָֽ/נִי	7971	HVqp3ms/Sp1cs
04X8a	Num.16.30	וְ/אִם	c/518 a	HC/C
04N8o	Num.16.30	בְּרִיאָ֞ה	1278	HNcfsa
04x8G	Num.16.30	יִבְרָ֣א	1254 a	HVqi3ms
04PWT	Num.16.30	יְהוָ֗ה	3068	HNp
04RGg	Num.16.30	וּ/פָצְתָ֨ה	c/6475	HC/Vqq3fs
04PN9	Num.16.30	הָ/אֲדָמָ֤ה	d/127	HTd/Ncfsa
04QQH	Num.16.30	אֶת	853	HTo
04Nk6	Num.16.30	פִּ֨י/הָ֙	6310	HNcmsc/Sp3fs
04bqe	Num.16.30	וּ/בָלְעָ֤ה	c/1104	HC/Vqq3fs
04Lo7	Num.16.30	אֹתָ/ם֙	853	HTo/Sp3mp
04XkF	Num.16.30	וְ/אֶת	c/853	HC/To
04fzP	Num.16.30	כָּל	3605	HNcmsc
04Se7	Num.16.30	אֲשֶׁ֣ר	834 a	HTr
04xP3	Num.16.30	לָ/הֶ֔ם	l	HR/Sp3mp
04Hqs	Num.16.30	וְ/יָרְד֥וּ	c/3381	HC/Vqq3cp
04WCC	Num.16.30	חַיִּ֖ים	2416 a	HAampa
04MNb	Num.16.30	שְׁאֹ֑לָ/ה	7585	HNp/Sd
04BW3	Num.16.30	וִֽ/ידַעְתֶּ֕ם	c/3045	HC/Vqq2mp
04fHF	Num.16.30	כִּ֧י	3588 a	HC
04RME	Num.16.30	נִֽאֲצ֛וּ	5006	HVpp3cp
049JG	Num.16.30	הָ/אֲנָשִׁ֥ים	d/376	HTd/Ncmpa
04Gt3	Num.16.30	הָ/אֵ֖לֶּה	d/428	HTd/Pdxcp
04H48	Num.16.30	אֶת	853	HTo
041jx	Num.16.30	יְהוָֽה	3068	HNp
04AkN	Num.16.31	וַ/יְהִי֙	c/1961	HC/Vqw3ms
0444o	Num.16.31	כְּ/כַלֹּת֔/וֹ	k/3615	HR/Vpc/Sp3ms
04FRQ	Num.16.31	לְ/דַבֵּ֕ר	l/1696	HR/Vpc
04vJw	Num.16.31	אֵ֥ת	853	HTo
04HX9	Num.16.31	כָּל	3605	HNcmsc
04SHe	Num.16.31	הַ/דְּבָרִ֖ים	d/1697	HTd/Ncmpa
04HRn	Num.16.31	הָ/אֵ֑לֶּה	d/428	HTd/Pdxcp
04pmD	Num.16.31	וַ/תִּבָּקַ֥ע	c/1234	HC/VNw3fs
043Kj	Num.16.31	הָ/אֲדָמָ֖ה	d/127	HTd/Ncfsa
04YyV	Num.16.31	אֲשֶׁ֥ר	834 a	HTr
042m6	Num.16.31	תַּחְתֵּי/הֶֽם	8478	HR/Sp3mp
04AHo	Num.16.32	וַ/תִּפְתַּ֤ח	c/6605 a	HC/Vqw3fs
04PYm	Num.16.32	הָ/אָ֨רֶץ֙	d/776	HTd/Ncbsa
04CnX	Num.16.32	אֶת	853	HTo
04zv9	Num.16.32	פִּ֔י/הָ	6310	HNcmsc/Sp3fs
04UjU	Num.16.32	וַ/תִּבְלַ֥ע	c/1104	HC/Vqw3fs
04XMJ	Num.16.32	אֹתָ֖/ם	853	HTo/Sp3mp
044cS	Num.16.32	וְ/אֶת	c/853	HC/To
04Pez	Num.16.32	בָּתֵּי/הֶ֑ם	1004 b	HNcmpc/Sp3mp
04Tmw	Num.16.32	וְ/אֵ֤ת	c/853	HC/To
04B17	Num.16.32	כָּל	3605	HNcmsc
04m7v	Num.16.32	הָ/אָדָם֙	d/120	HTd/Ncmsa
04mbr	Num.16.32	אֲשֶׁ֣ר	834 a	HTr
04d8A	Num.16.32	לְ/קֹ֔רַח	l/7141	HR/Np
04LDp	Num.16.32	וְ/אֵ֖ת	c/853	HC/To
04EbD	Num.16.32	כָּל	3605	HNcmsc
04vmr	Num.16.32	הָ/רֲכֽוּשׁ	d/7399	HTd/Ncmsa
04gPA	Num.16.33	וַ/יֵּ֨רְד֜וּ	c/3381	HC/Vqw3mp
04yrj	Num.16.33	הֵ֣ם	1992	HPp3mp
04rW3	Num.16.33	וְ/כָל	c/3605	HC/Ncmsc
047nu	Num.16.33	אֲשֶׁ֥ר	834 a	HTr
04GmY	Num.16.33	לָ/הֶ֛ם	l	HR/Sp3mp
04V5Z	Num.16.33	חַיִּ֖ים	2416 a	HAampa
04Rks	Num.16.33	שְׁאֹ֑לָ/ה	7585	HNp/Sd
04PFv	Num.16.33	וַ/תְּכַ֤ס	c/3680	HC/Vpw3fs
04YrJ	Num.16.33	עֲלֵי/הֶם֙	5921 a	HR/Sp3mp
04a9C	Num.16.33	הָ/אָ֔רֶץ	d/776	HTd/Ncbsa
04y3g	Num.16.33	וַ/יֹּאבְד֖וּ	c/6	HC/Vqw3mp
04N47	Num.16.33	מִ/תּ֥וֹךְ	m/8432	HR/Ncmsc
04jS9	Num.16.33	הַ/קָּהָֽל	d/6951	HTd/Ncmsa
048nc	Num.16.34	וְ/כָל	c/3605	HC/Ncmsc
04kG8	Num.16.34	יִשְׂרָאֵ֗ל	3478	HNp
04tqG	Num.16.34	אֲשֶׁ֛ר	834 a	HTr
049Yc	Num.16.34	סְבִיבֹתֵי/הֶ֖ם	5439	HNcbpc/Sp3mp
04DCA	Num.16.34	נָ֣סוּ	5127	HVqp3cp
04znP	Num.16.34	לְ/קֹלָ֑/ם	l/6963 a	HR/Ncmsc/Sp3mp
04tys	Num.16.34	כִּ֣י	3588 a	HC
04w77	Num.16.34	אָֽמְר֔וּ	559	HVqp3cp
049HF	Num.16.34	פֶּן	6435	HC
04b78	Num.16.34	תִּבְלָעֵ֖/נוּ	1104	HVqi3fs/Sp1cp
04eSY	Num.16.34	הָ/אָֽרֶץ	d/776	HTd/Ncbsa
04Q54	Num.16.35	וְ/אֵ֥שׁ	c/784	HC/Ncbsa
04eVt	Num.16.35	יָצְאָ֖ה	3318	HVqp3fs
047yH	Num.16.35	מֵ/אֵ֣ת	m/854	HR/R
04th9	Num.16.35	יְהוָ֑ה	3068	HNp
046p7	Num.16.35	וַ/תֹּ֗אכַל	c/398	HC/Vqw3fs
04DuL	Num.16.35	אֵ֣ת	853	HTo
0469b	Num.16.35	הַ/חֲמִשִּׁ֤ים	d/2572	HTd/Acbpa
04P68	Num.16.35	וּ/מָאתַ֨יִם֙	c/3967	HC/Acbda
04bdj	Num.16.35	אִ֔ישׁ	376	HNcmsa
04GT8	Num.16.35	מַקְרִיבֵ֖י	7126	HVhrmpc
04f7H	Num.16.35	הַ/קְּטֹֽרֶת	d/7004	HTd/Ncfsa
04o5p	Num.17.1	וַ/יְדַבֵּ֥ר	c/1696	HC/Vpw3ms
04Cxf	Num.17.1	יְהוָ֖ה	3068	HNp
042gP	Num.17.1	אֶל	413	HR
041iN	Num.17.1	מֹשֶׁ֥ה	4872	HNp
04vsF	Num.17.1	לֵּ/אמֹֽר	l/559	HR/Vqc
04KFH	Num.17.2	אֱמֹ֨ר	559	HVqv2ms
048ey	Num.17.2	אֶל	413	HR
04m3Q	Num.17.2	אֶלְעָזָ֜ר	499	HNp
048Fp	Num.17.2	בֶּן	1121 a	HNcmsc
04QVD	Num.17.2	אַהֲרֹ֣ן	175	HNp
043Yr	Num.17.2	הַ/כֹּהֵ֗ן	d/3548	HTd/Ncmsa
044rB	Num.17.2	וְ/יָרֵ֤ם	c/7311 a	HC/Vhj3ms
047j5	Num.17.2	אֶת	853	HTo
04vMk	Num.17.2	הַ/מַּחְתֹּת֙	d/4289	HTd/Ncfpa
04yXY	Num.17.2	מִ/בֵּ֣ין	m/996	HR/R
04TFT	Num.17.2	הַ/שְּׂרֵפָ֔ה	d/8316	HTd/Ncfsa
049n8	Num.17.2	וְ/אֶת	c/853	HC/To
045kG	Num.17.2	הָ/אֵ֖שׁ	d/784	HTd/Ncbsa
04XLv	Num.17.2	זְרֵה	2219	HVqv2ms
04SPD	Num.17.2	הָ֑לְאָה	1973	HD
041jw	Num.17.2	כִּ֖י	3588 a	HC
04j1A	Num.17.2	קָדֵֽשׁוּ	6942	HVqp3cp
04k9b	Num.17.3	אֵ֡ת	853	HTo
04xFg	Num.17.3	מַחְתּוֹת֩	4289	HNcfpc
04TPh	Num.17.3	הַֽ/חַטָּאִ֨ים	d/2400	HTd/Aampa
04PzZ	Num.17.3	הָ/אֵ֜לֶּה	d/428	HTd/Pdxcp
04wVu	Num.17.3	בְּ/נַפְשֹׁתָ֗/ם	b/5315	HR/Ncbpc/Sp3mp
04Y2m	Num.17.3	וְ/עָשׂ֨וּ	c/6213 a	HC/Vqv2mp
04vpr	Num.17.3	אֹתָ֜/ם	853	HTo/Sp3mp
04SwR	Num.17.3	רִקֻּעֵ֤י	7555	HNcmpc
04DQF	Num.17.3	פַחִים֙	6341 b	HNcmpa
04m8G	Num.17.3	צִפּ֣וּי	6826	HNcmsa
04iFH	Num.17.3	לַ/מִּזְבֵּ֔חַ	l/4196	HRd/Ncmsa
04UVR	Num.17.3	כִּֽי	3588 a	HC
04hK6	Num.17.3	הִקְרִיבֻ֥/ם	7126	HVhp3cp/Sp3mp
04P5i	Num.17.3	לִ/פְנֵֽי	l/6440	HR/Ncbpc
04Zuk	Num.17.3	יְהוָ֖ה	3068	HNp
04Xpa	Num.17.3	וַ/יִּקְדָּ֑שׁוּ	c/6942	HC/Vqw3mp
04F6v	Num.17.3	וְ/יִֽהְי֥וּ	c/1961	HC/Vqi3mp
04jek	Num.17.3	לְ/א֖וֹת	l/226	HR/Ncbsa
04NjL	Num.17.3	לִ/בְנֵ֥י	l/1121 a	HR/Ncmpc
04QhZ	Num.17.3	יִשְׂרָאֵֽל	3478	HNp
048Y2	Num.17.4	וַ/יִּקַּ֞ח	c/3947	HC/Vqw3ms
04wSY	Num.17.4	אֶלְעָזָ֣ר	499	HNp
04sGn	Num.17.4	הַ/כֹּהֵ֗ן	d/3548	HTd/Ncmsa
04EVR	Num.17.4	אֵ֚ת	853	HTo
04xHF	Num.17.4	מַחְתּ֣וֹת	4289	HNcfpc
04E6X	Num.17.4	הַ/נְּחֹ֔שֶׁת	d/5178 a	HTd/Ncfsa
04CmY	Num.17.4	אֲשֶׁ֥ר	834 a	HTr
04zBD	Num.17.4	הִקְרִ֖יבוּ	7126	HVhp3cp
04H4G	Num.17.4	הַ/שְּׂרֻפִ֑ים	d/8313	HTd/Vqsmpa
04gFy	Num.17.4	וַֽ/יְרַקְּע֖וּ/ם	c/7554	HC/Vpw3mp/Sp3mp
04111	Num.17.4	צִפּ֥וּי	6826	HNcmsa
04Tu3	Num.17.4	לַ/מִּזְבֵּֽחַ	l/4196	HRd/Ncmsa
04otC	Num.17.5	זִכָּר֞וֹן	2146	HNcmsa
04YDM	Num.17.5	לִ/בְנֵ֣י	l/1121 a	HR/Ncmpc
04ru7	Num.17.5	יִשְׂרָאֵ֗ל	3478	HNp
04rHU	Num.17.5	לְ֠מַעַן	4616	HR
04t3d	Num.17.5	אֲשֶׁ֨ר	834 a	HTr
04k6B	Num.17.5	לֹֽא	3808	HTn
0472o	Num.17.5	יִקְרַ֜ב	7126	HVqi3ms
04eAa	Num.17.5	אִ֣ישׁ	376	HNcmsa
04RTe	Num.17.5	זָ֗ר	2114 a	HAamsa
043Ca	Num.17.5	אֲ֠שֶׁר	834 a	HTr
04zDb	Num.17.5	לֹ֣א	3808	HTn
04qQV	Num.17.5	מִ/זֶּ֤רַע	m/2233	HR/Ncmsc
04V8A	Num.17.5	אַהֲרֹן֙	175	HNp
048Z7	Num.17.5	ה֔וּא	1931	HPp3ms
04UPz	Num.17.5	לְ/הַקְטִ֥יר	l/6999 a	HR/Vhc
04x31	Num.17.5	קְטֹ֖רֶת	7004	HNcfsa
045NB	Num.17.5	לִ/פְנֵ֣י	l/6440	HR/Ncbpc
04pyv	Num.17.5	יְהוָ֑ה	3068	HNp
04tbn	Num.17.5	וְ/לֹֽא	c/3808	HC/Tn
04eu1	Num.17.5	יִהְיֶ֤ה	1961	HVqi3ms
048af	Num.17.5	כְ/קֹ֨רַח֙	k/7141	HR/Np
04Bpw	Num.17.5	וְ/כַ֣/עֲדָת֔/וֹ	c/k/5712	HC/R/Ncfsc/Sp3ms
043Hw	Num.17.5	כַּ/אֲשֶׁ֨ר	k/834 d	HR/Tr
04mhm	Num.17.5	דִּבֶּ֧ר	1696	HVpp3ms
04W2d	Num.17.5	יְהוָ֛ה	3068	HNp
043Mv	Num.17.5	בְּ/יַד	b/3027	HR/Ncbsc
04aJE	Num.17.5	מֹשֶׁ֖ה	4872	HNp
04HVc	Num.17.5	לֽ/וֹ	l	HR/Sp3ms
04zeo	Num.17.6	וַ/יִּלֹּ֜נוּ	c/3885 b	HC/VNw3mp
04Enp	Num.17.6	כָּל	3605	HNcmsc
04kf1	Num.17.6	עֲדַ֤ת	5712	HNcfsc
04ZPC	Num.17.6	בְּנֵֽי	1121 a	HNcmpc
04qxU	Num.17.6	יִשְׂרָאֵל֙	3478	HNp
04Pgi	Num.17.6	מִֽ/מָּחֳרָ֔ת	m/4283	HR/Ncfsa
04MkP	Num.17.6	עַל	5921 a	HR
045hP	Num.17.6	מֹשֶׁ֥ה	4872	HNp
04zD4	Num.17.6	וְ/עַֽל	c/5921 a	HC/R
04KEB	Num.17.6	אַהֲרֹ֖ן	175	HNp
04cZY	Num.17.6	לֵ/אמֹ֑ר	l/559	HR/Vqc
0422d	Num.17.6	אַתֶּ֥ם	859 d	HPp2mp
04CRW	Num.17.6	הֲמִתֶּ֖ם	4191	HVhp2mp
04wv6	Num.17.6	אֶת	853	HTo
04GZn	Num.17.6	עַ֥ם	5971 a	HNcmsc
04Jwq	Num.17.6	יְהוָֽה	3068	HNp
04wkd	Num.17.7	וַ/יְהִ֗י	c/1961	HC/Vqw3ms
04eKd	Num.17.7	בְּ/הִקָּהֵ֤ל	b/6950	HR/VNc
04goP	Num.17.7	הָֽ/עֵדָה֙	d/5712	HTd/Ncfsa
042Lj	Num.17.7	עַל	5921 a	HR
04H2i	Num.17.7	מֹשֶׁ֣ה	4872	HNp
04iMH	Num.17.7	וְ/עַֽל	c/5921 a	HC/R
04SHu	Num.17.7	אַהֲרֹ֔ן	175	HNp
04xJc	Num.17.7	וַ/יִּפְנוּ֙	c/6437	HC/Vqw3mp
04zu3	Num.17.7	אֶל	413	HR
04srN	Num.17.7	אֹ֣הֶל	168	HNcmsc
04cPD	Num.17.7	מוֹעֵ֔ד	4150	HNcmsa
04rfv	Num.17.7	וְ/הִנֵּ֥ה	c/2009	HC/Tm
04HSf	Num.17.7	כִסָּ֖ה/וּ	3680	HVpp3ms/Sp3ms
04dMJ	Num.17.7	הֶ/עָנָ֑ן	d/6051	HTd/Ncmsa
04Q3W	Num.17.7	וַ/יֵּרָ֖א	c/7200	HC/VNw3ms
049nC	Num.17.7	כְּב֥וֹד	3519	HNcbsc
04Es7	Num.17.7	יְהוָֽה	3068	HNp
04WgU	Num.17.8	וַ/יָּבֹ֤א	c/935	HC/Vqw3ms
04y3p	Num.17.8	מֹשֶׁה֙	4872	HNp
04Um9	Num.17.8	וְ/אַהֲרֹ֔ן	c/175	HC/Np
04r8S	Num.17.8	אֶל	413	HR
04XS1	Num.17.8	פְּנֵ֖י	6440	HNcbpc
04HHu	Num.17.8	אֹ֥הֶל	168	HNcmsc
0434B	Num.17.8	מוֹעֵֽד	4150	HNcmsa
04tQL	Num.17.9	וַ/יְדַבֵּ֥ר	c/1696	HC/Vpw3ms
04qz3	Num.17.9	יְהוָ֖ה	3068	HNp
04PBZ	Num.17.9	אֶל	413	HR
04JhC	Num.17.9	מֹשֶׁ֥ה	4872	HNp
0457q	Num.17.9	לֵּ/אמֹֽר	l/559	HR/Vqc
04tgx	Num.17.10	הֵרֹ֗מּוּ	7426	HVNv2mp
04b5Z	Num.17.10	מִ/תּוֹךְ֙	m/8432	HR/Ncmsc
04gH8	Num.17.10	הָ/עֵדָ֣ה	d/5712	HTd/Ncfsa
04ktM	Num.17.10	הַ/זֹּ֔את	d/2063	HTd/Pdxfs
04tnx	Num.17.10	וַ/אֲכַלֶּ֥ה	c/3615	HC/Vpi1cs
04Eje	Num.17.10	אֹתָ֖/ם	853	HTo/Sp3mp
044XJ	Num.17.10	כְּ/רָ֑גַע	k/7281	HR/Ncmsa
04Zod	Num.17.10	וַֽ/יִּפְּל֖וּ	c/5307	HC/Vqw3mp
04HWG	Num.17.10	עַל	5921 a	HR
04Kq8	Num.17.10	פְּנֵי/הֶֽם	6440	HNcbpc/Sp3mp
04HEQ	Num.17.11	וַ/יֹּ֨אמֶר	c/559	HC/Vqw3ms
04Zrg	Num.17.11	מֹשֶׁ֜ה	4872	HNp
04Jb7	Num.17.11	אֶֽל	413	HR
04gGi	Num.17.11	אַהֲרֹ֗ן	175	HNp
04ETT	Num.17.11	קַ֣ח	3947	HVqv2ms
04uax	Num.17.11	אֶת	853	HTo
04gN6	Num.17.11	הַ֠/מַּחְתָּה	d/4289	HTd/Ncfsa
04Jyu	Num.17.11	וְ/תֶן	c/5414	HC/Vqv2ms
04RyA	Num.17.11	עָלֶ֨י/הָ	5921 a	HR/Sp3fs
04UFq	Num.17.11	אֵ֜שׁ	784	HNcbsa
04LyZ	Num.17.11	מֵ/עַ֤ל	m/5921 a	HR/R
04E3h	Num.17.11	הַ/מִּזְבֵּ֨חַ֙	d/4196	HTd/Ncmsa
0463g	Num.17.11	וְ/שִׂ֣ים	c/7760 a	HC/Vqv2ms
04ST5	Num.17.11	קְטֹ֔רֶת	7004	HNcfsa
04tJf	Num.17.11	וְ/הוֹלֵ֧ךְ	c/3212	HC/Vhv2ms
048fM	Num.17.11	מְהֵרָ֛ה	4120	HNcfsa
04QTt	Num.17.11	אֶל	413	HR
042C1	Num.17.11	הָ/עֵדָ֖ה	d/5712	HTd/Ncfsa
04o84	Num.17.11	וְ/כַפֵּ֣ר	c/3722 a	HC/Vpv2ms
04f8Y	Num.17.11	עֲלֵי/הֶ֑ם	5921 a	HR/Sp3mp
04Nun	Num.17.11	כִּֽי	3588 a	HC
049u1	Num.17.11	יָצָ֥א	3318	HVqp3ms
04xHm	Num.17.11	הַ/קֶּ֛צֶף	d/7110 a	HTd/Ncmsa
04otK	Num.17.11	מִ/לִּ/פְנֵ֥י	m/l/6440	HR/R/Ncbpc
04syA	Num.17.11	יְהוָ֖ה	3068	HNp
04dfy	Num.17.11	הֵחֵ֥ל	2490 c	HVhp3ms
04Wm4	Num.17.11	הַ/נָּֽגֶף	d/5063	HTd/Ncmsa
04g9f	Num.17.12	וַ/יִּקַּ֨ח	c/3947	HC/Vqw3ms
04f8Q	Num.17.12	אַהֲרֹ֜ן	175	HNp
04fFA	Num.17.12	כַּ/אֲשֶׁ֣ר	k/834 d	HR/Tr
042XW	Num.17.12	דִּבֶּ֣ר	1696	HVpp3ms
04QWt	Num.17.12	מֹשֶׁ֗ה	4872	HNp
04Qzv	Num.17.12	וַ/יָּ֨רָץ֙	c/7323	HC/Vqw3ms
04buk	Num.17.12	אֶל	413	HR
04qeo	Num.17.12	תּ֣וֹך	8432	HNcmsc
04ZHC	Num.17.12	הַ/קָּהָ֔ל	d/6951	HTd/Ncmsa
04fDd	Num.17.12	וְ/הִנֵּ֛ה	c/2009	HC/Tm
04318	Num.17.12	הֵחֵ֥ל	2490 c	HVhp3ms
04jLb	Num.17.12	הַ/נֶּ֖גֶף	d/5063	HTd/Ncmsa
04nNQ	Num.17.12	בָּ/עָ֑ם	b/5971 a	HRd/Ncmsa
04BXH	Num.17.12	וַ/יִּתֵּן֙	c/5414	HC/Vqw3ms
04ZqU	Num.17.12	אֶֽת	853	HTo
04nj3	Num.17.12	הַ/קְּטֹ֔רֶת	d/7004	HTd/Ncfsa
04FvS	Num.17.12	וַ/יְכַפֵּ֖ר	c/3722 a	HC/Vpw3ms
04xim	Num.17.12	עַל	5921 a	HR
04akA	Num.17.12	הָ/עָֽם	d/5971 a	HTd/Ncmsa
04gKu	Num.17.13	וַ/יַּעֲמֹ֥ד	c/5975	HC/Vqw3ms
04TzQ	Num.17.13	בֵּֽין	996	HR
041UE	Num.17.13	הַ/מֵּתִ֖ים	d/4191	HTd/Vqrmpa
04kxv	Num.17.13	וּ/בֵ֣ין	c/996	HC/R
04UMS	Num.17.13	הַֽ/חַיִּ֑ים	d/2416 a	HTd/Aampa
047xb	Num.17.13	וַ/תֵּעָצַ֖ר	c/6113	HC/VNw3fs
04sKH	Num.17.13	הַ/מַּגֵּפָֽה	d/4046	HTd/Ncfsa
04tFA	Num.17.14	וַ/יִּהְי֗וּ	c/1961	HC/Vqw3mp
04Mpf	Num.17.14	הַ/מֵּתִים֙	d/4191	HTd/Vqrmpa
04Ceq	Num.17.14	בַּ/מַּגֵּפָ֔ה	b/4046	HRd/Ncfsa
044dQ	Num.17.14	אַרְבָּעָ֥ה	702	HAcmsa
04GWt	Num.17.14	עָשָׂ֛ר	6240	HAcmsa
04NBj	Num.17.14	אֶ֖לֶף	505	HAcbsa
04rsf	Num.17.14	וּ/שְׁבַ֣ע	c/7651	HC/Acfsa
04z6Y	Num.17.14	מֵא֑וֹת	3967	HAcbpa
04ySf	Num.17.14	מִ/לְּ/בַ֥ד	m/l/905	HR/R/Ncmsc
04j6t	Num.17.14	הַ/מֵּתִ֖ים	d/4191	HTd/Vqrmpa
04LMf	Num.17.14	עַל	5921 a	HR
04siY	Num.17.14	דְּבַר	1697	HNcmsc
04c4n	Num.17.14	קֹֽרַח	7141	HNp
04emA	Num.17.15	וַ/יָּ֤שָׁב	c/7725	HC/Vqw3ms
04WwD	Num.17.15	אַהֲרֹן֙	175	HNp
04Tfb	Num.17.15	אֶל	413	HR
0458Y	Num.17.15	מֹשֶׁ֔ה	4872	HNp
041kr	Num.17.15	אֶל	413	HR
04yuD	Num.17.15	פֶּ֖תַח	6607	HNcmsc
04yRp	Num.17.15	אֹ֣הֶל	168	HNcmsc
04qob	Num.17.15	מוֹעֵ֑ד	4150	HNcmsa
04DQR	Num.17.15	וְ/הַ/מַּגֵּפָ֖ה	c/d/4046	HC/Td/Ncfsa
04gtv	Num.17.15	נֶעֱצָֽרָה	6113	HVNp3fs
04nHJ	Num.17.16	וַ/יְדַבֵּ֥ר	c/1696	HC/Vpw3ms
048D6	Num.17.16	יְהוָ֖ה	3068	HNp
04LCy	Num.17.16	אֶל	413	HR
04KvZ	Num.17.16	מֹשֶׁ֥ה	4872	HNp
0436n	Num.17.16	לֵּ/אמֹֽר	l/559	HR/Vqc
045Yk	Num.17.17	דַּבֵּ֣ר	1696	HVpv2ms
046As	Num.17.17	אֶל	413	HR
04egP	Num.17.17	בְּנֵ֣י	1121 a	HNcmpc
04NbF	Num.17.17	יִשְׂרָאֵ֗ל	3478	HNp
04krR	Num.17.17	וְ/קַ֣ח	c/3947	HC/Vqv2ms
04Mee	Num.17.17	מֵֽ/אִתָּ֡/ם	m/854	HR/R/Sp3mp
04VBQ	Num.17.17	מַטֶּ֣ה	4294	HNcmsa
04yb7	Num.17.17	מַטֶּה֩	4294	HNcmsa
04qX2	Num.17.17	לְ/בֵ֨ית	l/1004 b	HR/Ncmsc
04ePf	Num.17.17	אָ֜ב	1	HNcmsa
04yfj	Num.17.17	מֵ/אֵ֤ת	m/854	HR/R
04YM9	Num.17.17	כָּל	3605	HNcmsc
04R56	Num.17.17	נְשִֽׂיאֵ/הֶם֙	5387 a	HNcmpc/Sp3mp
04wHB	Num.17.17	לְ/בֵ֣ית	l/1004 b	HR/Ncmsc
04qAN	Num.17.17	אֲבֹתָ֔/ם	1	HNcmpc/Sp3mp
04KVq	Num.17.17	שְׁנֵ֥ים	8147	HAcmda
04S4L	Num.17.17	עָשָׂ֖ר	6240	HAcmsa
04rwC	Num.17.17	מַטּ֑וֹת	4294	HNcmpa
04MHW	Num.17.17	אִ֣ישׁ	376	HNcmsa
046Qv	Num.17.17	אֶת	853	HTo
04pjb	Num.17.17	שְׁמ֔/וֹ	8034	HNcmsc/Sp3ms
04Jy1	Num.17.17	תִּכְתֹּ֖ב	3789	HVqi2ms
04eQ5	Num.17.17	עַל	5921 a	HR
04jEY	Num.17.17	מַטֵּֽ/הוּ	4294	HNcmsc/Sp3ms
04ew3	Num.17.18	וְ/אֵת֙	c/853	HC/To
04y2D	Num.17.18	שֵׁ֣ם	8034	HNcmsc
04T4z	Num.17.18	אַהֲרֹ֔ן	175	HNp
04Q7m	Num.17.18	תִּכְתֹּ֖ב	3789	HVqi2ms
04E1U	Num.17.18	עַל	5921 a	HR
04kbD	Num.17.18	מַטֵּ֣ה	4294	HNcmsc
048qD	Num.17.18	לֵוִ֑י	3878	HNp
04Zxt	Num.17.18	כִּ֚י	3588 a	HC
04uHA	Num.17.18	מַטֶּ֣ה	4294	HNcmsa
042kF	Num.17.18	אֶחָ֔ד	259	HAcmsa
04mSY	Num.17.18	לְ/רֹ֖אשׁ	l/7218 a	HR/Ncmsc
042Fo	Num.17.18	בֵּ֥ית	1004 b	HNcmsc
04ac8	Num.17.18	אֲבוֹתָֽ/ם	1	HNcmpc/Sp3mp
0452Z	Num.17.19	וְ/הִנַּחְתָּ֖/ם	c/3240	HC/Vhq2ms/Sp3mp
04UX4	Num.17.19	בְּ/אֹ֣הֶל	b/168	HR/Ncmsc
04EnX	Num.17.19	מוֹעֵ֑ד	4150	HNcmsa
04NXR	Num.17.19	לִ/פְנֵי֙	l/6440	HR/Ncbpc
0425M	Num.17.19	הָֽ/עֵד֔וּת	d/5715	HTd/Ncfsa
04YtX	Num.17.19	אֲשֶׁ֛ר	834 a	HTr
04DG3	Num.17.19	אִוָּעֵ֥ד	3259	HVNi1cs
04cWY	Num.17.19	לָ/כֶ֖ם	l	HR/Sp2mp
04yj6	Num.17.19	שָֽׁמָּ/ה	8033	HD/Sd
04hqz	Num.17.20	וְ/הָיָ֗ה	c/1961	HC/Vqq3ms
04x8M	Num.17.20	הָ/אִ֛ישׁ	d/376	HTd/Ncmsa
04Vk7	Num.17.20	אֲשֶׁ֥ר	834 a	HTr
04JRg	Num.17.20	אֶבְחַר	977	HVqi1cs
04CgK	Num.17.20	בּ֖/וֹ	b	HR/Sp3ms
04G3o	Num.17.20	מַטֵּ֣/הוּ	4294	HNcmsc/Sp3ms
045n7	Num.17.20	יִפְרָ֑ח	6524 a	HVqi3ms
04fm1	Num.17.20	וַ/הֲשִׁכֹּתִ֣י	c/7918	HC/Vhq1cs
04Vwa	Num.17.20	מֵֽ/עָלַ֗/י	m/5921 a	HR/R/Sp1cs
04FK5	Num.17.20	אֶת	853	HTo
04ZFM	Num.17.20	תְּלֻנּוֹת֙	8519	HNcfpc
048dM	Num.17.20	בְּנֵ֣י	1121 a	HNcmpc
04rPP	Num.17.20	יִשְׂרָאֵ֔ל	3478	HNp
04d5t	Num.17.20	אֲשֶׁ֛ר	834 a	HTr
04eig	Num.17.20	הֵ֥ם	1992	HPp3mp
04yZT	Num.17.20	מַלִּינִ֖ם	3885 b	HVhrmpa
04jXo	Num.17.20	עֲלֵי/כֶֽם	5921 a	HR/Sp2mp
04e9S	Num.17.21	וַ/יְדַבֵּ֨ר	c/1696	HC/Vpw3ms
04Gak	Num.17.21	מֹשֶׁ֜ה	4872	HNp
04BhZ	Num.17.21	אֶל	413	HR
04D7r	Num.17.21	בְּנֵ֣י	1121 a	HNcmpc
04QUi	Num.17.21	יִשְׂרָאֵ֗ל	3478	HNp
04Zjd	Num.17.21	וַ/יִּתְּנ֣וּ	c/5414	HC/Vqw3mp
046hx	Num.17.21	אֵלָ֣י/ו	413	HR/Sp3ms
043oP	Num.17.21	כָּֽל	3605	HNcmsc
04ZFG	Num.17.21	נְשִֽׂיאֵי/הֶ֡ם	5387 a	HNcmpc/Sp3mp
04AVy	Num.17.21	מַטֶּה֩	4294	HNcmsa
04isj	Num.17.21	לְ/נָשִׂ֨יא	l/5387 a	HR/Ncmsa
04fLM	Num.17.21	אֶחָ֜ד	259	HAcmsa
04Pwu	Num.17.21	מַטֶּ֨ה	4294	HNcmsa
04oJA	Num.17.21	לְ/נָשִׂ֤יא	l/5387 a	HR/Ncmsa
04RZU	Num.17.21	אֶחָד֙	259	HAcmsa
04APK	Num.17.21	לְ/בֵ֣ית	l/1004 b	HR/Ncmsc
046iD	Num.17.21	אֲבֹתָ֔/ם	1	HNcmpc/Sp3mp
043AW	Num.17.21	שְׁנֵ֥ים	8147	HAcmda
04WiP	Num.17.21	עָשָׂ֖ר	6240	HAcmsa
04RPe	Num.17.21	מַטּ֑וֹת	4294	HNcmpa
041Rt	Num.17.21	וּ/מַטֵּ֥ה	c/4294	HC/Ncmsc
047PY	Num.17.21	אַהֲרֹ֖ן	175	HNp
04gp2	Num.17.21	בְּ/ת֥וֹךְ	b/8432	HR/Ncmsc
04kRK	Num.17.21	מַטּוֹתָֽ/ם	4294	HNcmpc/Sp3mp
04z8t	Num.17.22	וַ/יַּנַּ֥ח	c/3240	HC/Vhw3ms
04DXo	Num.17.22	מֹשֶׁ֛ה	4872	HNp
04kTz	Num.17.22	אֶת	853	HTo
04zyZ	Num.17.22	הַ/מַּטֹּ֖ת	d/4294	HTd/Ncmpa
048Ge	Num.17.22	לִ/פְנֵ֣י	l/6440	HR/Ncbpc
04uzy	Num.17.22	יְהוָ֑ה	3068	HNp
047TQ	Num.17.22	בְּ/אֹ֖הֶל	b/168	HR/Ncmsc
04gzf	Num.17.22	הָ/עֵדֻֽת	d/5715	HTd/Ncfsa
04xP8	Num.17.23	וַ/יְהִ֣י	c/1961	HC/Vqw3ms
04d3M	Num.17.23	מִֽ/מָּחֳרָ֗ת	m/4283	HR/Ncfsa
04wz6	Num.17.23	וַ/יָּבֹ֤א	c/935	HC/Vqw3ms
04BnH	Num.17.23	מֹשֶׁה֙	4872	HNp
04Sc6	Num.17.23	אֶל	413	HR
04Qvj	Num.17.23	אֹ֣הֶל	168	HNcmsc
04e1v	Num.17.23	הָ/עֵד֔וּת	d/5715	HTd/Ncfsa
04yKb	Num.17.23	וְ/הִנֵּ֛ה	c/2009	HC/Tm
04wjA	Num.17.23	פָּרַ֥ח	6524 a	HVqp3ms
04CZm	Num.17.23	מַטֵּֽה	4294	HNcmsc
04RaU	Num.17.23	אַהֲרֹ֖ן	175	HNp
04wXH	Num.17.23	לְ/בֵ֣ית	l/1004 b	HR/Ncmsc
04ixz	Num.17.23	לֵוִ֑י	3878	HNp
049hY	Num.17.23	וַ/יֹּ֤צֵֽא	c/3318	HC/Vhw3ms
04Lhc	Num.17.23	פֶ֨רַח֙	6525	HNcmsa
04vCf	Num.17.23	וַ/יָּ֣צֵֽץ	c/6692 a	HC/Vhw3ms
04SiU	Num.17.23	צִ֔יץ	6731 a	HNcmsa
04bU3	Num.17.23	וַ/יִּגְמֹ֖ל	c/1580	HC/Vqw3ms
04JaA	Num.17.23	שְׁקֵדִֽים	8247	HNcmpa
041ae	Num.17.24	וַ/יֹּצֵ֨א	c/3318	HC/Vhw3ms
04ubD	Num.17.24	מֹשֶׁ֤ה	4872	HNp
04kzF	Num.17.24	אֶת	853	HTo
04aBg	Num.17.24	כָּל	3605	HNcmsc
04R3u	Num.17.24	הַ/מַּטֹּת֙	d/4294	HTd/Ncmpa
04KmF	Num.17.24	מִ/לִּ/פְנֵ֣י	m/l/6440	HR/R/Ncbpc
04gPB	Num.17.24	יְהוָ֔ה	3068	HNp
04GJ8	Num.17.24	אֶֽל	413	HR
04gum	Num.17.24	כָּל	3605	HNcmsc
049V4	Num.17.24	בְּנֵ֖י	1121 a	HNcmpc
04WkP	Num.17.24	יִשְׂרָאֵ֑ל	3478	HNp
046SH	Num.17.24	וַ/יִּרְא֥וּ	c/7200	HC/Vqw3mp
04iNA	Num.17.24	וַ/יִּקְח֖וּ	c/3947	HC/Vqw3mp
04zke	Num.17.24	אִ֥ישׁ	376	HNcmsa
04KMi	Num.17.24	מַטֵּֽ/הוּ	4294	HNcmsc/Sp3ms
041aB	Num.17.25	וַ/יֹּ֨אמֶר	c/559	HC/Vqw3ms
04xtz	Num.17.25	יְהוָ֜ה	3068	HNp
04ZPR	Num.17.25	אֶל	413	HR
04eLB	Num.17.25	מֹשֶׁ֗ה	4872	HNp
048iz	Num.17.25	הָשֵׁ֞ב	7725	HVhv2ms
04hdN	Num.17.25	אֶת	853	HTo
04YSj	Num.17.25	מַטֵּ֤ה	4294	HNcmsc
04x1r	Num.17.25	אַהֲרֹן֙	175	HNp
04uoq	Num.17.25	לִ/פְנֵ֣י	l/6440	HR/Ncbpc
04Fee	Num.17.25	הָ/עֵד֔וּת	d/5715	HTd/Ncfsa
04WAp	Num.17.25	לְ/מִשְׁמֶ֥רֶת	l/4931	HR/Ncfsa
04YL7	Num.17.25	לְ/א֖וֹת	l/226	HR/Ncbsa
04fvw	Num.17.25	לִ/בְנֵי	l/1121 a	HR/Ncmpc
04tJb	Num.17.25	מֶ֑רִי	4805	HNcmsa
04qHY	Num.17.25	וּ/תְכַ֧ל	c/3615	HC/Vpi2ms
04kgH	Num.17.25	תְּלוּנֹּתָ֛/ם	8519	HNcfpc/Sp3mp
04fN2	Num.17.25	מֵ/עָלַ֖/י	m/5921 a	HR/R/Sp1cs
04Tmv	Num.17.25	וְ/לֹ֥א	c/3808	HC/Tn
044gc	Num.17.25	יָמֻֽתוּ	4191	HVqi3mp
04ay9	Num.17.26	וַ/יַּ֖עַשׂ	c/6213 a	HC/Vqw3ms
04RHm	Num.17.26	מֹשֶׁ֑ה	4872	HNp
04EWb	Num.17.26	כַּ/אֲשֶׁ֨ר	k/834 d	HR/Tr
04R77	Num.17.26	צִוָּ֧ה	6680	HVpp3ms
04rin	Num.17.26	יְהוָ֛ה	3068	HNp
04kCJ	Num.17.26	אֹת֖/וֹ	853	HTo/Sp3ms
04b5f	Num.17.26	כֵּ֥ן	3651 c	HTm
041nK	Num.17.26	עָשָֽׂה	6213 a	HVqp3ms
04UFD	Num.17.27	וַ/יֹּֽאמְרוּ֙	c/559	HC/Vqw3mp
04atM	Num.17.27	בְּנֵ֣י	1121 a	HNcmpc
04uGu	Num.17.27	יִשְׂרָאֵ֔ל	3478	HNp
04dRu	Num.17.27	אֶל	413	HR
04QWF	Num.17.27	מֹשֶׁ֖ה	4872	HNp
042qL	Num.17.27	לֵ/אמֹ֑ר	l/559	HR/Vqc
04MLC	Num.17.27	הֵ֥ן	2005	HTm
04pwa	Num.17.27	גָּוַ֛עְנוּ	1478	HVqp1cp
04VCM	Num.17.27	אָבַ֖דְנוּ	6	HVqp1cp
04wd2	Num.17.27	כֻּלָּ֥/נוּ	3605	HNcmsc/Sp1cp
04w5p	Num.17.27	אָבָֽדְנוּ	6	HVqp1cp
04ggE	Num.17.28	כֹּ֣ל	3605	HNcmsa
04iH4	Num.17.28	הַ/קָּרֵ֧ב	d/7131	HTd/Aamsa
046kT	Num.17.28	הַ/קָּרֵ֛ב	d/7131	HTd/Aamsa
04qxT	Num.17.28	אֶל	413	HR
045Zi	Num.17.28	מִשְׁכַּ֥ן	4908	HNcmsc
04j2Z	Num.17.28	יְהוָ֖ה	3068	HNp
04si1	Num.17.28	יָמ֑וּת	4191	HVqi3ms
045mE	Num.17.28	הַ/אִ֥ם	i/518 a	HTi/C
04NUe	Num.17.28	תַּ֖מְנוּ	8552	HVqp1cp
04YnH	Num.17.28	לִ/גְוֺֽעַ	l/1478	HR/Vqc
04mvF	Num.18.1	וַ/יֹּ֤אמֶר	c/559	HC/Vqw3ms
04gWv	Num.18.1	יְהוָה֙	3068	HNp
04Pco	Num.18.1	אֶֽל	413	HR
04bxG	Num.18.1	אַהֲרֹ֔ן	175	HNp
049Ks	Num.18.1	אַתָּ֗ה	859 a	HPp2ms
04jNp	Num.18.1	וּ/בָנֶ֤י/ךָ	c/1121 a	HC/Ncmpc/Sp2ms
04Cs2	Num.18.1	וּ/בֵית	c/1004 b	HC/Ncmsc
04QCd	Num.18.1	אָבִ֨י/ךָ֙	1	HNcmsc/Sp2ms
04ipi	Num.18.1	אִתָּ֔/ךְ	854	HR/Sp2fs
04p7W	Num.18.1	תִּשְׂא֖וּ	5375	HVqi2mp
04Rpq	Num.18.1	אֶת	853	HTo
04NFY	Num.18.1	עֲוֺ֣ן	5771	HNcbsc
04hGE	Num.18.1	הַ/מִּקְדָּ֑שׁ	d/4720	HTd/Ncmsa
043dF	Num.18.1	וְ/אַתָּה֙	c/859 a	HC/Pp2ms
04ACo	Num.18.1	וּ/בָנֶ֣י/ךָ	c/1121 a	HC/Ncmpc/Sp2ms
04zvW	Num.18.1	אִתָּ֔/ךְ	854	HR/Sp2fs
04UPx	Num.18.1	תִּשְׂא֖וּ	5375	HVqi2mp
0424M	Num.18.1	אֶת	853	HTo
04bRo	Num.18.1	עֲוֺ֥ן	5771	HNcbsc
04V6f	Num.18.1	כְּהֻנַּתְ/כֶֽם	3550	HNcfsc/Sp2mp
04RjS	Num.18.2	וְ/גַ֣ם	c/1571	HC/Ta
049dt	Num.18.2	אֶת	853	HTo
04V52	Num.18.2	אַחֶי/ךָ֩	251	HNcmpc/Sp2ms
043Tm	Num.18.2	מַטֵּ֨ה	4294	HNcmsc
04JSL	Num.18.2	לֵוִ֜י	3878	HNp
04qWL	Num.18.2	שֵׁ֤בֶט	7626	HNcmsc
04DWU	Num.18.2	אָבִ֨י/ךָ֙	1	HNcmsc/Sp2ms
04d1L	Num.18.2	הַקְרֵ֣ב	7126	HVhv2ms
04e96	Num.18.2	אִתָּ֔/ךְ	854	HR/Sp2fs
04Ci6	Num.18.2	וְ/יִלָּו֥וּ	c/3867 a	HC/VNi3mp
04ixh	Num.18.2	עָלֶ֖י/ךָ	5921 a	HR/Sp2ms
0422x	Num.18.2	וִֽ/ישָׁרְת֑וּ/ךָ	c/8334	HC/Vpi3mp/Sp2ms
04ogz	Num.18.2	וְ/אַתָּה֙	c/859 a	HC/Pp2ms
04z7X	Num.18.2	וּ/בָנֶ֣י/ךָ	c/1121 a	HC/Ncmpc/Sp2ms
04MjR	Num.18.2	אִתָּ֔/ךְ	854	HR/Sp2fs
04Tk7	Num.18.2	לִ/פְנֵ֖י	l/6440	HR/Ncbpc
04ZGJ	Num.18.2	אֹ֥הֶל	168	HNcmsc
04apP	Num.18.2	הָ/עֵדֻֽת	d/5715	HTd/Ncfsa
04dPF	Num.18.3	וְ/שָֽׁמְרוּ֙	c/8104	HC/Vqq3cp
04nAe	Num.18.3	מִֽשְׁמַרְתְּ/ךָ֔	4931	HNcfsc/Sp2ms
046WC	Num.18.3	וּ/מִשְׁמֶ֖רֶת	c/4931	HC/Ncfsc
04Q3p	Num.18.3	כָּל	3605	HNcmsc
04dRx	Num.18.3	הָ/אֹ֑הֶל	d/168	HTd/Ncmsa
046GF	Num.18.3	אַךְ֩	389	HTa
04ZWf	Num.18.3	אֶל	413	HR
04dZw	Num.18.3	כְּלֵ֨י	3627	HNcmpc
04Xd5	Num.18.3	הַ/קֹּ֤דֶשׁ	d/6944	HTd/Ncmsa
04Whs	Num.18.3	וְ/אֶל	c/413	HC/R
04CUw	Num.18.3	הַ/מִּזְבֵּ֨חַ֙	d/4196	HTd/Ncmsa
04vVC	Num.18.3	לֹ֣א	3808	HTn
04L9j	Num.18.3	יִקְרָ֔בוּ	7126	HVqi3mp
042gb	Num.18.3	וְ/לֹֽא	c/3808	HC/Tn
04GFh	Num.18.3	יָמֻ֥תוּ	4191	HVqi3mp
04X7A	Num.18.3	גַם	1571	HD
04YA6	Num.18.3	הֵ֖ם	1992	HPp3mp
04rtE	Num.18.3	גַּם	1571	HTa
04T58	Num.18.3	אַתֶּֽם	859 d	HPp2mp
04XAY	Num.18.4	וְ/נִלְו֣וּ	c/3867 a	HC/VNq3cp
04TZ6	Num.18.4	עָלֶ֔י/ךָ	5921 a	HR/Sp2ms
04ohW	Num.18.4	וְ/שָֽׁמְר֗וּ	c/8104	HC/Vqq3cp
04UQ9	Num.18.4	אֶת	853	HTo
04ywh	Num.18.4	מִשְׁמֶ֨רֶת֙	4931	HNcfsc
04By2	Num.18.4	אֹ֣הֶל	168	HNcmsc
042R1	Num.18.4	מוֹעֵ֔ד	4150	HNcmsa
04sSY	Num.18.4	לְ/כֹ֖ל	l/3605	HR/Ncmsc
04eEK	Num.18.4	עֲבֹדַ֣ת	5656	HNcfsc
04Yuc	Num.18.4	הָ/אֹ֑הֶל	d/168	HTd/Ncmsa
04nhh	Num.18.4	וְ/זָ֖ר	c/2114 a	HC/Aamsa
04Z5T	Num.18.4	לֹא	3808	HTn
04qvz	Num.18.4	יִקְרַ֥ב	7126	HVqi3ms
04uU8	Num.18.4	אֲלֵי/כֶֽם	413	HR/Sp2mp
04L9Z	Num.18.5	וּ/שְׁמַרְתֶּ֗ם	c/8104	HC/Vqq2mp
04Dv8	Num.18.5	אֵ֚ת	853	HTo
04FjK	Num.18.5	מִשְׁמֶ֣רֶת	4931	HNcfsc
04WrB	Num.18.5	הַ/קֹּ֔דֶשׁ	d/6944	HTd/Ncmsa
04Q3V	Num.18.5	וְ/אֵ֖ת	c/853	HC/To
04zt3	Num.18.5	מִשְׁמֶ֣רֶת	4931	HNcfsc
04Tmz	Num.18.5	הַ/מִּזְבֵּ֑חַ	d/4196	HTd/Ncmsa
04fYG	Num.18.5	וְ/לֹֽא	c/3808	HC/Tn
04UXL	Num.18.5	יִהְיֶ֥ה	1961	HVqi3ms
04orU	Num.18.5	ע֛וֹד	5750	HD
04X89	Num.18.5	קֶ֖צֶף	7110 a	HNcmsa
04KD4	Num.18.5	עַל	5921 a	HR
04yLC	Num.18.5	בְּנֵ֥י	1121 a	HNcmpc
048jE	Num.18.5	יִשְׂרָאֵֽל	3478	HNp
045Lc	Num.18.6	וַ/אֲנִ֗י	c/589	HC/Pp1cs
04ppu	Num.18.6	הִנֵּ֤ה	2009	HTm
04S27	Num.18.6	לָקַ֨חְתִּי֙	3947	HVqp1cs
04ADR	Num.18.6	אֶת	853	HTo
04zFe	Num.18.6	אֲחֵי/כֶ֣ם	251	HNcmpc/Sp2mp
04WSq	Num.18.6	הַ/לְוִיִּ֔ם	d/3881	HTd/Ngmpa
04wBi	Num.18.6	מִ/תּ֖וֹךְ	m/8432	HR/Ncmsc
04FVU	Num.18.6	בְּנֵ֣י	1121 a	HNcmpc
04WCj	Num.18.6	יִשְׂרָאֵ֑ל	3478	HNp
04Rdm	Num.18.6	לָ/כֶ֞ם	l	HR/Sp2mp
04dVT	Num.18.6	מַתָּנָ֤ה	4979	HNcfsa
04zkS	Num.18.6	נְתֻנִים֙	5414	HVqsmpa
04G57	Num.18.6	לַֽ/יהוָ֔ה	l/3068	HR/Np
04gHw	Num.18.6	לַ/עֲבֹ֕ד	l/5647	HR/Vqc
04gCw	Num.18.6	אֶת	853	HTo
04gTK	Num.18.6	עֲבֹדַ֖ת	5656	HNcfsc
0435b	Num.18.6	אֹ֥הֶל	168	HNcmsc
04HND	Num.18.6	מוֹעֵֽד	4150	HNcmsa
04TcE	Num.18.7	וְ/אַתָּ֣ה	c/859 a	HC/Pp2ms
04LkG	Num.18.7	וּ/בָנֶ֣י/ךָ	c/1121 a	HC/Ncmpc/Sp2ms
04xf6	Num.18.7	אִ֠תְּ/ךָ	854	HR/Sp2ms
046cM	Num.18.7	תִּשְׁמְר֨וּ	8104	HVqi2mp
04CWb	Num.18.7	אֶת	853	HTo
04DAv	Num.18.7	כְּהֻנַּתְ/כֶ֜ם	3550	HNcfsc/Sp2mp
04CSF	Num.18.7	לְ/כָל	l/3605	HR/Ncmsc
04PJu	Num.18.7	דְּבַ֧ר	1697	HNcmsc
046EF	Num.18.7	הַ/מִּזְבֵּ֛חַ	d/4196	HTd/Ncmsa
04ght	Num.18.7	וּ/לְ/מִ/בֵּ֥ית	c/l/m/1004 b	HC/R/R/Ncmsc
04oxR	Num.18.7	לַ/פָּרֹ֖כֶת	l/6532	HRd/Ncfsa
04aNV	Num.18.7	וַ/עֲבַדְתֶּ֑ם	c/5647	HC/Vqq2mp
04uoi	Num.18.7	עֲבֹדַ֣ת	5656	HNcfsc
04ZxN	Num.18.7	מַתָּנָ֗ה	4979	HNcfsa
04bFj	Num.18.7	אֶתֵּן֙	5414	HVqi1cs
04DVM	Num.18.7	אֶת	853	HTo
048FT	Num.18.7	כְּהֻנַּתְ/כֶ֔ם	3550	HNcfsc/Sp2mp
047kB	Num.18.7	וְ/הַ/זָּ֥ר	c/d/2114 a	HC/Td/Aamsa
04S3j	Num.18.7	הַ/קָּרֵ֖ב	d/7126	HTd/Aamsa
04GQs	Num.18.7	יוּמָֽת	4191	HVHi3ms
047QS	Num.18.8	וַ/יְדַבֵּ֣ר	c/1696	HC/Vpw3ms
046GA	Num.18.8	יְהוָה֮	3068	HNp
04xy2	Num.18.8	אֶֽל	413	HR
04Tpm	Num.18.8	אַהֲרֹן֒	175	HNp
04mRw	Num.18.8	וַ/אֲנִי֙	c/589	HC/Pp1cs
049gE	Num.18.8	הִנֵּ֣ה	2009	HTm
04ZcM	Num.18.8	נָתַ֣תִּֽי	5414	HVqp1cs
04snj	Num.18.8	לְ/ךָ֔	l	HR/Sp2ms
045m9	Num.18.8	אֶת	853	HTo
04wK9	Num.18.8	מִשְׁמֶ֖רֶת	4931	HNcfsc
04iQj	Num.18.8	תְּרוּמֹתָ֑/י	8641	HNcfpc/Sp1cs
0414x	Num.18.8	לְ/כָל	l/3605	HR/Ncmsc
04v37	Num.18.8	קָדְשֵׁ֣י	6918	HNcmpc
044jJ	Num.18.8	בְנֵֽי	1121 a	HNcmpc
04fGp	Num.18.8	יִ֠שְׂרָאֵל	3478	HNp
04zrt	Num.18.8	לְ/ךָ֨	l	HR/Sp2ms
04Epq	Num.18.8	נְתַתִּ֧י/ם	5414	HVqp1cs/Sp3mp
047Ry	Num.18.8	לְ/מָשְׁחָ֛ה	l/4888 b	HR/Ncfsa
04wFC	Num.18.8	וּ/לְ/בָנֶ֖י/ךָ	c/l/1121 a	HC/R/Ncmpc/Sp2ms
04HBS	Num.18.8	לְ/חָק	l/2706	HR/Ncmsc
04sf2	Num.18.8	עוֹלָֽם	5769	HNcmsa
049dX	Num.18.9	זֶֽה	2088	HPdxms
04N7N	Num.18.9	יִהְיֶ֥ה	1961	HVqi3ms
04gKc	Num.18.9	לְ/ךָ֛	l	HR/Sp2ms
04vJ4	Num.18.9	מִ/קֹּ֥דֶשׁ	m/6944	HR/Ncmsc
04LTG	Num.18.9	הַ/קֳּדָשִׁ֖ים	d/6944	HTd/Ncmpa
04iWP	Num.18.9	מִן	4480 a	HR
04L1p	Num.18.9	הָ/אֵ֑שׁ	d/784	HTd/Ncbsa
04b2b	Num.18.9	כָּל	3605	HNcmsc
047zY	Num.18.9	קָ֠רְבָּנָ/ם	7133 a	HNcmsc/Sp3mp
04wcC	Num.18.9	לְֽ/כָל	l/3605	HR/Ncmsc
04U2K	Num.18.9	מִנְחָתָ֞/ם	4503	HNcfsc/Sp3mp
04oxn	Num.18.9	וּ/לְ/כָל	c/l/3605	HC/R/Ncmsc
04gDj	Num.18.9	חַטָּאתָ֗/ם	2403 b	HNcfsc/Sp3mp
04AUo	Num.18.9	וּ/לְ/כָל	c/l/3605	HC/R/Ncmsc
049Ye	Num.18.9	אֲשָׁמָ/ם֙	817	HNcmsc/Sp3mp
04kJo	Num.18.9	אֲשֶׁ֣ר	834 a	HTr
04rtp	Num.18.9	יָשִׁ֣יבוּ	7725	HVhi3mp
04xVb	Num.18.9	לִ֔/י	l	HR/Sp1cs
04qqs	Num.18.9	קֹ֣דֶשׁ	6944	HNcmsc
04Kcb	Num.18.9	קָֽדָשִׁ֥ים	6944	HNcmpa
04VGc	Num.18.9	לְ/ךָ֛	l	HR/Sp2ms
04aTW	Num.18.9	ה֖וּא	1931	HPp3ms
04is8	Num.18.9	וּ/לְ/בָנֶֽי/ךָ	c/l/1121 a	HC/R/Ncmpc/Sp2ms
043ZA	Num.18.10	בְּ/קֹ֥דֶשׁ	b/6944	HR/Ncmsc
04aWZ	Num.18.10	הַ/קֳּדָשִׁ֖ים	d/6944	HTd/Ncmpa
048CG	Num.18.10	תֹּאכֲלֶ֑/נּוּ	398	HVqi2ms/Sp3ms
043aP	Num.18.10	כָּל	3605	HNcmsc
04j7r	Num.18.10	זָכָר֙	2145	HAamsa
04MkY	Num.18.10	יֹאכַ֣ל	398	HVqi3ms
04hnM	Num.18.10	אֹת֔/וֹ	853	HTo/Sp3ms
04zWi	Num.18.10	קֹ֖דֶשׁ	6944	HNcmsa
04FDw	Num.18.10	יִֽהְיֶה	1961	HVqi3ms
04vPq	Num.18.10	לָּֽ/ךְ	l	HR/Sp2fs
04v7k	Num.18.11	וְ/זֶה	c/2088	HC/Pdxms
04tyX	Num.18.11	לְּ/ךָ֞	l	HR/Sp2ms
04J26	Num.18.11	תְּרוּמַ֣ת	8641	HNcfsc
04o8v	Num.18.11	מַתָּנָ֗/ם	4976	HNcmsc/Sp3mp
04Lae	Num.18.11	לְ/כָל	l/3605	HR/Ncmsc
04ZKD	Num.18.11	תְּנוּפֹת֮	8573	HNcfpc
04JMK	Num.18.11	בְּנֵ֣י	1121 a	HNcmpc
04tNx	Num.18.11	יִשְׂרָאֵל֒	3478	HNp
04BWE	Num.18.11	לְ/ךָ֣	l	HR/Sp2ms
04ZXU	Num.18.11	נְתַתִּ֗י/ם	5414	HVqp1cs/Sp3mp
04ap1	Num.18.11	וּ/לְ/בָנֶ֧י/ךָ	c/l/1121 a	HC/R/Ncmpc/Sp2ms
04pu2	Num.18.11	וְ/לִ/בְנֹתֶ֛י/ךָ	c/l/1323	HC/R/Ncfpc/Sp2ms
04uYm	Num.18.11	אִתְּ/ךָ֖	854	HR/Sp2ms
04LPR	Num.18.11	לְ/חָק	l/2706	HR/Ncmsc
04B9g	Num.18.11	עוֹלָ֑ם	5769	HNcmsa
04ELn	Num.18.11	כָּל	3605	HNcmsc
049mo	Num.18.11	טָה֥וֹר	2889	HAamsa
04xiQ	Num.18.11	בְּ/בֵיתְ/ךָ֖	b/1004 b	HR/Ncmsc/Sp2ms
04AzY	Num.18.11	יֹאכַ֥ל	398	HVqi3ms
04pRM	Num.18.11	אֹתֽ/וֹ	853	HTo/Sp3ms
04gvr	Num.18.12	כֹּ֚ל	3605	HNcmsc
04es7	Num.18.12	חֵ֣לֶב	2459	HNcmsc
04k9R	Num.18.12	יִצְהָ֔ר	3323	HNcmsa
04HmZ	Num.18.12	וְ/כָל	c/3605	HC/Ncmsc
04dQE	Num.18.12	חֵ֖לֶב	2459	HNcmsc
04EzE	Num.18.12	תִּיר֣וֹשׁ	8492	HNcmsa
04Qxp	Num.18.12	וְ/דָגָ֑ן	c/1715	HC/Ncmsa
04xRK	Num.18.12	רֵאשִׁיתָ֛/ם	7225	HNcfsc/Sp3mp
046mk	Num.18.12	אֲשֶׁר	834 a	HTr
04kf6	Num.18.12	יִתְּנ֥וּ	5414	HVqi3mp
04CLp	Num.18.12	לַֽ/יהוָ֖ה	l/3068	HR/Np
047ZV	Num.18.12	לְ/ךָ֥	l	HR/Sp2ms
04skE	Num.18.12	נְתַתִּֽי/ם	5414	HVqp1cs/Sp3mp
04DHK	Num.18.13	בִּכּוּרֵ֞י	1061	HNcbpc
04LmD	Num.18.13	כָּל	3605	HNcmsc
04T9L	Num.18.13	אֲשֶׁ֧ר	834 a	HTr
04QVr	Num.18.13	בְּ/אַרְצָ֛/ם	b/776	HR/Ncbsc/Sp3mp
04ZMf	Num.18.13	אֲשֶׁר	834 a	HTr
04a5C	Num.18.13	יָבִ֥יאוּ	935	HVhi3mp
04cK2	Num.18.13	לַ/יהוָ֖ה	l/3068	HR/Np
04FHD	Num.18.13	לְ/ךָ֣	l	HR/Sp2ms
04BcP	Num.18.13	יִהְיֶ֑ה	1961	HVqi3ms
04cFA	Num.18.13	כָּל	3605	HNcmsc
049Bv	Num.18.13	טָה֥וֹר	2889	HAamsa
04ktn	Num.18.13	בְּ/בֵיתְ/ךָ֖	b/1004 b	HR/Ncmsc/Sp2ms
04AWZ	Num.18.13	יֹאכֲלֶֽ/נּוּ	398	HVqi3ms/Sp3ms
04wYq	Num.18.14	כָּל	3605	HNcmsc
04F4E	Num.18.14	חֵ֥רֶם	2764 a	HNcmsa
04wMa	Num.18.14	בְּ/יִשְׂרָאֵ֖ל	b/3478	HR/Np
04M16	Num.18.14	לְ/ךָ֥	l	HR/Sp2ms
04uKB	Num.18.14	יִהְיֶֽה	1961	HVqi3ms
044cr	Num.18.15	כָּל	3605	HNcmsc
041Ro	Num.18.15	פֶּ֣טֶר	6363 a	HNcmsc
04a1a	Num.18.15	רֶ֠חֶם	7358	HNcmsa
047rf	Num.18.15	לְֽ/כָל	l/3605	HR/Ncmsc
0411j	Num.18.15	בָּשָׂ֞ר	1320	HNcmsa
04evk	Num.18.15	אֲשֶׁר	834 a	HTr
04bGa	Num.18.15	יַקְרִ֧יבוּ	7126	HVhi3mp
0438u	Num.18.15	לַֽ/יהוָ֛ה	l/3068	HR/Np
04XYz	Num.18.15	בָּ/אָדָ֥ם	b/120	HRd/Ncmsa
04aaD	Num.18.15	וּ/בַ/בְּהֵמָ֖ה	c/b/929	HC/Rd/Ncfsa
04zLt	Num.18.15	יִֽהְיֶה	1961	HVqi3ms
04yNH	Num.18.15	לָּ֑/ךְ	l	HR/Sp2fs
04MrT	Num.18.15	אַ֣ךְ	389	HTa
04gkr	Num.18.15	פָּדֹ֣ה	6299	HVqa
043BK	Num.18.15	תִפְדֶּ֗ה	6299	HVqi2ms
04Rzg	Num.18.15	אֵ֚ת	853	HTo
04Tho	Num.18.15	בְּכ֣וֹר	1060	HNcmsc
04aV8	Num.18.15	הָֽ/אָדָ֔ם	d/120	HTd/Ncmsa
046XG	Num.18.15	וְ/אֵ֛ת	c/853	HC/To
04gQc	Num.18.15	בְּכֽוֹר	1060	HNcmsc
04YoM	Num.18.15	הַ/בְּהֵמָ֥ה	d/929	HTd/Ncfsa
04jQn	Num.18.15	הַ/טְּמֵאָ֖ה	d/2931	HTd/Aafsa
045jv	Num.18.15	תִּפְדֶּֽה	6299	HVqi2ms
04Xs5	Num.18.16	וּ/פְדוּיָ/ו֙	c/6299	HC/Vqsmsc/Sp3ms
04GPZ	Num.18.16	מִ/בֶּן	m/1121 a	HR/Ncmsc
04PVy	Num.18.16	חֹ֣דֶשׁ	2320	HNcmsa
04HwJ	Num.18.16	תִּפְדֶּ֔ה	6299	HVqi2ms
04nRk	Num.18.16	בְּ/עֶ֨רְכְּ/ךָ֔	b/6187	HR/Ncmsc/Sp2ms
04UmV	Num.18.16	כֶּ֛סֶף	3701	HNcmsc
04PHe	Num.18.16	חֲמֵ֥שֶׁת	2568	HAcmsc
04nv5	Num.18.16	שְׁקָלִ֖ים	8255	HNcmpa
044NA	Num.18.16	בְּ/שֶׁ֣קֶל	b/8255	HR/Ncmsc
04iaF	Num.18.16	הַ/קֹּ֑דֶשׁ	d/6944	HTd/Ncmsa
04tCw	Num.18.16	עֶשְׂרִ֥ים	6242	HAcbpa
04miU	Num.18.16	גֵּרָ֖ה	1626	HNcfsa
04NyE	Num.18.16	הֽוּא	1931	HPp3ms
04KyB	Num.18.17	אַ֣ךְ	389	HTa
04vG4	Num.18.17	בְּֽכוֹר	1060	HNcmsc
04Ns5	Num.18.17	שׁ֡וֹר	7794	HNcmsa
04nEy	Num.18.17	אֽוֹ	176 a	HC
041j4	Num.18.17	בְכ֨וֹר	1060	HNcmsc
04xWY	Num.18.17	כֶּ֜שֶׂב	3775	HNcmsa
04d6q	Num.18.17	אֽוֹ	176 a	HC
04DwY	Num.18.17	בְכ֥וֹר	1060	HNcmsc
04k8D	Num.18.17	עֵ֛ז	5795	HNcfsa
04uXu	Num.18.17	לֹ֥א	3808	HTn
043vW	Num.18.17	תִפְדֶּ֖ה	6299	HVqi2ms
046UE	Num.18.17	קֹ֣דֶשׁ	6944	HNcmsa
04KoW	Num.18.17	הֵ֑ם	1992	HPp3mp
04Upi	Num.18.17	אֶת	853	HTo
04SLS	Num.18.17	דָּמָ֞/ם	1818	HNcmsc/Sp3mp
045nj	Num.18.17	תִּזְרֹ֤ק	2236	HVqi2ms
04UuS	Num.18.17	עַל	5921 a	HR
04aYa	Num.18.17	הַ/מִּזְבֵּ֨חַ֙	d/4196	HTd/Ncmsa
04yCU	Num.18.17	וְ/אֶת	c/853	HC/To
04HwX	Num.18.17	חֶלְבָּ֣/ם	2459	HNcmsc/Sp3mp
04Lda	Num.18.17	תַּקְטִ֔יר	6999 a	HVhi2ms
045iw	Num.18.17	אִשֶּׁ֛ה	801	HNcmsa
04A1N	Num.18.17	לְ/רֵ֥יחַ	l/7381	HR/Ncmsc
04Upk	Num.18.17	נִיחֹ֖חַ	5207	HNcmsa
041QC	Num.18.17	לַֽ/יהוָֽה	l/3068	HR/Np
04uTF	Num.18.18	וּ/בְשָׂרָ֖/ם	c/1320	HC/Ncmsc/Sp3mp
04sj2	Num.18.18	יִהְיֶה	1961	HVqi3ms
04Cya	Num.18.18	לָּ֑/ךְ	l	HR/Sp2fs
04Lsr	Num.18.18	כַּ/חֲזֵ֧ה	k/2373	HR/Ncmsc
04xMt	Num.18.18	הַ/תְּנוּפָ֛ה	d/8573	HTd/Ncfsa
04xzT	Num.18.18	וּ/כְ/שׁ֥וֹק	c/k/7785	HC/R/Ncfsc
04G9z	Num.18.18	הַ/יָּמִ֖ין	d/3225	HTd/Ncfsa
04M9j	Num.18.18	לְ/ךָ֥	l	HR/Sp2ms
04mDn	Num.18.18	יִהְיֶֽה	1961	HVqi3ms
04GEL	Num.18.19	כֹּ֣ל	3605	HNcmsc
04MW7	Num.18.19	תְּרוּמֹ֣ת	8641	HNcfpc
04T65	Num.18.19	הַ/קֳּדָשִׁ֗ים	d/6944	HTd/Ncmpa
04EzH	Num.18.19	אֲשֶׁ֨ר	834 a	HTr
04u8d	Num.18.19	יָרִ֥ימוּ	7311 a	HVhi3mp
04jiv	Num.18.19	בְנֵֽי	1121 a	HNcmpc
04jP8	Num.18.19	יִשְׂרָאֵל֮	3478	HNp
04QQx	Num.18.19	לַֽ/יהוָה֒	l/3068	HR/Np
04MZC	Num.18.19	נָתַ֣תִּֽי	5414	HVqp1cs
04TjS	Num.18.19	לְ/ךָ֗	l	HR/Sp2ms
04aLy	Num.18.19	וּ/לְ/בָנֶ֧י/ךָ	c/l/1121 a	HC/R/Ncmpc/Sp2ms
04av1	Num.18.19	וְ/לִ/בְנֹתֶ֛י/ךָ	c/l/1323	HC/R/Ncfpc/Sp2ms
04GHs	Num.18.19	אִתְּ/ךָ֖	854	HR/Sp2ms
04Y8d	Num.18.19	לְ/חָק	l/2706	HR/Ncmsc
04bn6	Num.18.19	עוֹלָ֑ם	5769	HNcmsa
04En5	Num.18.19	בְּרִית֩	1285	HNcfsc
04AfW	Num.18.19	מֶ֨לַח	4417	HNcmsc
04UL8	Num.18.19	עוֹלָ֥ם	5769	HNcmsa
04qni	Num.18.19	הִוא֙	1931	HPp3fs
04pdR	Num.18.19	לִ/פְנֵ֣י	l/6440	HR/Ncbpc
041MW	Num.18.19	יְהוָ֔ה	3068	HNp
04C96	Num.18.19	לְ/ךָ֖	l	HR/Sp2ms
04zcK	Num.18.19	וּ/לְ/זַרְעֲ/ךָ֥	c/l/2233	HC/R/Ncmsc/Sp2ms
04Zir	Num.18.19	אִתָּֽ/ךְ	854	HR/Sp2fs
04L6T	Num.18.20	וַ/יֹּ֨אמֶר	c/559	HC/Vqw3ms
04m8E	Num.18.20	יְהוָ֜ה	3068	HNp
042bM	Num.18.20	אֶֽל	413	HR
04H2r	Num.18.20	אַהֲרֹ֗ן	175	HNp
04fya	Num.18.20	בְּ/אַרְצָ/ם֙	b/776	HR/Ncbsc/Sp3mp
04zuE	Num.18.20	לֹ֣א	3808	HTn
04cYr	Num.18.20	תִנְחָ֔ל	5157	HVqi2ms
04vyC	Num.18.20	וְ/חֵ֕לֶק	c/2506 a	HC/Ncmsa
041Qy	Num.18.20	לֹא	3808	HTn
04mev	Num.18.20	יִהְיֶ֥ה	1961	HVqi3ms
04veC	Num.18.20	לְ/ךָ֖	l	HR/Sp2ms
04eid	Num.18.20	בְּ/תוֹכָ֑/ם	b/8432	HR/Ncmsc/Sp3mp
04gkQ	Num.18.20	אֲנִ֤י	589	HPp1cs
04rMj	Num.18.20	חֶלְקְ/ךָ֙	2506 a	HNcmsc/Sp2ms
04Qme	Num.18.20	וְ/נַחֲלָ֣תְ/ךָ֔	c/5159	HC/Ncfsc/Sp2ms
04KFR	Num.18.20	בְּ/ת֖וֹךְ	b/8432	HR/Ncmsc
04bf6	Num.18.20	בְּנֵ֥י	1121 a	HNcmpc
04kBj	Num.18.20	יִשְׂרָאֵֽל	3478	HNp
04zZ2	Num.18.21	וְ/לִ/בְנֵ֣י	c/l/1121 a	HC/R/Ncmpc
04oKC	Num.18.21	לֵוִ֔י	3878	HNp
046uo	Num.18.21	הִנֵּ֥ה	2009	HTm
04PCg	Num.18.21	נָתַ֛תִּי	5414	HVqp1cs
04Gd9	Num.18.21	כָּל	3605	HNcmsc
0425K	Num.18.21	מַֽעֲשֵׂ֥ר	4643	HNcmsa
042bQ	Num.18.21	בְּ/יִשְׂרָאֵ֖ל	b/3478	HR/Np
04jVz	Num.18.21	לְ/נַחֲלָ֑ה	l/5159	HR/Ncfsa
049Rn	Num.18.21	חֵ֤לֶף	2500	HR
04KbM	Num.18.21	עֲבֹֽדָתָ/ם֙	5656	HNcfsc/Sp3mp
04i8D	Num.18.21	אֲשֶׁר	834 a	HTr
04EYu	Num.18.21	הֵ֣ם	1992	HPp3mp
04CvC	Num.18.21	עֹֽבְדִ֔ים	5647	HVqrmpa
04tb1	Num.18.21	אֶת	853	HTo
045ZR	Num.18.21	עֲבֹדַ֖ת	5656	HNcfsc
04Rir	Num.18.21	אֹ֥הֶל	168	HNcmsc
04gdi	Num.18.21	מוֹעֵֽד	4150	HNcmsa
04DFa	Num.18.22	וְ/לֹא	c/3808	HC/Tn
04MxK	Num.18.22	יִקְרְב֥וּ	7126	HVqi3mp
04fex	Num.18.22	ע֛וֹד	5750	HD
0413D	Num.18.22	בְּנֵ֥י	1121 a	HNcmpc
04Zvs	Num.18.22	יִשְׂרָאֵ֖ל	3478	HNp
04hfY	Num.18.22	אֶל	413	HR
043sw	Num.18.22	אֹ֣הֶל	168	HNcmsc
048Ew	Num.18.22	מוֹעֵ֑ד	4150	HNcmsa
04Mwj	Num.18.22	לָ/שֵׂ֥את	l/5375	HR/Vqc
048g1	Num.18.22	חֵ֖טְא	2399	HNcmsa
04Lk1	Num.18.22	לָ/מֽוּת	l/4191	HR/Vqc
04Uwg	Num.18.23	וְ/עָבַ֨ד	c/5647	HC/Vqq3ms
045dD	Num.18.23	הַ/לֵּוִ֜י	d/3881	HTd/Ngmsa
04eHM	Num.18.23	ה֗וּא	1931	HPp3ms
04w49	Num.18.23	אֶת	853	HTo
04acX	Num.18.23	עֲבֹדַת֙	5656	HNcfsc
04Xwc	Num.18.23	אֹ֣הֶל	168	HNcmsc
04D7S	Num.18.23	מוֹעֵ֔ד	4150	HNcmsa
04BLU	Num.18.23	וְ/הֵ֖ם	c/1992	HC/Pp3mp
04o6z	Num.18.23	יִשְׂא֣וּ	5375	HVqi3mp
043aw	Num.18.23	עֲוֺנָ֑/ם	5771	HNcbsc/Sp3mp
043YR	Num.18.23	חֻקַּ֤ת	2708	HNcbsc
04Swj	Num.18.23	עוֹלָם֙	5769	HNcmsa
042zp	Num.18.23	לְ/דֹרֹ֣תֵי/כֶ֔ם	l/1755	HR/Ncmpc/Sp2mp
04x4M	Num.18.23	וּ/בְ/תוֹךְ֙	c/b/8432	HC/R/Ncmsc
04f2j	Num.18.23	בְּנֵ֣י	1121 a	HNcmpc
04ESw	Num.18.23	יִשְׂרָאֵ֔ל	3478	HNp
04uNE	Num.18.23	לֹ֥א	3808	HTn
04czx	Num.18.23	יִנְחֲל֖וּ	5157	HVqi3mp
04gNf	Num.18.23	נַחֲלָֽה	5159	HNcfsa
045gm	Num.18.24	כִּ֞י	3588 a	HC
04sA2	Num.18.24	אֶת	853	HTo
04nQw	Num.18.24	מַעְשַׂ֣ר	4643	HNcmsc
04KS7	Num.18.24	בְּנֵֽי	1121 a	HNcmpc
04vk1	Num.18.24	יִשְׂרָאֵ֗ל	3478	HNp
04azB	Num.18.24	אֲשֶׁ֨ר	834 a	HTr
04wZA	Num.18.24	יָרִ֤ימוּ	7311 a	HVhi3mp
04WhD	Num.18.24	לַֽ/יהוָה֙	l/3068	HR/Np
04AwF	Num.18.24	תְּרוּמָ֔ה	8641	HNcfsa
048k8	Num.18.24	נָתַ֥תִּי	5414	HVqp1cs
04SpG	Num.18.24	לַ/לְוִיִּ֖ם	l/3881	HRd/Ngmpa
04S8F	Num.18.24	לְ/נַחֲלָ֑ה	l/5159	HR/Ncfsa
04msz	Num.18.24	עַל	5921 a	HR
04bTw	Num.18.24	כֵּן֙	3651 c	HTm
04QiX	Num.18.24	אָמַ֣רְתִּי	559	HVqp1cs
04Xuu	Num.18.24	לָ/הֶ֔ם	l	HR/Sp3mp
04KTQ	Num.18.24	בְּ/תוֹךְ֙	b/8432	HR/Ncmsc
04r46	Num.18.24	בְּנֵ֣י	1121 a	HNcmpc
043dV	Num.18.24	יִשְׂרָאֵ֔ל	3478	HNp
04Rjs	Num.18.24	לֹ֥א	3808	HTn
04A9E	Num.18.24	יִנְחֲל֖וּ	5157	HVqi3mp
04AnP	Num.18.24	נַחֲלָֽה	5159	HNcfsa
04Qsw	Num.18.25	וַ/יְדַבֵּ֥ר	c/1696	HC/Vpw3ms
04CF2	Num.18.25	יְהוָ֖ה	3068	HNp
048VA	Num.18.25	אֶל	413	HR
04Yfd	Num.18.25	מֹשֶׁ֥ה	4872	HNp
04Ngi	Num.18.25	לֵּ/אמֹֽר	l/559	HR/Vqc
04Ksy	Num.18.26	וְ/אֶל	c/413	HC/R
04cKK	Num.18.26	הַ/לְוִיִּ֣ם	d/3881	HTd/Ngmpa
04Dnr	Num.18.26	תְּדַבֵּר֮	1696	HVpi2ms
04CPM	Num.18.26	וְ/אָמַרְתָּ֣	c/559	HC/Vqq2ms
04uYg	Num.18.26	אֲלֵ/הֶם֒	413	HR/Sp3mp
046yA	Num.18.26	כִּֽי	3588 a	HC
044tC	Num.18.26	תִ֠קְחוּ	3947	HVqi2mp
04LkV	Num.18.26	מֵ/אֵ֨ת	m/854	HR/R
04cmM	Num.18.26	בְּנֵֽי	1121 a	HNcmpc
04AKe	Num.18.26	יִשְׂרָאֵ֜ל	3478	HNp
045V1	Num.18.26	אֶת	853	HTo
04rXz	Num.18.26	הַֽ/מַּעֲשֵׂ֗ר	d/4643	HTd/Ncmsa
045XE	Num.18.26	אֲשֶׁ֨ר	834 a	HTr
04VhT	Num.18.26	נָתַ֧תִּי	5414	HVqp1cs
04aN4	Num.18.26	לָ/כֶ֛ם	l	HR/Sp2mp
04Sax	Num.18.26	מֵ/אִתָּ֖/ם	m/854	HR/R/Sp3mp
04yVm	Num.18.26	בְּ/נַחֲלַתְ/כֶ֑ם	b/5159	HR/Ncfsc/Sp2mp
04bhd	Num.18.26	וַ/הֲרֵמֹתֶ֤ם	c/7311 a	HC/Vhq2mp
04jJJ	Num.18.26	מִמֶּ֨/נּוּ֙	4480 a	HR/Sp1cp
04tDj	Num.18.26	תְּרוּמַ֣ת	8641	HNcfsc
04eVj	Num.18.26	יְהוָ֔ה	3068	HNp
04yuP	Num.18.26	מַעֲשֵׂ֖ר	4643	HNcmsa
04yVg	Num.18.26	מִן	4480 a	HR
048uc	Num.18.26	הַֽ/מַּעֲשֵֽׂר	d/4643	HTd/Ncmsa
04Tx7	Num.18.27	וְ/נֶחְשַׁ֥ב	c/2803	HC/VNq3ms
04Nf9	Num.18.27	לָ/כֶ֖ם	l	HR/Sp2mp
04ErY	Num.18.27	תְּרוּמַתְ/כֶ֑ם	8641	HNcfsc/Sp2mp
04SDV	Num.18.27	כַּ/דָּגָן֙	k/1715	HRd/Ncmsa
04S5U	Num.18.27	מִן	4480 a	HR
04rBc	Num.18.27	הַ/גֹּ֔רֶן	d/1637	HTd/Ncbsa
04n6K	Num.18.27	וְ/כַֽ/מְלֵאָ֖ה	c/k/4395	HC/Rd/Ncfsa
04KR8	Num.18.27	מִן	4480 a	HR
04bXf	Num.18.27	הַ/יָּֽקֶב	d/3342	HTd/Ncmsa
047He	Num.18.28	כֵּ֣ן	3651 c	HTm
04NPm	Num.18.28	תָּרִ֤ימוּ	7311 a	HVhi2mp
04KYN	Num.18.28	גַם	1571	HD
048Bi	Num.18.28	אַתֶּם֙	859 d	HPp2mp
041Mj	Num.18.28	תְּרוּמַ֣ת	8641	HNcfsc
04d5X	Num.18.28	יְהוָ֔ה	3068	HNp
04Yp1	Num.18.28	מִ/כֹּל֙	m/3605	HR/Ncmsc
04iSP	Num.18.28	מַעְשְׂרֹ֣תֵי/כֶ֔ם	4643	HNcmpc/Sp2mp
04ZfK	Num.18.28	אֲשֶׁ֣ר	834 a	HTr
04u5B	Num.18.28	תִּקְח֔וּ	3947	HVqi2mp
04p96	Num.18.28	מֵ/אֵ֖ת	m/854	HR/R
04KKx	Num.18.28	בְּנֵ֣י	1121 a	HNcmpc
04YfM	Num.18.28	יִשְׂרָאֵ֑ל	3478	HNp
045ro	Num.18.28	וּ/נְתַתֶּ֤ם	c/5414	HC/Vqq2mp
045AM	Num.18.28	מִמֶּ֨/נּוּ֙	4480 a	HR/Sp1cp
04Rp4	Num.18.28	אֶת	853	HTo
04wKU	Num.18.28	תְּרוּמַ֣ת	8641	HNcfsc
04dbh	Num.18.28	יְהוָ֔ה	3068	HNp
04YA5	Num.18.28	לְ/אַהֲרֹ֖ן	l/175	HR/Np
04xjv	Num.18.28	הַ/כֹּהֵֽן	d/3548	HTd/Ncmsa
041dS	Num.18.29	מִ/כֹּל֙	m/3605	HR/Ncmsc
04E92	Num.18.29	מַתְּנֹ֣תֵי/כֶ֔ם	4979	HNcfpc/Sp2mp
04Fys	Num.18.29	תָּרִ֕ימוּ	7311 a	HVhi2mp
04Xse	Num.18.29	אֵ֖ת	853	HTo
04aEj	Num.18.29	כָּל	3605	HNcmsc
04mGS	Num.18.29	תְּרוּמַ֣ת	8641	HNcfsc
043Lv	Num.18.29	יְהוָ֑ה	3068	HNp
04vrK	Num.18.29	מִ/כָּל	m/3605	HR/Ncmsc
04k1r	Num.18.29	חֶלְבּ֔/וֹ	2459	HNcmsc/Sp3ms
04CZZ	Num.18.29	אֶֽת	853	HTo
04bCc	Num.18.29	מִקְדְּשׁ֖/וֹ	4720	HNcmsc/Sp3ms
04Bmn	Num.18.29	מִמֶּֽ/נּוּ	4480 a	HR/Sp3ms
04XMv	Num.18.30	וְ/אָמַרְתָּ֖	c/559	HC/Vqq2ms
04cFV	Num.18.30	אֲלֵ/הֶ֑ם	413	HR/Sp3mp
04RQq	Num.18.30	בַּ/הֲרִֽימְ/כֶ֤ם	b/7311 a	HR/Vhc/Sp2mp
04Ppj	Num.18.30	אֶת	853	HTo
04PXw	Num.18.30	חֶלְבּ/וֹ֙	2459	HNcmsc/Sp3ms
04ZSs	Num.18.30	מִמֶּ֔/נּוּ	4480 a	HR/Sp1cp
04kid	Num.18.30	וְ/נֶחְשַׁב֙	c/2803	HC/VNq3ms
04ECC	Num.18.30	לַ/לְוִיִּ֔ם	l/3881	HRd/Ngmpa
048aX	Num.18.30	כִּ/תְבוּאַ֥ת	k/8393	HR/Ncfsc
04dCA	Num.18.30	גֹּ֖רֶן	1637	HNcbsa
04iYJ	Num.18.30	וְ/כִ/תְבוּאַ֥ת	c/k/8393	HC/R/Ncfsc
044MR	Num.18.30	יָֽקֶב	3342	HNcmsa
04ZFU	Num.18.31	וַ/אֲכַלְתֶּ֤ם	c/398	HC/Vqq2mp
04JTf	Num.18.31	אֹת/וֹ֙	853	HTo/Sp3ms
04NEZ	Num.18.31	בְּ/כָל	b/3605	HR/Ncmsc
04VWk	Num.18.31	מָק֔וֹם	4725	HNcmsa
04MRM	Num.18.31	אַתֶּ֖ם	859 d	HPp2mp
043Az	Num.18.31	וּ/בֵֽיתְ/כֶ֑ם	c/1004 b	HC/Ncmsc/Sp2mp
04Xvk	Num.18.31	כִּֽי	3588 a	HC
04hrr	Num.18.31	שָׂכָ֥ר	7939	HNcmsa
04Zna	Num.18.31	הוּא֙	1931	HPp3ms
0447T	Num.18.31	לָ/כֶ֔ם	l	HR/Sp2mp
04uEs	Num.18.31	חֵ֥לֶף	2500	HR
04UhF	Num.18.31	עֲבֹֽדַתְ/כֶ֖ם	5656	HNcfsc/Sp2mp
04AsV	Num.18.31	בְּ/אֹ֥הֶל	b/168	HR/Ncmsc
04cPo	Num.18.31	מוֹעֵֽד	4150	HNcmsa
04HCo	Num.18.32	וְ/לֹֽא	c/3808	HC/Tn
04Ncd	Num.18.32	תִשְׂא֤וּ	5375	HVqi2mp
04fkM	Num.18.32	עָלָי/ו֙	5921 a	HR/Sp3ms
04Y5W	Num.18.32	חֵ֔טְא	2399	HNcmsa
04cWe	Num.18.32	בַּ/הֲרִֽימְ/כֶ֥ם	b/7311 a	HR/Vhc/Sp2mp
0478Q	Num.18.32	אֶת	853	HTo
04QMC	Num.18.32	חֶלְבּ֖/וֹ	2459	HNcmsc/Sp3ms
049FS	Num.18.32	מִמֶּ֑/נּוּ	4480 a	HR/Sp1cp
04UgZ	Num.18.32	וְ/אֶת	c/853	HC/To
04dCx	Num.18.32	קָדְשֵׁ֧י	6918	HNcmpc
04t8E	Num.18.32	בְנֵי	1121 a	HNcmpc
04bHQ	Num.18.32	יִשְׂרָאֵ֛ל	3478	HNp
04Vqr	Num.18.32	לֹ֥א	3808	HTn
04zDY	Num.18.32	תְחַלְּל֖וּ	2490 c	HVpi2mp
04veq	Num.18.32	וְ/לֹ֥א	c/3808	HC/Tn
042Ug	Num.18.32	תָמֽוּתוּ	4191	HVqi2mp
04LXA	Num.19.1	וַ/יְדַבֵּ֣ר	c/1696	HC/Vpw3ms
04Kqi	Num.19.1	יְהוָ֔ה	3068	HNp
0414n	Num.19.1	אֶל	413	HR
04yHy	Num.19.1	מֹשֶׁ֥ה	4872	HNp
04Umo	Num.19.1	וְ/אֶֽל	c/413	HC/R
047NW	Num.19.1	אַהֲרֹ֖ן	175	HNp
04KG2	Num.19.1	לֵ/אמֹֽר	l/559	HR/Vqc
04fYJ	Num.19.2	זֹ֚את	2063	HPdxfs
049d8	Num.19.2	חֻקַּ֣ת	2708	HNcbsc
04Sfn	Num.19.2	הַ/תּוֹרָ֔ה	d/8451	HTd/Ncfsa
04uWk	Num.19.2	אֲשֶׁר	834 a	HTr
04Tgm	Num.19.2	צִוָּ֥ה	6680	HVpp3ms
04YMi	Num.19.2	יְהוָ֖ה	3068	HNp
04iJh	Num.19.2	לֵ/אמֹ֑ר	l/559	HR/Vqc
04LXs	Num.19.2	דַּבֵּ֣ר	1696	HVpv2ms
04rYT	Num.19.2	אֶל	413	HR
04RR8	Num.19.2	בְּנֵ֣י	1121 a	HNcmpc
046Re	Num.19.2	יִשְׂרָאֵ֗ל	3478	HNp
045kQ	Num.19.2	וְ/יִקְח֣וּ	c/3947	HC/Vqi3mp
04F1e	Num.19.2	אֵלֶי/ךָ֩	413	HR/Sp2ms
04sxD	Num.19.2	פָרָ֨ה	6510	HNcfsa
045qt	Num.19.2	אֲדֻמָּ֜ה	122 a	HAafsa
04xfJ	Num.19.2	תְּמִימָ֗ה	8549	HAafsa
047fv	Num.19.2	אֲשֶׁ֤ר	834 a	HTr
04GTF	Num.19.2	אֵֽין	369	HTn
04xxY	Num.19.2	בָּ/הּ֙	b	HR/Sp3fs
048D3	Num.19.2	מ֔וּם	3971 b	HNcmsa
04H6s	Num.19.2	אֲשֶׁ֛ר	834 a	HTr
04Q3u	Num.19.2	לֹא	3808	HTn
04g4E	Num.19.2	עָלָ֥ה	5927	HVqp3ms
04nHP	Num.19.2	עָלֶ֖י/הָ	5921 a	HR/Sp3fs
04Npf	Num.19.2	עֹֽל	5923	HNcmsa
04TSC	Num.19.3	וּ/נְתַתֶּ֣ם	c/5414	HC/Vqq2mp
046Gr	Num.19.3	אֹתָ֔/הּ	853	HTo/Sp3fs
04HFG	Num.19.3	אֶל	413	HR
04UML	Num.19.3	אֶלְעָזָ֖ר	499	HNp
04KFu	Num.19.3	הַ/כֹּהֵ֑ן	d/3548	HTd/Ncmsa
04oBq	Num.19.3	וְ/הוֹצִ֤יא	c/3318	HC/Vhq3ms
04zF2	Num.19.3	אֹתָ/הּ֙	853	HTo/Sp3fs
04gEd	Num.19.3	אֶל	413	HR
04oyj	Num.19.3	מִ/ח֣וּץ	m/2351	HR/Ncmsa
04zVA	Num.19.3	לַֽ/מַּחֲנֶ֔ה	l/4264	HRd/Ncbsa
04JNz	Num.19.3	וְ/שָׁחַ֥ט	c/7819 a	HC/Vqq3ms
04BYL	Num.19.3	אֹתָ֖/הּ	853	HTo/Sp3fs
04kq6	Num.19.3	לְ/פָנָֽי/ו	l/6440	HR/Ncbpc/Sp3ms
04MnH	Num.19.4	וְ/לָקַ֞ח	c/3947	HC/Vqq3ms
04bQw	Num.19.4	אֶלְעָזָ֧ר	499	HNp
04y6n	Num.19.4	הַ/כֹּהֵ֛ן	d/3548	HTd/Ncmsa
04xa7	Num.19.4	מִ/דָּמָ֖/הּ	m/1818	HR/Ncmsc/Sp3fs
04cGb	Num.19.4	בְּ/אֶצְבָּע֑/וֹ	b/676	HR/Ncfsc/Sp3ms
04YGx	Num.19.4	וְ/הִזָּ֞ה	c/5137 a	HC/Vhq3ms
04pa3	Num.19.4	אֶל	413	HR
04ibA	Num.19.4	נֹ֨כַח	5227	HR
04dvZ	Num.19.4	פְּנֵ֧י	6440	HNcbpc
04hFJ	Num.19.4	אֹֽהֶל	168	HNcmsc
0466z	Num.19.4	מוֹעֵ֛ד	4150	HNcmsa
04AeZ	Num.19.4	מִ/דָּמָ֖/הּ	m/1818	HR/Ncmsc/Sp3fs
04Dsp	Num.19.4	שֶׁ֥בַע	7651	HAcfsa
04ELA	Num.19.4	פְּעָמִֽים	6471	HNcfpa
047dA	Num.19.5	וְ/שָׂרַ֥ף	c/8313	HC/Vqq3ms
04PXX	Num.19.5	אֶת	853	HTo
04yyV	Num.19.5	הַ/פָּרָ֖ה	d/6510	HTd/Ncfsa
04fQB	Num.19.5	לְ/עֵינָ֑י/ו	l/5869 a	HR/Ncbdc/Sp3ms
04Nkg	Num.19.5	אֶת	853	HTo
04WHz	Num.19.5	עֹרָ֤/הּ	5785	HNcmsc/Sp3fs
04xTn	Num.19.5	וְ/אֶת	c/853	HC/To
04XYy	Num.19.5	בְּשָׂרָ/הּ֙	1320	HNcmsc/Sp3fs
04nbe	Num.19.5	וְ/אֶת	c/853	HC/To
04kUz	Num.19.5	דָּמָ֔/הּ	1818	HNcmsc/Sp3fs
04Amk	Num.19.5	עַל	5921 a	HR
04edi	Num.19.5	פִּרְשָׁ֖/הּ	6569	HNcmsc/Sp3fs
04U5m	Num.19.5	יִשְׂרֹֽף	8313	HVqi3ms
048hf	Num.19.6	וְ/לָקַ֣ח	c/3947	HC/Vqq3ms
04yYd	Num.19.6	הַ/כֹּהֵ֗ן	d/3548	HTd/Ncmsa
04WnW	Num.19.6	עֵ֥ץ	6086	HNcmsc
04K8G	Num.19.6	אֶ֛רֶז	730	HNcmsa
04gEG	Num.19.6	וְ/אֵז֖וֹב	c/231	HC/Ncmsa
0484A	Num.19.6	וּ/שְׁנִ֣י	c/8144	HC/Ncmsc
04Sgy	Num.19.6	תוֹלָ֑עַת	8438 b	HNcfsa
044Ny	Num.19.6	וְ/הִשְׁלִ֕יךְ	c/7993	HC/Vhq3ms
04Kvd	Num.19.6	אֶל	413	HR
04ZUS	Num.19.6	תּ֖וֹךְ	8432	HNcmsc
04XoQ	Num.19.6	שְׂרֵפַ֥ת	8316	HNcfsc
04Ujv	Num.19.6	הַ/פָּרָֽה	d/6510	HTd/Ncfsa
04i5h	Num.19.7	וְ/כִבֶּ֨ס	c/3526	HC/Vpq3ms
04oNy	Num.19.7	בְּגָדָ֜י/ו	899 b	HNcmpc/Sp3ms
046c6	Num.19.7	הַ/כֹּהֵ֗ן	d/3548	HTd/Ncmsa
04mRY	Num.19.7	וְ/רָחַ֤ץ	c/7364	HC/Vqq3ms
04Qjx	Num.19.7	בְּשָׂר/וֹ֙	1320	HNcmsc/Sp3ms
04UQH	Num.19.7	בַּ/מַּ֔יִם	b/4325	HRd/Ncmpa
04TXE	Num.19.7	וְ/אַחַ֖ר	c/310 a	HC/D
04h72	Num.19.7	יָב֣וֹא	935	HVqi3ms
04f14	Num.19.7	אֶל	413	HR
04XZo	Num.19.7	הַֽ/מַּחֲנֶ֑ה	d/4264	HTd/Ncbsa
04Fsc	Num.19.7	וְ/טָמֵ֥א	c/2930 a	HC/Vqq3ms
04rP9	Num.19.7	הַ/כֹּהֵ֖ן	d/3548	HTd/Ncmsa
04L9q	Num.19.7	עַד	5704	HR
04hD9	Num.19.7	הָ/עָֽרֶב	d/6153	HTd/Ncmsa
04R7s	Num.19.8	וְ/הַ/שֹּׂרֵ֣ף	c/d/8313	HC/Td/Vqrmsa
04U9m	Num.19.8	אֹתָ֔/הּ	853	HTo/Sp3fs
04X96	Num.19.8	יְכַבֵּ֤ס	3526	HVpi3ms
04ZEe	Num.19.8	בְּגָדָי/ו֙	899 b	HNcmpc/Sp3ms
04svc	Num.19.8	בַּ/מַּ֔יִם	b/4325	HRd/Ncmpa
04Ffh	Num.19.8	וְ/רָחַ֥ץ	c/7364	HC/Vqq3ms
04wmm	Num.19.8	בְּשָׂר֖/וֹ	1320	HNcmsc/Sp3ms
04Sw7	Num.19.8	בַּ/מָּ֑יִם	b/4325	HRd/Ncmpa
04eV6	Num.19.8	וְ/טָמֵ֖א	c/2930 a	HC/Vqq3ms
043Hv	Num.19.8	עַד	5704	HR
04Q4W	Num.19.8	הָ/עָֽרֶב	d/6153	HTd/Ncmsa
04UFn	Num.19.9	וְ/אָסַ֣ף	c/622	HC/Vqq3ms
04YNC	Num.19.9	אִ֣ישׁ	376	HNcmsa
04aR8	Num.19.9	טָה֗וֹר	2889	HAamsa
04LkN	Num.19.9	אֵ֚ת	853	HTo
04sNT	Num.19.9	אֵ֣פֶר	665	HNcmsc
04tBw	Num.19.9	הַ/פָּרָ֔ה	d/6510	HTd/Ncfsa
048Ka	Num.19.9	וְ/הִנִּ֛יחַ	c/3240	HC/Vhq3ms
0435Y	Num.19.9	מִ/ח֥וּץ	m/2351	HR/Ncmsa
049MC	Num.19.9	לַֽ/מַּחֲנֶ֖ה	l/4264	HRd/Ncbsa
04L8B	Num.19.9	בְּ/מָק֣וֹם	b/4725	HR/Ncmsa
04S9i	Num.19.9	טָה֑וֹר	2889	HAamsa
04Mv3	Num.19.9	וְ֠/הָיְתָה	c/1961	HC/Vqq3fs
04wVV	Num.19.9	לַ/עֲדַ֨ת	l/5712	HR/Ncfsc
04g4n	Num.19.9	בְּנֵֽי	1121 a	HNcmpc
04kQp	Num.19.9	יִשְׂרָאֵ֧ל	3478	HNp
04Kb6	Num.19.9	לְ/מִשְׁמֶ֛רֶת	l/4931	HR/Ncfsa
04b2m	Num.19.9	לְ/מֵ֥י	l/4325	HR/Ncmpc
04ydG	Num.19.9	נִדָּ֖ה	5079	HNcfsa
045Fz	Num.19.9	חַטָּ֥את	2403 b	HNcfsa
04fdx	Num.19.9	הִֽוא	1931	HPp3fs
04nbJ	Num.19.10	וְ֠/כִבֶּס	c/3526	HC/Vpq3ms
04kFR	Num.19.10	הָ/אֹסֵ֨ף	d/622	HTd/Vqrmsa
04bdT	Num.19.10	אֶת	853	HTo
04198	Num.19.10	אֵ֤פֶר	665	HNcmsc
04zXN	Num.19.10	הַ/פָּרָה֙	d/6510	HTd/Ncfsa
04GsJ	Num.19.10	אֶת	853	HTo
04Ygk	Num.19.10	בְּגָדָ֔י/ו	899 b	HNcmpc/Sp3ms
04pvb	Num.19.10	וְ/טָמֵ֖א	c/2930 a	HC/Vqq3ms
04ikT	Num.19.10	עַד	5704	HR
04hkL	Num.19.10	הָ/עָ֑רֶב	d/6153	HTd/Ncmsa
04Zkg	Num.19.10	וְֽ/הָיְתָ֞ה	c/1961	HC/Vqq3fs
04rjG	Num.19.10	לִ/בְנֵ֣י	l/1121 a	HR/Ncmpc
04Zr3	Num.19.10	יִשְׂרָאֵ֗ל	3478	HNp
04wyh	Num.19.10	וְ/לַ/גֵּ֛ר	c/l/1616	HC/Rd/Ncmsa
04ptA	Num.19.10	הַ/גָּ֥ר	d/1481 a	HTd/Vqrmsa
04eWf	Num.19.10	בְּ/תוֹכָ֖/ם	b/8432	HR/Ncmsc/Sp3mp
04CPj	Num.19.10	לְ/חֻקַּ֥ת	l/2708	HR/Ncbsc
0475q	Num.19.10	עוֹלָֽם	5769	HNcmsa
04ZEp	Num.19.11	הַ/נֹּגֵ֥עַ	d/5060	HTd/Vqrmsa
04ujr	Num.19.11	בְּ/מֵ֖ת	b/4191	HR/Vqrmsa
04YAj	Num.19.11	לְ/כָל	l/3605	HR/Ncmsc
04vTy	Num.19.11	נֶ֣פֶשׁ	5315	HNcbsa
04uRq	Num.19.11	אָדָ֑ם	120	HNcmsa
04ZEw	Num.19.11	וְ/טָמֵ֖א	c/2930 a	HC/Vqq3ms
04WYA	Num.19.11	שִׁבְעַ֥ת	7651	HAcmsc
04qhb	Num.19.11	יָמִֽים	3117	HNcmpa
04GDP	Num.19.12	ה֣וּא	1931	HPp3ms
04APs	Num.19.12	יִתְחַטָּא	2398	HVti3ms
04qXw	Num.19.12	ב֞/וֹ	b	HR/Sp3ms
04Gh9	Num.19.12	בַּ/יּ֧וֹם	b/3117	HRd/Ncmsa
04n4y	Num.19.12	הַ/שְּׁלִישִׁ֛י	d/7992	HTd/Aomsa
046i6	Num.19.12	וּ/בַ/יּ֥וֹם	c/b/3117	HC/Rd/Ncmsa
04squ	Num.19.12	הַ/שְּׁבִיעִ֖י	d/7637	HTd/Aomsa
04Kgq	Num.19.12	יִטְהָ֑ר	2891	HVqi3ms
04v4i	Num.19.12	וְ/אִם	c/518 a	HC/C
04RbN	Num.19.12	לֹ֨א	3808	HTn
049LN	Num.19.12	יִתְחַטָּ֜א	2398	HVti3ms
04dof	Num.19.12	בַּ/יּ֧וֹם	b/3117	HRd/Ncmsa
04jCu	Num.19.12	הַ/שְּׁלִישִׁ֛י	d/7992	HTd/Aomsa
04RA2	Num.19.12	וּ/בַ/יּ֥וֹם	c/b/3117	HC/Rd/Ncmsa
0422L	Num.19.12	הַ/שְּׁבִיעִ֖י	d/7637	HTd/Aomsa
04eJb	Num.19.12	לֹ֥א	3808	HTn
04TCo	Num.19.12	יִטְהָֽר	2891	HVqi3ms
041DL	Num.19.13	כָּֽל	3605	HNcmsc
04U11	Num.19.13	הַ/נֹּגֵ֡עַ	d/5060	HTd/Vqrmsa
04wAB	Num.19.13	בְּ/מֵ֣ת	b/4191	HR/Vqrmsa
04Jdr	Num.19.13	בְּ/נֶפֶשׁ֩	b/5315	HR/Ncbsc
04kds	Num.19.13	הָ/אָדָ֨ם	d/120	HTd/Ncmsa
04VhE	Num.19.13	אֲשֶׁר	834 a	HTr
04XYi	Num.19.13	יָמ֜וּת	4191	HVqi3ms
04ejz	Num.19.13	וְ/לֹ֣א	c/3808	HC/Tn
04etA	Num.19.13	יִתְחַטָּ֗א	2398	HVti3ms
04DcB	Num.19.13	אֶת	853	HTo
04pEu	Num.19.13	מִשְׁכַּ֤ן	4908	HNcmsc
04Xoa	Num.19.13	יְהוָה֙	3068	HNp
04EWC	Num.19.13	טִמֵּ֔א	2930 a	HVpp3ms
04yDn	Num.19.13	וְ/נִכְרְתָ֛ה	c/3772	HC/VNq3fs
04bJ2	Num.19.13	הַ/נֶּ֥פֶשׁ	d/5315	HTd/Ncbsa
04YKT	Num.19.13	הַ/הִ֖וא	d/1931	HTd/Pp3fs
04URj	Num.19.13	מִ/יִּשְׂרָאֵ֑ל	m/3478	HR/Np
046mo	Num.19.13	כִּי֩	3588 a	HC
04yxJ	Num.19.13	מֵ֨י	4325	HNcmpc
04NM4	Num.19.13	נִדָּ֜ה	5079	HNcfsa
04fhU	Num.19.13	לֹא	3808	HTn
04xuo	Num.19.13	זֹרַ֤ק	2236	HVQp3ms
04UEp	Num.19.13	עָלָי/ו֙	5921 a	HR/Sp3ms
04MDn	Num.19.13	טָמֵ֣א	2931	HAamsa
04ju9	Num.19.13	יִהְיֶ֔ה	1961	HVqi3ms
04YEm	Num.19.13	ע֖וֹד	5750	HD
043xG	Num.19.13	טֻמְאָת֥/וֹ	2932	HNcfsc/Sp3ms
04ZgR	Num.19.13	בֽ/וֹ	b	HR/Sp3ms
043qk	Num.19.14	זֹ֚את	2063	HPdxfs
04pGx	Num.19.14	הַ/תּוֹרָ֔ה	d/8451	HTd/Ncfsa
04hv5	Num.19.14	אָדָ֖ם	120	HNcmsa
04QGv	Num.19.14	כִּֽי	3588 a	HC
04L7y	Num.19.14	יָמ֣וּת	4191	HVqi3ms
04nu8	Num.19.14	בְּ/אֹ֑הֶל	b/168	HR/Ncmsa
04n1y	Num.19.14	כָּל	3605	HNcmsc
04Zkm	Num.19.14	הַ/בָּ֤א	d/935	HTd/Vqrmsa
04qVK	Num.19.14	אֶל	413	HR
04jBr	Num.19.14	הָ/אֹ֨הֶל֙	d/168	HTd/Ncmsa
04cgK	Num.19.14	וְ/כָל	c/3605	HC/Ncmsc
04Nqr	Num.19.14	אֲשֶׁ֣ר	834 a	HTr
04LxX	Num.19.14	בָּ/אֹ֔הֶל	b/168	HRd/Ncmsa
04Ljx	Num.19.14	יִטְמָ֖א	2930 a	HVqi3ms
04bus	Num.19.14	שִׁבְעַ֥ת	7651	HAcmsc
04NNv	Num.19.14	יָמִֽים	3117	HNcmpa
04M37	Num.19.15	וְ/כֹל֙	c/3605	HC/Ncmsc
04f1x	Num.19.15	כְּלִ֣י	3627	HNcmsa
043r7	Num.19.15	פָת֔וּחַ	6605 a	HVqsmsa
04Zw5	Num.19.15	אֲשֶׁ֛ר	834 a	HTr
04nu3	Num.19.15	אֵין	369	HTn
04VNP	Num.19.15	צָמִ֥יד	6781 b	HNcmsc
04jsx	Num.19.15	פָּתִ֖יל	6616	HNcmsa
04JD3	Num.19.15	עָלָ֑י/ו	5921 a	HR/Sp3ms
044eU	Num.19.15	טָמֵ֖א	2931	HAamsa
04ypB	Num.19.15	הֽוּא	1931	HPp3ms
04svx	Num.19.16	וְ/כֹ֨ל	c/3605	HC/Ncmsa
04mrL	Num.19.16	אֲשֶׁר	834 a	HTr
04d8S	Num.19.16	יִגַּ֜ע	5060	HVqi3ms
04tSP	Num.19.16	עַל	5921 a	HR
04bjP	Num.19.16	פְּנֵ֣י	6440	HNcbpc
04aKU	Num.19.16	הַ/שָּׂדֶ֗ה	d/7704 b	HTd/Ncmsa
04iBY	Num.19.16	בַּֽ/חֲלַל	b/2491 a	HR/Aamsc
04gw3	Num.19.16	חֶ֨רֶב֙	2719	HNcfsa
04Wee	Num.19.16	א֣וֹ	176 a	HC
04Zc7	Num.19.16	בְ/מֵ֔ת	b/4191	HR/Vqrmsa
04Ee2	Num.19.16	אֽוֹ	176 a	HC
04ZHm	Num.19.16	בְ/עֶ֥צֶם	b/6106	HR/Ncfsc
04ofL	Num.19.16	אָדָ֖ם	120	HNcmsa
04GhY	Num.19.16	א֣וֹ	176 a	HC
049n6	Num.19.16	בְ/קָ֑בֶר	b/6913	HR/Ncmsa
04TPj	Num.19.16	יִטְמָ֖א	2930 a	HVqi3ms
04rvH	Num.19.16	שִׁבְעַ֥ת	7651	HAcmsc
04nVc	Num.19.16	יָמִֽים	3117	HNcmpa
04Yqo	Num.19.17	וְ/לָֽקְחוּ֙	c/3947	HC/Vqq3cp
04uKG	Num.19.17	לַ/טָּמֵ֔א	l/2931	HRd/Aamsa
04KoS	Num.19.17	מֵ/עֲפַ֖ר	m/6083	HR/Ncmsc
04y1v	Num.19.17	שְׂרֵפַ֣ת	8316	HNcfsc
04nD3	Num.19.17	הַֽ/חַטָּ֑את	d/2403 b	HTd/Ncfsa
04aDh	Num.19.17	וְ/נָתַ֥ן	c/5414	HC/Vqq3ms
04XXA	Num.19.17	עָלָ֛י/ו	5921 a	HR/Sp3ms
04BRn	Num.19.17	מַ֥יִם	4325	HNcmpa
04BCo	Num.19.17	חַיִּ֖ים	2416 a	HAampa
04jY8	Num.19.17	אֶל	413	HR
04ANE	Num.19.17	כֶּֽלִי	3627	HNcmsa
04ss1	Num.19.18	וְ/לָקַ֨ח	c/3947	HC/Vqq3ms
04kyF	Num.19.18	אֵז֜וֹב	231	HNcmsa
04AkE	Num.19.18	וְ/טָבַ֣ל	c/2881	HC/Vqq3ms
04cyn	Num.19.18	בַּ/מַּיִם֮	b/4325	HRd/Ncmpa
04TX5	Num.19.18	אִ֣ישׁ	376	HNcmsa
04awA	Num.19.18	טָהוֹר֒	2889	HAamsa
045Ga	Num.19.18	וְ/הִזָּ֤ה	c/5137 a	HC/Vhq3ms
04jvj	Num.19.18	עַל	5921 a	HR
04bfj	Num.19.18	הָ/אֹ֨הֶל֙	d/168	HTd/Ncmsa
04ZMA	Num.19.18	וְ/עַל	c/5921 a	HC/R
04mWA	Num.19.18	כָּל	3605	HNcmsc
04rm7	Num.19.18	הַ/כֵּלִ֔ים	d/3627	HTd/Ncmpa
04yug	Num.19.18	וְ/עַל	c/5921 a	HC/R
04Bpi	Num.19.18	הַ/נְּפָשׁ֖וֹת	d/5315	HTd/Ncbpa
04HGn	Num.19.18	אֲשֶׁ֣ר	834 a	HTr
041u6	Num.19.18	הָֽיוּ	1961	HVqp3cp
04jE7	Num.19.18	שָׁ֑ם	8033	HD
047Ws	Num.19.18	וְ/עַל	c/5921 a	HC/R
04WPv	Num.19.18	הַ/נֹּגֵ֗עַ	d/5060	HTd/Vqrmsa
04and	Num.19.18	בַּ/עֶ֨צֶם֙	b/6106	HRd/Ncfsa
04q86	Num.19.18	א֣וֹ	176 a	HC
04JYX	Num.19.18	בֶֽ/חָלָ֔ל	b/2491 a	HRd/Aamsa
04dzt	Num.19.18	א֥וֹ	176 a	HC
04Wat	Num.19.18	בַ/מֵּ֖ת	b/4191	HRd/Vqrmsa
04cpA	Num.19.18	א֥וֹ	176 a	HC
04RUY	Num.19.18	בַ/קָּֽבֶר	b/6913	HRd/Ncmsa
04h1u	Num.19.19	וְ/הִזָּ֤ה	c/5137 a	HC/Vhq3ms
04Zs6	Num.19.19	הַ/טָּהֹר֙	d/2889	HTd/Aamsa
04yap	Num.19.19	עַל	5921 a	HR
04ioT	Num.19.19	הַ/טָּמֵ֔א	d/2931	HTd/Aamsa
04bLg	Num.19.19	בַּ/יּ֥וֹם	b/3117	HRd/Ncmsa
04WPW	Num.19.19	הַ/שְּׁלִישִׁ֖י	d/7992	HTd/Aomsa
04p3p	Num.19.19	וּ/בַ/יּ֣וֹם	c/b/3117	HC/Rd/Ncmsa
04ehS	Num.19.19	הַ/שְּׁבִיעִ֑י	d/7637	HTd/Aomsa
04Rwe	Num.19.19	וְ/חִטְּא/וֹ֙	c/2398	HC/Vpq3ms/Sp3ms
04RFg	Num.19.19	בַּ/יּ֣וֹם	b/3117	HRd/Ncmsa
04x37	Num.19.19	הַ/שְּׁבִיעִ֔י	d/7637	HTd/Aomsa
04Sni	Num.19.19	וְ/כִבֶּ֧ס	c/3526	HC/Vpq3ms
04KYM	Num.19.19	בְּגָדָ֛י/ו	899 b	HNcmpc/Sp3ms
04138	Num.19.19	וְ/רָחַ֥ץ	c/7364	HC/Vqq3ms
04t9r	Num.19.19	בַּ/מַּ֖יִם	b/4325	HRd/Ncmpa
04A87	Num.19.19	וְ/טָהֵ֥ר	c/2891	HC/Vqq3ms
04Qfw	Num.19.19	בָּ/עָֽרֶב	b/6153	HRd/Ncmsa
04Ny9	Num.19.20	וְ/אִ֤ישׁ	c/376	HC/Ncmsa
04kpB	Num.19.20	אֲשֶׁר	834 a	HTr
04Gka	Num.19.20	יִטְמָא֙	2930 a	HVqi3ms
045s2	Num.19.20	וְ/לֹ֣א	c/3808	HC/Tn
04oD3	Num.19.20	יִתְחַטָּ֔א	2398	HVti3ms
04FpP	Num.19.20	וְ/נִכְרְתָ֛ה	c/3772	HC/VNq3fs
04T11	Num.19.20	הַ/נֶּ֥פֶשׁ	d/5315	HTd/Ncbsa
04Kt2	Num.19.20	הַ/הִ֖וא	d/1931	HTd/Pp3fs
04pVF	Num.19.20	מִ/תּ֣וֹךְ	m/8432	HR/Ncmsc
0446N	Num.19.20	הַ/קָּהָ֑ל	d/6951	HTd/Ncmsa
04g7R	Num.19.20	כִּי֩	3588 a	HC
04hVa	Num.19.20	אֶת	853	HTo
04gaf	Num.19.20	מִקְדַּ֨שׁ	4720	HNcmsc
04MGb	Num.19.20	יְהוָ֜ה	3068	HNp
04BsP	Num.19.20	טִמֵּ֗א	2930 a	HVpp3ms
04x9n	Num.19.20	מֵ֥י	4325	HNcmpc
04e4W	Num.19.20	נִדָּ֛ה	5079	HNcfsa
04ukG	Num.19.20	לֹא	3808	HTn
04P19	Num.19.20	זֹרַ֥ק	2236	HVQp3ms
04YBg	Num.19.20	עָלָ֖י/ו	5921 a	HR/Sp3ms
04tJt	Num.19.20	טָמֵ֥א	2931	HAamsa
04T3b	Num.19.20	הֽוּא	1931	HPp3ms
04zpd	Num.19.21	וְ/הָיְתָ֥ה	c/1961	HC/Vqq3fs
04fo4	Num.19.21	לָּ/הֶ֖ם	l	HR/Sp3mp
04JcQ	Num.19.21	לְ/חֻקַּ֣ת	l/2708	HR/Ncbsc
04nsG	Num.19.21	עוֹלָ֑ם	5769	HNcmsa
04gsU	Num.19.21	וּ/מַזֵּ֤ה	c/5137 a	HC/Vhrmsc
047qg	Num.19.21	מֵֽי	4325	HNcmpc
04e5s	Num.19.21	הַ/נִּדָּה֙	d/5079	HTd/Ncfsa
04W55	Num.19.21	יְכַבֵּ֣ס	3526	HVpi3ms
04M2X	Num.19.21	בְּגָדָ֔י/ו	899 b	HNcmpc/Sp3ms
04n34	Num.19.21	וְ/הַ/נֹּגֵ֨עַ֙	c/d/5060	HC/Td/Vqrmsa
04mvp	Num.19.21	בְּ/מֵ֣י	b/4325	HR/Ncmpc
04sxM	Num.19.21	הַ/נִּדָּ֔ה	d/5079	HTd/Ncfsa
04DwN	Num.19.21	יִטְמָ֖א	2930 a	HVqi3ms
04geR	Num.19.21	עַד	5704	HR
04XSs	Num.19.21	הָ/עָֽרֶב	d/6153	HTd/Ncmsa
04gF9	Num.19.22	וְ/כֹ֛ל	c/3605	HC/Ncmsa
04jPg	Num.19.22	אֲשֶׁר	834 a	HTr
04fmE	Num.19.22	יִגַּע	5060	HVqi3ms
048Jb	Num.19.22	בּ֥/וֹ	b	HR/Sp3ms
04ow7	Num.19.22	הַ/טָּמֵ֖א	d/2931	HTd/Aamsa
04FpJ	Num.19.22	יִטְמָ֑א	2930 a	HVqi3ms
04oHD	Num.19.22	וְ/הַ/נֶּ֥פֶשׁ	c/d/5315	HC/Td/Ncbsa
04Gyh	Num.19.22	הַ/נֹּגַ֖עַת	d/5060	HTd/Vqrfsa
04uZa	Num.19.22	תִּטְמָ֥א	2930 a	HVqi3fs
04Y9V	Num.19.22	עַד	5704	HR
04n71	Num.19.22	הָ/עָֽרֶב	d/6153	HTd/Ncmsa
04qj9	Num.20.1	וַ/יָּבֹ֣אוּ	c/935	HC/Vqw3mp
04Yip	Num.20.1	בְנֵֽי	1121 a	HNcmpc
04Bjm	Num.20.1	יִ֠שְׂרָאֵל	3478	HNp
04LJT	Num.20.1	כָּל	3605	HNcmsc
047Tg	Num.20.1	הָ֨/עֵדָ֤ה	d/5712	HTd/Ncfsa
04owQ	Num.20.1	מִדְבַּר	4057 b	HNcmsc
04G3J	Num.20.1	צִן֙	6790	HNp
04WoZ	Num.20.1	בַּ/חֹ֣דֶשׁ	b/2320	HRd/Ncmsa
04W2r	Num.20.1	הָֽ/רִאשׁ֔וֹן	d/7223	HTd/Aomsa
04KPR	Num.20.1	וַ/יֵּ֥שֶׁב	c/3427	HC/Vqw3ms
04cee	Num.20.1	הָ/עָ֖ם	d/5971 a	HTd/Ncmsa
04tND	Num.20.1	בְּ/קָדֵ֑שׁ	b/6946	HR/Np
04eZx	Num.20.1	וַ/תָּ֤מָת	c/4191	HC/Vqw3fs
04nbw	Num.20.1	שָׁם֙	8033	HD
04Ucv	Num.20.1	מִרְיָ֔ם	4813	HNp
041j8	Num.20.1	וַ/תִּקָּבֵ֖ר	c/6912	HC/VNw3fs
04Vh8	Num.20.1	שָֽׁם	8033	HD
04eFt	Num.20.2	וְ/לֹא	c/3808	HC/Tn
04Mgt	Num.20.2	הָ֥יָה	1961	HVqp3ms
04tCS	Num.20.2	מַ֖יִם	4325	HNcmpa
04PrL	Num.20.2	לָ/עֵדָ֑ה	l/5712	HRd/Ncfsa
04q8X	Num.20.2	וַ/יִּקָּ֣הֲל֔וּ	c/6950	HC/VNw3mp
04VGa	Num.20.2	עַל	5921 a	HR
04bMM	Num.20.2	מֹשֶׁ֖ה	4872	HNp
04GSx	Num.20.2	וְ/עַֽל	c/5921 a	HC/R
049dP	Num.20.2	אַהֲרֹֽן	175	HNp
04dvk	Num.20.3	וַ/יָּ֥רֶב	c/7378	HC/Vqw3ms
04uUS	Num.20.3	הָ/עָ֖ם	d/5971 a	HTd/Ncmsa
04EjV	Num.20.3	עִם	5973 a	HR
04Sps	Num.20.3	מֹשֶׁ֑ה	4872	HNp
04keq	Num.20.3	וַ/יֹּאמְר֣וּ	c/559	HC/Vqw3mp
04BSE	Num.20.3	לֵ/אמֹ֔ר	l/559	HR/Vqc
04JVW	Num.20.3	וְ/ל֥וּ	c/3863	HC/C
04u6J	Num.20.3	גָוַ֛עְנוּ	1478	HVqp1cp
043Hq	Num.20.3	בִּ/גְוַ֥ע	b/1478	HR/Vqc
04Unp	Num.20.3	אַחֵ֖י/נוּ	251	HNcmpc/Sp1cp
04oNu	Num.20.3	לִ/פְנֵ֥י	l/6440	HR/Ncbpc
042ZC	Num.20.3	יְהוָֽה	3068	HNp
042Pn	Num.20.4	וְ/לָ/מָ֤ה	c/l/4100	HC/R/Ti
04Jw6	Num.20.4	הֲבֵאתֶם֙	935	HVhp2mp
04qYt	Num.20.4	אֶת	853	HTo
04BnB	Num.20.4	קְהַ֣ל	6951	HNcmsc
04Vap	Num.20.4	יְהוָ֔ה	3068	HNp
04tB6	Num.20.4	אֶל	413	HR
04oC1	Num.20.4	הַ/מִּדְבָּ֖ר	d/4057 b	HTd/Ncmsa
04bst	Num.20.4	הַ/זֶּ֑ה	d/2088	HTd/Pdxms
045iT	Num.20.4	לָ/מ֣וּת	l/4191	HR/Vqc
04Jmq	Num.20.4	שָׁ֔ם	8033	HD
04z9m	Num.20.4	אֲנַ֖חְנוּ	587	HPp1cp
04XNh	Num.20.4	וּ/בְעִירֵֽ/נוּ	c/1165	HC/Ncmsc/Sp1cp
04Xxb	Num.20.5	וְ/לָ/מָ֤ה	c/l/4100	HC/R/Ti
04j3N	Num.20.5	הֶֽעֱלִיתֻ֨/נוּ֙	5927	HVhp2mp/Sp1cp
04KhX	Num.20.5	מִ/מִּצְרַ֔יִם	m/4714	HR/Np
04WPh	Num.20.5	לְ/הָבִ֣יא	l/935	HR/Vhc
04K6n	Num.20.5	אֹתָ֔/נוּ	853	HTo/Sp1cp
0478e	Num.20.5	אֶל	413	HR
04Xdw	Num.20.5	הַ/מָּק֥וֹם	d/4725	HTd/Ncmsa
04EPY	Num.20.5	הָ/רָ֖ע	d/7451 a	HTd/Aamsa
04FRd	Num.20.5	הַ/זֶּ֑ה	d/2088	HTd/Pdxms
04k4p	Num.20.5	לֹ֣א	3808	HTn
04ZJp	Num.20.5	מְק֣וֹם	4725	HNcmsc
04TTa	Num.20.5	זֶ֗רַע	2233	HNcmsa
04sCD	Num.20.5	וּ/תְאֵנָ֤ה	c/8384	HC/Ncfsa
04hCJ	Num.20.5	וְ/גֶ֨פֶן֙	c/1612	HC/Ncbsa
04siM	Num.20.5	וְ/רִמּ֔וֹן	c/7416	HC/Ncmsa
0412P	Num.20.5	וּ/מַ֥יִם	c/4325	HC/Ncmpa
04yb4	Num.20.5	אַ֖יִן	369	HTn
04Qer	Num.20.5	לִ/שְׁתּֽוֹת	l/8354	HR/Vqc
04LfY	Num.20.6	וַ/יָּבֹא֩	c/935	HC/Vqw3ms
04ENP	Num.20.6	מֹשֶׁ֨ה	4872	HNp
04ZoA	Num.20.6	וְ/אַהֲרֹ֜ן	c/175	HC/Np
04Suu	Num.20.6	מִ/פְּנֵ֣י	m/6440	HR/Ncbpc
04oPW	Num.20.6	הַ/קָּהָ֗ל	d/6951	HTd/Ncmsa
04iAu	Num.20.6	אֶל	413	HR
04oPN	Num.20.6	פֶּ֨תַח֙	6607	HNcmsc
04pDT	Num.20.6	אֹ֣הֶל	168	HNcmsa
04HJm	Num.20.6	מוֹעֵ֔ד	4150	HNcmsa
04fTU	Num.20.6	וַֽ/יִּפְּל֖וּ	c/5307	HC/Vqw3mp
04t8B	Num.20.6	עַל	5921 a	HR
04eaq	Num.20.6	פְּנֵי/הֶ֑ם	6440	HNcbpc/Sp3mp
04azR	Num.20.6	וַ/יֵּרָ֥א	c/7200	HC/VNw3ms
04jQQ	Num.20.6	כְבוֹד	3519	HNcbsc
04sDb	Num.20.6	יְהוָ֖ה	3068	HNp
04s1w	Num.20.6	אֲלֵי/הֶֽם	413	HR/Sp3mp
04DPf	Num.20.7	וַ/יְדַבֵּ֥ר	c/1696	HC/Vpw3ms
04rWo	Num.20.7	יְהוָ֖ה	3068	HNp
04sKc	Num.20.7	אֶל	413	HR
046fn	Num.20.7	מֹשֶׁ֥ה	4872	HNp
04Cf5	Num.20.7	לֵּ/אמֹֽר	l/559	HR/Vqc
04WAB	Num.20.8	קַ֣ח	3947	HVqv2ms
04jth	Num.20.8	אֶת	853	HTo
04Rbd	Num.20.8	הַ/מַּטֶּ֗ה	d/4294	HTd/Ncmsa
04XCe	Num.20.8	וְ/הַקְהֵ֤ל	c/6950	HC/Vhv2ms
0497G	Num.20.8	אֶת	853	HTo
045qf	Num.20.8	הָ/עֵדָה֙	d/5712	HTd/Ncfsa
04UBZ	Num.20.8	אַתָּה֙	859 a	HPp2ms
049h4	Num.20.8	וְ/אַהֲרֹ֣ן	c/175	HC/Np
04axx	Num.20.8	אָחִ֔י/ךָ	251	HNcmsc/Sp2ms
04jdG	Num.20.8	וְ/דִבַּרְתֶּ֧ם	c/1696	HC/Vpq2mp
04J4J	Num.20.8	אֶל	413	HR
04PWn	Num.20.8	הַ/סֶּ֛לַע	d/5553	HTd/Ncmsa
04HsD	Num.20.8	לְ/עֵינֵי/הֶ֖ם	l/5869 a	HR/Ncbdc/Sp3mp
04ph7	Num.20.8	וְ/נָתַ֣ן	c/5414	HC/Vqq3ms
04XFJ	Num.20.8	מֵימָ֑י/ו	4325	HNcmpc/Sp3ms
043iH	Num.20.8	וְ/הוֹצֵאתָ֨	c/3318	HC/Vhq2ms
04uY4	Num.20.8	לָ/הֶ֥ם	l	HR/Sp3mp
04H5C	Num.20.8	מַ֨יִם֙	4325	HNcmpa
04gut	Num.20.8	מִן	4480 a	HR
046rs	Num.20.8	הַ/סֶּ֔לַע	d/5553	HTd/Ncmsa
04iU2	Num.20.8	וְ/הִשְׁקִיתָ֥	c/8248	HC/Vhq2ms
04KDJ	Num.20.8	אֶת	853	HTo
04Yko	Num.20.8	הָ/עֵדָ֖ה	d/5712	HTd/Ncfsa
04TbR	Num.20.8	וְ/אֶת	c/853	HC/To
04ytT	Num.20.8	בְּעִירָֽ/ם	1165	HNcmsc/Sp3mp
04ATb	Num.20.9	וַ/יִּקַּ֥ח	c/3947	HC/Vqw3ms
04ETp	Num.20.9	מֹשֶׁ֛ה	4872	HNp
04VmE	Num.20.9	אֶת	853	HTo
04UNE	Num.20.9	הַ/מַּטֶּ֖ה	d/4294	HTd/Ncmsa
04uJA	Num.20.9	מִ/לִּ/פְנֵ֣י	m/l/6440	HR/R/Ncbpc
0428S	Num.20.9	יְהוָ֑ה	3068	HNp
04cLf	Num.20.9	כַּ/אֲשֶׁ֖ר	k/834 d	HR/Tr
049FC	Num.20.9	צִוָּֽ/הוּ	6680	HVpp3ms/Sp3ms
04vyf	Num.20.10	וַ/יַּקְהִ֜לוּ	c/6950	HC/Vhw3mp
04joM	Num.20.10	מֹשֶׁ֧ה	4872	HNp
0416u	Num.20.10	וְ/אַהֲרֹ֛ן	c/175	HC/Np
04Sac	Num.20.10	אֶת	853	HTo
04UsZ	Num.20.10	הַ/קָּהָ֖ל	d/6951	HTd/Ncmsa
045AU	Num.20.10	אֶל	413	HR
041ZY	Num.20.10	פְּנֵ֣י	6440	HNcbpc
04e8V	Num.20.10	הַ/סָּ֑לַע	d/5553	HTd/Ncmsa
04XGf	Num.20.10	וַ/יֹּ֣אמֶר	c/559	HC/Vqw3ms
043kn	Num.20.10	לָ/הֶ֗ם	l	HR/Sp3mp
047pC	Num.20.10	שִׁמְעוּ	8085	HVqv2mp
04CY7	Num.20.10	נָא֙	4994	HTe
04opR	Num.20.10	הַ/מֹּרִ֔ים	d/4784	HTd/Vqrmpa
04VdB	Num.20.10	הֲ/מִן	i/4480 a	HTi/R
04Qwa	Num.20.10	הַ/סֶּ֣לַע	d/5553	HTd/Ncmsa
04FaZ	Num.20.10	הַ/זֶּ֔ה	d/2088	HTd/Pdxms
04XSd	Num.20.10	נוֹצִ֥יא	3318	HVhi1cp
04SgK	Num.20.10	לָ/כֶ֖ם	l	HR/Sp2mp
04VX4	Num.20.10	מָֽיִם	4325	HNcmpa
04KjA	Num.20.11	וַ/יָּ֨רֶם	c/7311 a	HC/Vhw3ms
04N2F	Num.20.11	מֹשֶׁ֜ה	4872	HNp
04bfN	Num.20.11	אֶת	853	HTo
04Bkn	Num.20.11	יָד֗/וֹ	3027	HNcbsc/Sp3ms
04KyM	Num.20.11	וַ/יַּ֧ךְ	c/5221	HC/Vhw3ms
046D5	Num.20.11	אֶת	853	HTo
04mrF	Num.20.11	הַ/סֶּ֛לַע	d/5553	HTd/Ncmsa
04fKs	Num.20.11	בְּ/מַטֵּ֖/הוּ	b/4294	HR/Ncmsc/Sp3ms
04vsB	Num.20.11	פַּעֲמָ֑יִם	6471	HNcfda
041TK	Num.20.11	וַ/יֵּצְאוּ֙	c/3318	HC/Vqw3mp
04JSH	Num.20.11	מַ֣יִם	4325	HNcmpa
04hTk	Num.20.11	רַבִּ֔ים	7227 a	HAampa
04buz	Num.20.11	וַ/תֵּ֥שְׁתְּ	c/8354	HC/Vqw3fs
04Le9	Num.20.11	הָ/עֵדָ֖ה	d/5712	HTd/Ncfsa
04RkQ	Num.20.11	וּ/בְעִירָֽ/ם	c/1165	HC/Ncmsc/Sp3mp
04Z5v	Num.20.12	וַ/יֹּ֣אמֶר	c/559	HC/Vqw3ms
04ajx	Num.20.12	יְהוָה֮	3068	HNp
04vVb	Num.20.12	אֶל	413	HR
04SPW	Num.20.12	מֹשֶׁ֣ה	4872	HNp
04Y3a	Num.20.12	וְ/אֶֽל	c/413	HC/R
04T6R	Num.20.12	אַהֲרֹן֒	175	HNp
04h5B	Num.20.12	יַ֚עַן	3282	HC
04ABc	Num.20.12	לֹא	3808	HTn
04hAZ	Num.20.12	הֶאֱמַנְתֶּ֣ם	539	HVhp2mp
04VjZ	Num.20.12	בִּ֔/י	b	HR/Sp1cs
04XCY	Num.20.12	לְ/הַ֨קְדִּישֵׁ֔/נִי	l/6942	HR/Vhc/Sp1cs
04Q6t	Num.20.12	לְ/עֵינֵ֖י	l/5869 a	HR/Ncbdc
04CNu	Num.20.12	בְּנֵ֣י	1121 a	HNcmpc
04bNQ	Num.20.12	יִשְׂרָאֵ֑ל	3478	HNp
04YTX	Num.20.12	לָ/כֵ֗ן	l/3651 c	HR/D
04yK8	Num.20.12	לֹ֤א	3808	HTn
04F7i	Num.20.12	תָבִ֨יאוּ֙	935	HVhi2mp
04x1o	Num.20.12	אֶת	853	HTo
04Ju6	Num.20.12	הַ/קָּהָ֣ל	d/6951	HTd/Ncmsa
04iac	Num.20.12	הַ/זֶּ֔ה	d/2088	HTd/Pdxms
04KGC	Num.20.12	אֶל	413	HR
049p6	Num.20.12	הָ/אָ֖רֶץ	d/776	HTd/Ncbsa
04cBd	Num.20.12	אֲשֶׁר	834 a	HTr
04mi6	Num.20.12	נָתַ֥תִּי	5414	HVqp1cs
04xQQ	Num.20.12	לָ/הֶֽם	l	HR/Sp3mp
04piH	Num.20.13	הֵ֚מָּה	1992	HPp3mp
04wZ1	Num.20.13	מֵ֣י	4325	HNcmpc
04Gog	Num.20.13	מְרִיבָ֔ה	4809	HNp
04wpw	Num.20.13	אֲשֶׁר	834 a	HTr
04dQ2	Num.20.13	רָב֥וּ	7378	HVqp3cp
04rq5	Num.20.13	בְנֵֽי	1121 a	HNcmpc
04TKr	Num.20.13	יִשְׂרָאֵ֖ל	3478	HNp
04KZ6	Num.20.13	אֶת	854	HR
04gGN	Num.20.13	יְהוָ֑ה	3068	HNp
04LF1	Num.20.13	וַ/יִּקָּדֵ֖שׁ	c/6942	HC/VNw3ms
04os3	Num.20.13	בָּֽ/ם	b	HR/Sp3mp
04bZo	Num.20.14	וַ/יִּשְׁלַ֨ח	c/7971	HC/Vqw3ms
0437i	Num.20.14	מֹשֶׁ֧ה	4872	HNp
04WkH	Num.20.14	מַלְאָכִ֛ים	4397	HNcmpa
04oxo	Num.20.14	מִ/קָּדֵ֖שׁ	m/6946	HR/Np
04xrs	Num.20.14	אֶל	413	HR
042Yq	Num.20.14	מֶ֣לֶךְ	4428	HNcmsc
0426h	Num.20.14	אֱד֑וֹם	123	HNp
04v8s	Num.20.14	כֹּ֤ה	3541	HD
049V6	Num.20.14	אָמַר֙	559	HVqp3ms
04hN7	Num.20.14	אָחִ֣י/ךָ	251	HNcmsc/Sp2ms
04p9V	Num.20.14	יִשְׂרָאֵ֔ל	3478	HNp
04cdq	Num.20.14	אַתָּ֣ה	859 a	HPp2ms
04VtC	Num.20.14	יָדַ֔עְתָּ	3045	HVqp2ms
04epZ	Num.20.14	אֵ֥ת	853	HTo
041xJ	Num.20.14	כָּל	3605	HNcmsc
04XbU	Num.20.14	הַ/תְּלָאָ֖ה	d/8513	HTd/Ncfsa
04ou6	Num.20.14	אֲשֶׁ֥ר	834 a	HTr
04kMS	Num.20.14	מְצָאָֽתְ/נוּ	4672	HVqp3fs/Sp1cp
04NAE	Num.20.15	וַ/יֵּרְד֤וּ	c/3381	HC/Vqw3mp
04xRx	Num.20.15	אֲבֹתֵ֨י/נוּ֙	1	HNcmpc/Sp1cp
04252	Num.20.15	מִצְרַ֔יְמָ/ה	4714	HNp/Sd
04Unw	Num.20.15	וַ/נֵּ֥שֶׁב	c/3427	HC/Vqw1cp
04u7Y	Num.20.15	בְּ/מִצְרַ֖יִם	b/4714	HR/Np
042Eo	Num.20.15	יָמִ֣ים	3117	HNcmpa
04mbv	Num.20.15	רַבִּ֑ים	7227 a	HAampa
04vVi	Num.20.15	וַ/יָּרֵ֥עוּ	c/7489 a	HC/Vhw3mp
04iaN	Num.20.15	לָ֛/נוּ	l	HR/Sp1cp
042EZ	Num.20.15	מִצְרַ֖יִם	4713	HNp
04yTw	Num.20.15	וְ/לַ/אֲבֹתֵֽי/נוּ	c/l/1	HC/R/Ncmpc/Sp1cp
042hV	Num.20.16	וַ/נִּצְעַ֤ק	c/6817	HC/Vqw1cp
04BrS	Num.20.16	אֶל	413	HR
04RC3	Num.20.16	יְהוָה֙	3068	HNp
046NZ	Num.20.16	וַ/יִּשְׁמַ֣ע	c/8085	HC/Vqw3ms
04WEx	Num.20.16	קֹלֵ֔/נוּ	6963 a	HNcmsc/Sp1cp
04ew1	Num.20.16	וַ/יִּשְׁלַ֣ח	c/7971	HC/Vqw3ms
04Bo9	Num.20.16	מַלְאָ֔ךְ	4397	HNcmsa
04HfX	Num.20.16	וַ/יֹּצִאֵ֖/נוּ	c/3318	HC/Vhw3ms/Sp1cp
04RCH	Num.20.16	מִ/מִּצְרָ֑יִם	m/4714	HR/Np
04YUj	Num.20.16	וְ/הִנֵּה֙	c/2009	HC/Tm
04ykU	Num.20.16	אֲנַ֣חְנוּ	587	HPp1cp
04qFt	Num.20.16	בְ/קָדֵ֔שׁ	b/6946	HR/Np
04njs	Num.20.16	עִ֖יר	5892 b	HNcfsc
04zi5	Num.20.16	קְצֵ֥ה	7097 a	HNcbsc
04ce6	Num.20.16	גְבוּלֶֽ/ךָ	1366	HNcmsc/Sp2ms
0455V	Num.20.17	נַעְבְּרָה	5674 a	HVqh1cp
04SQT	Num.20.17	נָּ֣א	4994	HTj
04bba	Num.20.17	בְ/אַרְצֶ֗/ךָ	b/776	HR/Ncbsc/Sp2ms
04WaL	Num.20.17	לֹ֤א	3808	HTn
04huJ	Num.20.17	נַעֲבֹר֙	5674 a	HVqi1cp
04nnW	Num.20.17	בְּ/שָׂדֶ֣ה	b/7704 b	HR/Ncmsa
041Sg	Num.20.17	וּ/בְ/כֶ֔רֶם	c/b/3754	HC/R/Ncbsa
04Pka	Num.20.17	וְ/לֹ֥א	c/3808	HC/Tn
04tvr	Num.20.17	נִשְׁתֶּ֖ה	8354	HVqi1cp
0469q	Num.20.17	מֵ֣י	4325	HNcmpc
04qn3	Num.20.17	בְאֵ֑ר	875	HNcfsa
04Am6	Num.20.17	דֶּ֧רֶךְ	1870	HNcbsc
0463o	Num.20.17	הַ/מֶּ֣לֶךְ	d/4428	HTd/Ncmsa
04u1x	Num.20.17	נֵלֵ֗ךְ	3212	HVqi1cp
04jKB	Num.20.17	לֹ֤א	3808	HTn
04GPt	Num.20.17	נִטֶּה֙	5186	HVqi1cp
04bCn	Num.20.17	יָמִ֣ין	3225	HNcfsa
04a55	Num.20.17	וּ/שְׂמֹ֔אול	c/8040	HC/Ncmsa
04AqG	Num.20.17	עַ֥ד	5704	HR
04Syq	Num.20.17	אֲשֶֽׁר	834 a	HTr
04pqU	Num.20.17	נַעֲבֹ֖ר	5674 a	HVqi1cp
04c7F	Num.20.17	גְּבוּלֶֽ/ךָ	1366	HNcmsc/Sp2ms
04jKd	Num.20.18	וַ/יֹּ֤אמֶר	c/559	HC/Vqw3ms
049Bt	Num.20.18	אֵלָי/ו֙	413	HR/Sp3ms
04uvE	Num.20.18	אֱד֔וֹם	123	HNp
04WNh	Num.20.18	לֹ֥א	3808	HTn
04jWN	Num.20.18	תַעֲבֹ֖ר	5674 a	HVqi2ms
041QH	Num.20.18	בִּ֑/י	b	HR/Sp1cs
04sKq	Num.20.18	פֶּן	6435	HC
04xYX	Num.20.18	בַּ/חֶ֖רֶב	b/2719	HRd/Ncfsa
04YGC	Num.20.18	אֵצֵ֥א	3318	HVqi1cs
04YiZ	Num.20.18	לִ/קְרָאתֶֽ/ךָ	l/7125	HR/Vqc/Sp2ms
04v4S	Num.20.19	וַ/יֹּאמְר֨וּ	c/559	HC/Vqw3mp
04ixP	Num.20.19	אֵלָ֥י/ו	413	HR/Sp3ms
0472Q	Num.20.19	בְּנֵֽי	1121 a	HNcmpc
04yNu	Num.20.19	יִשְׂרָאֵ֘ל	3478	HNp
04ywz	Num.20.19	בַּֽ/מְסִלָּ֣ה	b/4546	HRd/Ncfsa
04eEP	Num.20.19	נַעֲלֶה֒	5927	HVqi1cp
04KTK	Num.20.19	וְ/אִם	c/518 a	HC/C
04cFs	Num.20.19	מֵימֶ֤י/ךָ	4325	HNcmpc/Sp2ms
04Aox	Num.20.19	נִשְׁתֶּה֙	8354	HVqi1cp
04cAM	Num.20.19	אֲנִ֣י	589	HPp1cs
04bHj	Num.20.19	וּ/מִקְנַ֔/י	c/4735	HC/Ncmpc/Sp1cs
04aPQ	Num.20.19	וְ/נָתַתִּ֖י	c/5414	HC/Vqq1cs
044WN	Num.20.19	מִכְרָ֑/ם	4377	HNcmsc/Sp3mp
04RRf	Num.20.19	רַ֥ק	7535	HTa
04nVC	Num.20.19	אֵין	369	HTn
04Bcy	Num.20.19	דָּבָ֖ר	1697	HNcmsa
04P5c	Num.20.19	בְּ/רַגְלַ֥/י	b/7272	HR/Ncfdc/Sp1cs
04W37	Num.20.19	אֶֽעֱבֹֽרָה	5674 a	HVqh1cs
048F5	Num.20.20	וַ/יֹּ֖אמֶר	c/559	HC/Vqw3ms
04enF	Num.20.20	לֹ֣א	3808	HTn
04npz	Num.20.20	תַעֲבֹ֑ר	5674 a	HVqi2ms
04jFk	Num.20.20	וַ/יֵּצֵ֤א	c/3318	HC/Vqw3ms
04aad	Num.20.20	אֱדוֹם֙	123	HNp
04kTe	Num.20.20	לִ/קְרָאת֔/וֹ	l/7125	HR/Vqc/Sp3ms
045Vw	Num.20.20	בְּ/עַ֥ם	b/5971 a	HR/Ncmsa
04GqA	Num.20.20	כָּבֵ֖ד	3515	HAamsa
04Nhq	Num.20.20	וּ/בְ/יָ֥ד	c/b/3027	HC/R/Ncbsa
04LLK	Num.20.20	חֲזָקָֽה	2389	HAafsa
04VUz	Num.20.21	וַ/יְמָאֵ֣ן	c/3985	HC/Vpw3ms
04xTu	Num.20.21	אֱד֗וֹם	123	HNp
04hya	Num.20.21	נְתֹן֙	5414	HVqc
04yiC	Num.20.21	אֶת	853	HTo
04DCf	Num.20.21	יִשְׂרָאֵ֔ל	3478	HNp
04SHs	Num.20.21	עֲבֹ֖ר	5674 a	HVqc
04FE8	Num.20.21	בִּ/גְבֻל֑/וֹ	b/1366	HR/Ncmsc/Sp3ms
04NwY	Num.20.21	וַ/יֵּ֥ט	c/5186	HC/Vqw3ms
04YtK	Num.20.21	יִשְׂרָאֵ֖ל	3478	HNp
048yx	Num.20.21	מֵ/עָלָֽי/ו	m/5921 a	HR/R/Sp3ms
04CJy	Num.20.22	וַ/יִּסְע֖וּ	c/5265	HC/Vqw3mp
04shv	Num.20.22	מִ/קָּדֵ֑שׁ	m/6946	HR/Np
04xJC	Num.20.22	וַ/יָּבֹ֧אוּ	c/935	HC/Vqw3mp
04XH9	Num.20.22	בְנֵֽי	1121 a	HNcmpc
04kx4	Num.20.22	יִשְׂרָאֵ֛ל	3478	HNp
04Qv7	Num.20.22	כָּל	3605	HNcmsc
045SQ	Num.20.22	הָ/עֵדָ֖ה	d/5712	HTd/Ncfsa
044Wf	Num.20.22	הֹ֥ר	2023	HNp
044P8	Num.20.22	הָ/הָֽר	d/2022	HTd/Ncmsa
04VEq	Num.20.23	וַ/יֹּ֧אמֶר	c/559	HC/Vqw3ms
04Lpu	Num.20.23	יְהוָ֛ה	3068	HNp
04nMq	Num.20.23	אֶל	413	HR
04tPt	Num.20.23	מֹשֶׁ֥ה	4872	HNp
04nAY	Num.20.23	וְ/אֶֽל	c/413	HC/R
042iL	Num.20.23	אַהֲרֹ֖ן	175	HNp
04t4y	Num.20.23	בְּ/הֹ֣ר	b/2023	HR/Np
04UF7	Num.20.23	הָ/הָ֑ר	d/2022	HTd/Ncmsa
04jvH	Num.20.23	עַל	5921 a	HR
04EZh	Num.20.23	גְּב֥וּל	1366	HNcmsc
04GNQ	Num.20.23	אֶֽרֶץ	776	HNcbsc
04csG	Num.20.23	אֱד֖וֹם	123	HNp
04SCo	Num.20.23	לֵ/אמֹֽר	l/559	HR/Vqc
04okV	Num.20.24	יֵאָסֵ֤ף	622	HVNi3ms
04Paf	Num.20.24	אַהֲרֹן֙	175	HNp
04VDs	Num.20.24	אֶל	413	HR
04HKK	Num.20.24	עַמָּ֔י/ו	5971 b	HNcmpc/Sp3ms
047Gj	Num.20.24	כִּ֣י	3588 a	HC
04SGr	Num.20.24	לֹ֤א	3808	HTn
04uo7	Num.20.24	יָבֹא֙	935	HVqi3ms
04CVH	Num.20.24	אֶל	413	HR
04syj	Num.20.24	הָ/אָ֔רֶץ	d/776	HTd/Ncbsa
04o59	Num.20.24	אֲשֶׁ֥ר	834 a	HTr
04g86	Num.20.24	נָתַ֖תִּי	5414	HVqp1cs
04fvv	Num.20.24	לִ/בְנֵ֣י	l/1121 a	HR/Ncmpc
04ZbA	Num.20.24	יִשְׂרָאֵ֑ל	3478	HNp
04SU6	Num.20.24	עַ֛ל	5921 a	HR
04A7F	Num.20.24	אֲשֶׁר	834 a	HTr
04qvD	Num.20.24	מְרִיתֶ֥ם	4784	HVqp2mp
0475H	Num.20.24	אֶת	853	HTo
04wax	Num.20.24	פִּ֖/י	6310	HNcmsc/Sp1cs
04zBH	Num.20.24	לְ/מֵ֥י	l/4325	HR/Ncmpc
049wJ	Num.20.24	מְרִיבָֽה	4809	HNp
04gj3	Num.20.25	קַ֚ח	3947	HVqv2ms
04dJx	Num.20.25	אֶֽת	853	HTo
04WBR	Num.20.25	אַהֲרֹ֔ן	175	HNp
04uB9	Num.20.25	וְ/אֶת	c/853	HC/To
04UW8	Num.20.25	אֶלְעָזָ֖ר	499	HNp
04rzJ	Num.20.25	בְּנ֑/וֹ	1121 a	HNcmsc/Sp3ms
046Sa	Num.20.25	וְ/הַ֥עַל	c/5927	HC/Vhv2ms
046Dm	Num.20.25	אֹתָ֖/ם	853	HTo/Sp3mp
04z6r	Num.20.25	הֹ֥ר	2023	HNp
04R8k	Num.20.25	הָ/הָֽר	d/2022	HTd/Ncmsa
04YYk	Num.20.26	וְ/הַפְשֵׁ֤ט	c/6584	HC/Vhv2ms
04C3M	Num.20.26	אֶֽת	853	HTo
04Yqe	Num.20.26	אַהֲרֹן֙	175	HNp
048UA	Num.20.26	אֶת	853	HTo
041Yr	Num.20.26	בְּגָדָ֔י/ו	899 b	HNcmpc/Sp3ms
0422K	Num.20.26	וְ/הִלְבַּשְׁתָּ֖/ם	c/3847	HC/Vhq2ms/Sp3mp
04nkg	Num.20.26	אֶת	853	HTo
04bfa	Num.20.26	אֶלְעָזָ֣ר	499	HNp
04kcM	Num.20.26	בְּנ֑/וֹ	1121 a	HNcmsc/Sp3ms
04xy3	Num.20.26	וְ/אַהֲרֹ֥ן	c/175	HC/Np
04xFB	Num.20.26	יֵאָסֵ֖ף	622	HVNi3ms
04Xob	Num.20.26	וּ/מֵ֥ת	c/4191	HC/Vqq3ms
04q44	Num.20.26	שָֽׁם	8033	HD
04fiU	Num.20.27	וַ/יַּ֣עַשׂ	c/6213 a	HC/Vqw3ms
04U1v	Num.20.27	מֹשֶׁ֔ה	4872	HNp
04uR9	Num.20.27	כַּ/אֲשֶׁ֖ר	k/834 d	HR/Tr
04fSv	Num.20.27	צִוָּ֣ה	6680	HVpp3ms
04RW8	Num.20.27	יְהוָ֑ה	3068	HNp
04B4r	Num.20.27	וַֽ/יַּעֲלוּ֙	c/5927	HC/Vqw3mp
04qJg	Num.20.27	אֶל	413	HR
04u3u	Num.20.27	הֹ֣ר	2023	HNp
04Sbb	Num.20.27	הָ/הָ֔ר	d/2022	HTd/Ncmsa
04DTC	Num.20.27	לְ/עֵינֵ֖י	l/5869 a	HR/Ncbdc
04Z4W	Num.20.27	כָּל	3605	HNcmsc
04ULz	Num.20.27	הָ/עֵדָֽה	d/5712	HTd/Ncfsa
04423	Num.20.28	וַ/יַּפְשֵׁט֩	c/6584	HC/Vhw3ms
04x3A	Num.20.28	מֹשֶׁ֨ה	4872	HNp
04uR1	Num.20.28	אֶֽת	853	HTo
04RBt	Num.20.28	אַהֲרֹ֜ן	175	HNp
04sPD	Num.20.28	אֶת	853	HTo
04ngQ	Num.20.28	בְּגָדָ֗י/ו	899 b	HNcmpc/Sp3ms
046FS	Num.20.28	וַ/יַּלְבֵּ֤שׁ	c/3847	HC/Vhw3ms
046U7	Num.20.28	אֹתָ/ם֙	853	HTo/Sp3mp
0475S	Num.20.28	אֶת	853	HTo
04Fo2	Num.20.28	אֶלְעָזָ֣ר	499	HNp
04Cb1	Num.20.28	בְּנ֔/וֹ	1121 a	HNcmsc/Sp3ms
04z1M	Num.20.28	וַ/יָּ֧מָת	c/4191	HC/Vqw3ms
04e7f	Num.20.28	אַהֲרֹ֛ן	175	HNp
04pst	Num.20.28	שָׁ֖ם	8033	HD
04THR	Num.20.28	בְּ/רֹ֣אשׁ	b/7218 a	HR/Ncmsc
04aXS	Num.20.28	הָ/הָ֑ר	d/2022	HTd/Ncmsa
04JeL	Num.20.28	וַ/יֵּ֧רֶד	c/3381	HC/Vqw3ms
04Kff	Num.20.28	מֹשֶׁ֛ה	4872	HNp
04YxZ	Num.20.28	וְ/אֶלְעָזָ֖ר	c/499	HC/Np
04jf2	Num.20.28	מִן	4480 a	HR
04cuN	Num.20.28	הָ/הָֽר	d/2022	HTd/Ncmsa
049eN	Num.20.29	וַ/יִּרְאוּ֙	c/7200	HC/Vqw3mp
04rVU	Num.20.29	כָּל	3605	HNcmsc
043wq	Num.20.29	הָ֣/עֵדָ֔ה	d/5712	HTd/Ncfsa
04aNE	Num.20.29	כִּ֥י	3588 a	HC
045nE	Num.20.29	גָוַ֖ע	1478	HVqp3ms
044P3	Num.20.29	אַהֲרֹ֑ן	175	HNp
042PP	Num.20.29	וַ/יִּבְכּ֤וּ	c/1058	HC/Vqw3mp
04nn6	Num.20.29	אֶֽת	853	HTo
04srQ	Num.20.29	אַהֲרֹן֙	175	HNp
04gnL	Num.20.29	שְׁלֹשִׁ֣ים	7970	HAcbpa
04u2Q	Num.20.29	י֔וֹם	3117	HNcmsa
04Dcb	Num.20.29	כֹּ֖ל	3605	HNcmsc
04iUb	Num.20.29	בֵּ֥ית	1004 b	HNcmsc
04oaE	Num.20.29	יִשְׂרָאֵֽל	3478	HNp
04obW	Num.21.1	וַ/יִּשְׁמַ֞ע	c/8085	HC/Vqw3ms
044zD	Num.21.1	הַ/כְּנַעֲנִ֤י	d/3669 a	HTd/Ngmsa
04KUn	Num.21.1	מֶֽלֶךְ	4428	HNcmsc
04FxF	Num.21.1	עֲרָד֙	6166 a	HNp
042Q3	Num.21.1	יֹשֵׁ֣ב	3427	HVqrmsc
04wuo	Num.21.1	הַ/נֶּ֔גֶב	d/5045	HTd/Ncmsa
04yM6	Num.21.1	כִּ֚י	3588 a	HC
04tm1	Num.21.1	בָּ֣א	935	HVqp3ms
04NiH	Num.21.1	יִשְׂרָאֵ֔ל	3478	HNp
04KAR	Num.21.1	דֶּ֖רֶךְ	1870	HNcbsc
04nHu	Num.21.1	הָ/אֲתָרִ֑ים	d/871	HTd/Np
04BP8	Num.21.1	וַ/יִּלָּ֨חֶם֙	c/3898 a	HC/VNw3ms
04cVb	Num.21.1	בְּ/יִשְׂרָאֵ֔ל	b/3478	HR/Np
0463a	Num.21.1	וַ/יִּ֥שְׁבְּ	c/7617	HC/Vqw3ms
04jqf	Num.21.1	מִמֶּ֖/נּוּ	4480 a	HR/Sp1cp
04b3r	Num.21.1	שֶֽׁבִי	7628 a	HNcbsa
04GuX	Num.21.2	וַ/יִּדַּ֨ר	c/5087	HC/Vqw3ms
04gg9	Num.21.2	יִשְׂרָאֵ֥ל	3478	HNp
04oR8	Num.21.2	נֶ֛דֶר	5088	HNcmsa
04j2Y	Num.21.2	לַֽ/יהוָ֖ה	l/3068	HR/Np
04dHk	Num.21.2	וַ/יֹּאמַ֑ר	c/559	HC/Vqw3ms
04ydd	Num.21.2	אִם	518 a	HC
04kL7	Num.21.2	נָתֹ֨ן	5414	HVqa
04mHz	Num.21.2	תִּתֵּ֜ן	5414	HVqi2ms
04Eb6	Num.21.2	אֶת	853	HTo
04EtY	Num.21.2	הָ/עָ֤ם	d/5971 a	HTd/Ncmsa
04Q7b	Num.21.2	הַ/זֶּה֙	d/2088	HTd/Pdxms
04Cpc	Num.21.2	בְּ/יָדִ֔/י	b/3027	HR/Ncbsc/Sp1cs
04PyF	Num.21.2	וְ/הַֽחֲרַמְתִּ֖י	c/2763 a	HC/Vhq1cs
04h7X	Num.21.2	אֶת	853	HTo
049bc	Num.21.2	עָרֵי/הֶֽם	5892 b	HNcfpc/Sp3mp
04fXq	Num.21.3	וַ/יִּשְׁמַ֨ע	c/8085	HC/Vqw3ms
04eqC	Num.21.3	יְהוָ֜ה	3068	HNp
04ya6	Num.21.3	בְּ/ק֣וֹל	b/6963 a	HR/Ncmsc
04vRc	Num.21.3	יִשְׂרָאֵ֗ל	3478	HNp
04kYz	Num.21.3	וַ/יִּתֵּן֙	c/5414	HC/Vqw3ms
047v5	Num.21.3	אֶת	853	HTo
04iKp	Num.21.3	הַֽ/כְּנַעֲנִ֔י	d/3669 a	HTd/Ngmsa
042WG	Num.21.3	וַ/יַּחֲרֵ֥ם	c/2763 a	HC/Vhw3ms
047mg	Num.21.3	אֶתְ/הֶ֖ם	853	HTo/Sp3mp
043Sf	Num.21.3	וְ/אֶת	c/853	HC/To
04CwR	Num.21.3	עָרֵי/הֶ֑ם	5892 b	HNcfpc/Sp3mp
04S6e	Num.21.3	וַ/יִּקְרָ֥א	c/7121	HC/Vqw3ms
04dmo	Num.21.3	שֵׁם	8034	HNcmsc
045zx	Num.21.3	הַ/מָּק֖וֹם	d/4725	HTd/Ncmsa
04PLr	Num.21.3	חָרְמָֽה	2767	HNp
04Ykn	Num.21.4	וַ/יִּסְע֞וּ	c/5265	HC/Vqw3mp
04fNQ	Num.21.4	מֵ/הֹ֤ר	m/2023	HR/Np
04yf8	Num.21.4	הָ/הָר֙	d/2022	HTd/Ncmsa
04127	Num.21.4	דֶּ֣רֶךְ	1870	HNcbsc
04wA6	Num.21.4	יַם	3220	HNcmsc
041Xd	Num.21.4	ס֔וּף	5488	HNcmsa
04t1J	Num.21.4	לִ/סְבֹ֖ב	l/5437	HR/Vqc
04vAz	Num.21.4	אֶת	853	HTo
0479S	Num.21.4	אֶ֣רֶץ	776	HNcbsc
04qij	Num.21.4	אֱד֑וֹם	123	HNp
04nzF	Num.21.4	וַ/תִּקְצַ֥ר	c/7114 a	HC/Vqw3fs
04bme	Num.21.4	נֶֽפֶשׁ	5315	HNcbsc
048Bh	Num.21.4	הָ/עָ֖ם	d/5971 a	HTd/Ncmsa
04vZf	Num.21.4	בַּ/דָּֽרֶךְ	b/1870	HRd/Ncbsa
04B7r	Num.21.5	וַ/יְדַבֵּ֣ר	c/1696	HC/Vpw3ms
04AD6	Num.21.5	הָ/עָ֗ם	d/5971 a	HTd/Ncmsa
0495X	Num.21.5	בֵּֽ/אלֹהִים֮	b/430	HR/Ncmpa
04HLu	Num.21.5	וּ/בְ/מֹשֶׁה֒	c/b/4872	HC/R/Np
04cmp	Num.21.5	לָ/מָ֤ה	l/4100	HR/Ti
04zaG	Num.21.5	הֶֽעֱלִיתֻ֨/נוּ֙	5927	HVhp2mp/Sp1cp
04zG6	Num.21.5	מִ/מִּצְרַ֔יִם	m/4714	HR/Np
04xpy	Num.21.5	לָ/מ֖וּת	l/4191	HR/Vqc
04QQj	Num.21.5	בַּ/מִּדְבָּ֑ר	b/4057 b	HRd/Ncmsa
04fPe	Num.21.5	כִּ֣י	3588 a	HC
04Rk4	Num.21.5	אֵ֥ין	369	HTn
04m8F	Num.21.5	לֶ֨חֶם֙	3899	HNcbsa
04XSc	Num.21.5	וְ/אֵ֣ין	c/369	HC/Tn
045qi	Num.21.5	מַ֔יִם	4325	HNcmpa
049bH	Num.21.5	וְ/נַפְשֵׁ֣/נוּ	c/5315	HC/Ncbsc/Sp1cp
04BJ3	Num.21.5	קָ֔צָה	6973	HVqp3fs
04ivp	Num.21.5	בַּ/לֶּ֖חֶם	b/3899	HRd/Ncbsa
04KFK	Num.21.5	הַ/קְּלֹקֵֽל	d/7052	HTd/Aamsa
04Ssv	Num.21.6	וַ/יְשַׁלַּ֨ח	c/7971	HC/Vpw3ms
048SP	Num.21.6	יְהוָ֜ה	3068	HNp
04mJF	Num.21.6	בָּ/עָ֗ם	b/5971 a	HRd/Ncmsa
04LUU	Num.21.6	אֵ֚ת	853	HTo
04AxS	Num.21.6	הַ/נְּחָשִׁ֣ים	d/5175	HTd/Ncmpa
04GNx	Num.21.6	הַ/שְּׂרָפִ֔ים	d/8314 a	HTd/Ncmpa
04Aue	Num.21.6	וַֽ/יְנַשְּׁכ֖וּ	c/5391 a	HC/Vpw3mp
04BXp	Num.21.6	אֶת	853	HTo
04Jzb	Num.21.6	הָ/עָ֑ם	d/5971 a	HTd/Ncmsa
0443V	Num.21.6	וַ/יָּ֥מָת	c/4191	HC/Vqw3ms
04oXA	Num.21.6	עַם	5971 a	HNcmsa
042vn	Num.21.6	רָ֖ב	7227 a	HAamsa
04uUg	Num.21.6	מִ/יִּשְׂרָאֵֽל	m/3478	HR/Np
04Rdv	Num.21.7	וַ/יָּבֹא֩	c/935	HC/Vqw3ms
04gWa	Num.21.7	הָ/עָ֨ם	d/5971 a	HTd/Ncmsa
04FNo	Num.21.7	אֶל	413	HR
045HU	Num.21.7	מֹשֶׁ֜ה	4872	HNp
04Lsb	Num.21.7	וַ/יֹּאמְר֣וּ	c/559	HC/Vqw3mp
04giK	Num.21.7	חָטָ֗אנוּ	2398	HVqp1cp
04XTv	Num.21.7	כִּֽי	3588 a	HC
04tEP	Num.21.7	דִבַּ֤רְנוּ	1696	HVpp1cp
0462a	Num.21.7	בַֽ/יהוָה֙	b/3068	HR/Np
0411V	Num.21.7	וָ/בָ֔/ךְ	c/b	HC/R/Sp2fs
04JY8	Num.21.7	הִתְפַּלֵּל֙	6419	HVtv2ms
04mpW	Num.21.7	אֶל	413	HR
04Dzw	Num.21.7	יְהוָ֔ה	3068	HNp
04VdU	Num.21.7	וְ/יָסֵ֥ר	c/5493	HC/Vhj3ms
04vhf	Num.21.7	מֵ/עָלֵ֖י/נוּ	m/5921 a	HR/R/Sp1cp
04Ywb	Num.21.7	אֶת	853	HTo
043qC	Num.21.7	הַ/נָּחָ֑שׁ	d/5175	HTd/Ncmsa
04Dxs	Num.21.7	וַ/יִּתְפַּלֵּ֥ל	c/6419	HC/Vtw3ms
04G7M	Num.21.7	מֹשֶׁ֖ה	4872	HNp
041Mo	Num.21.7	בְּעַ֥ד	1157	HR
04DKw	Num.21.7	הָ/עָֽם	d/5971 a	HTd/Ncmsa
04JzG	Num.21.8	וַ/יֹּ֨אמֶר	c/559	HC/Vqw3ms
047iD	Num.21.8	יְהוָ֜ה	3068	HNp
04vN5	Num.21.8	אֶל	413	HR
04r2K	Num.21.8	מֹשֶׁ֗ה	4872	HNp
04dfs	Num.21.8	עֲשֵׂ֤ה	6213 a	HVqv2ms
04EtH	Num.21.8	לְ/ךָ֙	l	HR/Sp2ms
045KR	Num.21.8	שָׂרָ֔ף	8314 a	HNcmsa
04rum	Num.21.8	וְ/שִׂ֥ים	c/7760 a	HC/Vqv2ms
04R73	Num.21.8	אֹת֖/וֹ	853	HTo/Sp3ms
04r8Z	Num.21.8	עַל	5921 a	HR
04Fzq	Num.21.8	נֵ֑ס	5251	HNcmsa
04gPK	Num.21.8	וְ/הָיָה֙	c/1961	HC/Vqq3ms
04K8b	Num.21.8	כָּל	3605	HNcmsc
04bBS	Num.21.8	הַ/נָּשׁ֔וּךְ	d/5391 a	HTd/Vqsmsa
04rPV	Num.21.8	וְ/רָאָ֥ה	c/7200	HC/Vqq3ms
04tM6	Num.21.8	אֹת֖/וֹ	853	HTo/Sp3ms
04HQy	Num.21.8	וָ/חָֽי	c/2425	HC/Vqq3ms
04N4G	Num.21.9	וַ/יַּ֤עַשׂ	c/6213 a	HC/Vqw3ms
04BMM	Num.21.9	מֹשֶׁה֙	4872	HNp
04rhp	Num.21.9	נְחַ֣שׁ	5175	HNcmsc
04vtD	Num.21.9	נְחֹ֔שֶׁת	5178 a	HNcfsa
04JWe	Num.21.9	וַ/יְשִׂמֵ֖/הוּ	c/7760 a	HC/Vqw3ms/Sp3ms
04CZN	Num.21.9	עַל	5921 a	HR
04Yh5	Num.21.9	הַ/נֵּ֑ס	d/5251	HTd/Ncmsa
04CBW	Num.21.9	וְ/הָיָ֗ה	c/1961	HC/Vqq3ms
04Xsp	Num.21.9	אִם	518 a	HC
043JX	Num.21.9	נָשַׁ֤ךְ	5391 a	HVqp3ms
04EbA	Num.21.9	הַ/נָּחָשׁ֙	d/5175	HTd/Ncmsa
04obf	Num.21.9	אֶת	853	HTo
04YzW	Num.21.9	אִ֔ישׁ	376	HNcmsa
04FaA	Num.21.9	וְ/הִבִּ֛יט	c/5027	HC/Vhq3ms
04E6Y	Num.21.9	אֶל	413	HR
04twK	Num.21.9	נְחַ֥שׁ	5175	HNcmsc
04xXA	Num.21.9	הַ/נְּחֹ֖שֶׁת	d/5178 a	HTd/Ncfsa
04BZb	Num.21.9	וָ/חָֽי	c/2425	HC/Vqq3ms
04gs8	Num.21.10	וַ/יִּסְע֖וּ	c/5265	HC/Vqw3mp
045eB	Num.21.10	בְּנֵ֣י	1121 a	HNcmpc
044Zt	Num.21.10	יִשְׂרָאֵ֑ל	3478	HNp
04kPr	Num.21.10	וַֽ/יַּחֲנ֖וּ	c/2583	HC/Vqw3mp
04Z6v	Num.21.10	בְּ/אֹבֹֽת	b/88	HR/Np
04M9m	Num.21.11	וַ/יִּסְע֖וּ	c/5265	HC/Vqw3mp
049fx	Num.21.11	מֵ/אֹבֹ֑ת	m/88	HR/Np
044gn	Num.21.11	וַֽ/יַּחֲנ֞וּ	c/2583	HC/Vqw3mp
04Uvg	Num.21.11	בְּ/עִיֵּ֣י	b/5863+	HR/Np
04boM	Num.21.11	הָֽעֲבָרִ֗ים	5863	HNp
04Dza	Num.21.11	בַּ/מִּדְבָּר֙	b/4057 b	HRd/Ncmsa
04X3B	Num.21.11	אֲשֶׁר֙	834 a	HTr
04St2	Num.21.11	עַל	5921 a	HR
04VKr	Num.21.11	פְּנֵ֣י	6440	HNcbpc
04Pjg	Num.21.11	מוֹאָ֔ב	4124	HNp
04wJx	Num.21.11	מִ/מִּזְרַ֖ח	m/4217	HR/Ncmsc
043y6	Num.21.11	הַ/שָּֽׁמֶשׁ	d/8121	HTd/Ncbsa
04xas	Num.21.12	מִ/שָּׁ֖ם	m/8033	HR/D
04K2P	Num.21.12	נָסָ֑עוּ	5265	HVqp3cp
04jRn	Num.21.12	וַֽ/יַּחֲנ֖וּ	c/2583	HC/Vqw3mp
04QrB	Num.21.12	בְּ/נַ֥חַל	b/5158 a	HR/Ncmsc
04rc3	Num.21.12	זָֽרֶד	2218	HNp
04ZuC	Num.21.13	מִ/שָּׁם֮	m/8033	HR/D
04ftE	Num.21.13	נָסָעוּ֒	5265	HVqp3cp
04gXP	Num.21.13	וַֽ/יַּחֲנ֗וּ	c/2583	HC/Vqw3mp
048oS	Num.21.13	מֵ/עֵ֤בֶר	m/5676	HR/Ncmsc
045jD	Num.21.13	אַרְנוֹן֙	769	HNp
04nts	Num.21.13	אֲשֶׁ֣ר	834 a	HTr
04LBK	Num.21.13	בַּ/מִּדְבָּ֔ר	b/4057 b	HRd/Ncmsa
04QAB	Num.21.13	הַ/יֹּצֵ֖א	d/3318	HTd/Vqrmsa
04Bjt	Num.21.13	מִ/גְּב֣וּל	m/1366	HR/Ncmsc
044H2	Num.21.13	הָֽ/אֱמֹרִ֑י	d/567	HTd/Ngmsa
04MmJ	Num.21.13	כִּ֤י	3588 a	HC
04rWR	Num.21.13	אַרְנוֹן֙	769	HNp
04EVJ	Num.21.13	גְּב֣וּל	1366	HNcmsc
047Kc	Num.21.13	מוֹאָ֔ב	4124	HNp
04Wij	Num.21.13	בֵּ֥ין	996	HR
04DSB	Num.21.13	מוֹאָ֖ב	4124	HNp
04oAR	Num.21.13	וּ/בֵ֥ין	c/996	HC/R
04Pib	Num.21.13	הָ/אֱמֹרִֽי	d/567	HTd/Ngmsa
041aY	Num.21.14	עַל	5921 a	HR
042Mj	Num.21.14	כֵּן֙	3651 c	HTm
04YVq	Num.21.14	יֵֽאָמַ֔ר	559	HVNi3ms
04r5m	Num.21.14	בְּ/סֵ֖פֶר	b/5612 a	HR/Ncmsc
042oJ	Num.21.14	מִלְחֲמֹ֣ת	4421	HNcfpc
04Ev1	Num.21.14	יְהוָ֑ה	3068	HNp
0498F	Num.21.14	אֶת	853	HTo
0474y	Num.21.14	וָהֵ֣ב	2052	HNp
0452H	Num.21.14	בְּ/סוּפָ֔ה	b/5492 b	HR/Np
04xAC	Num.21.14	וְ/אֶת	c/853	HC/To
048JG	Num.21.14	הַ/נְּחָלִ֖ים	d/5158 a	HTd/Ncmpa
04nzC	Num.21.14	אַרְנֽוֹן	769	HNp
04nLz	Num.21.15	וְ/אֶ֨שֶׁד֙	c/793	HC/Ncmsc
04yHH	Num.21.15	הַ/נְּחָלִ֔ים	d/5158 a	HTd/Ncmpa
047my	Num.21.15	אֲשֶׁ֥ר	834 a	HTr
04t1k	Num.21.15	נָטָ֖ה	5186	HVqp3ms
04YQA	Num.21.15	לְ/שֶׁ֣בֶת	l/3427	HR/Vqc
04b5H	Num.21.15	עָ֑ר	6144	HNp
04G7D	Num.21.15	וְ/נִשְׁעַ֖ן	c/8172	HC/VNq3ms
04wAJ	Num.21.15	לִ/גְב֥וּל	l/1366	HR/Ncmsc
04oje	Num.21.15	מוֹאָֽב	4124	HNp
04fWJ	Num.21.16	וּ/מִ/שָּׁ֖ם	c/m/8033	HC/R/D
04fpQ	Num.21.16	בְּאֵ֑רָ/ה	876	HNp/Sd
04Ygv	Num.21.16	הִ֣וא	1931	HPp3fs
04Nge	Num.21.16	הַ/בְּאֵ֗ר	d/875	HTd/Ncfsa
04Yp9	Num.21.16	אֲשֶׁ֨ר	834 a	HTr
04wLi	Num.21.16	אָמַ֤ר	559	HVqp3ms
0488S	Num.21.16	יְהוָה֙	3068	HNp
04KAU	Num.21.16	לְ/מֹשֶׁ֔ה	l/4872	HR/Np
04Xxi	Num.21.16	אֱסֹף֙	622	HVqv2ms
04xb7	Num.21.16	אֶת	853	HTo
04DtU	Num.21.16	הָ/עָ֔ם	d/5971 a	HTd/Ncmsa
04poL	Num.21.16	וְ/אֶתְּנָ֥ה	c/5414	HC/Vqh1cs
04KEx	Num.21.16	לָ/הֶ֖ם	l	HR/Sp3mp
04YMD	Num.21.16	מָֽיִם	4325	HNcmpa
04TF6	Num.21.17	אָ֚ז	227 a	HD
04YB7	Num.21.17	יָשִׁ֣יר	7891	HVqi3ms
04hR3	Num.21.17	יִשְׂרָאֵ֔ל	3478	HNp
04kGQ	Num.21.17	אֶת	853	HTo
04jYh	Num.21.17	הַ/שִּׁירָ֖ה	d/7892 b	HTd/Ncbsa
04jtu	Num.21.17	הַ/זֹּ֑את	d/2063	HTd/Pdxfs
04EBN	Num.21.17	עֲלִ֥י	5927	HVqv2fs
04PYi	Num.21.17	בְאֵ֖ר	875	HNcfsa
04KSQ	Num.21.17	עֱנוּ	6030 c	HVqv2mp
04yN8	Num.21.17	לָֽ/הּ	l	HR/Sp3fs
04AVR	Num.21.18	בְּאֵ֞ר	875	HNcfsa
04fjn	Num.21.18	חֲפָר֣וּ/הָ	2658	HVqp3cp/Sp3fs
04CTb	Num.21.18	שָׂרִ֗ים	8269	HNcmpa
04k9N	Num.21.18	כָּר֨וּ/הָ֙	3738 b	HVqp3cp/Sp3fs
041M5	Num.21.18	נְדִיבֵ֣י	5081	HAampc
04Mcv	Num.21.18	הָ/עָ֔ם	d/5971 a	HTd/Ncmsa
04Jkx	Num.21.18	בִּ/מְחֹקֵ֖ק	b/2710	HR/Vmrmsa
04bzS	Num.21.18	בְּ/מִשְׁעֲנֹתָ֑/ם	b/4938 b	HR/Ncfpc/Sp3mp
04VrM	Num.21.18	וּ/מִ/מִּדְבָּ֖ר	c/m/4057 b	HC/R/Ncmsa
04TCd	Num.21.18	מַתָּנָֽה	4980	HNp
04acR	Num.21.19	וּ/מִ/מַּתָּנָ֖ה	c/m/4980	HC/R/Np
0488f	Num.21.19	נַחֲלִיאֵ֑ל	5160	HNp
04zKH	Num.21.19	וּ/מִ/נַּחֲלִיאֵ֖ל	c/m/5160	HC/R/Np
04EkC	Num.21.19	בָּמֽוֹת	1120	HNp
04XXd	Num.21.20	וּ/מִ/בָּמ֗וֹת	c/m/1120	HC/R/Np
04v2Y	Num.21.20	הַ/גַּיְא֙	d/1516	HTd/Ncbsa
04w1p	Num.21.20	אֲשֶׁר֙	834 a	HTr
04MPM	Num.21.20	בִּ/שְׂדֵ֣ה	b/7704 b	HR/Ncmsc
04TLb	Num.21.20	מוֹאָ֔ב	4124	HNp
04hPU	Num.21.20	רֹ֖אשׁ	7218 a	HNcmsc
04Qrn	Num.21.20	הַ/פִּסְגָּ֑ה	d/6449	HTd/Np
04ttx	Num.21.20	וְ/נִשְׁקָ֖פָה	c/8259	HC/VNrfsa
04izd	Num.21.20	עַל	5921 a	HR
04GNT	Num.21.20	פְּנֵ֥י	6440	HNcbpc
04BW1	Num.21.20	הַ/יְשִׁימֹֽן	d/3452	HTd/Ncmsa
04XHh	Num.21.21	וַ/יִּשְׁלַ֤ח	c/7971	HC/Vqw3ms
04d51	Num.21.21	יִשְׂרָאֵל֙	3478	HNp
04M9Z	Num.21.21	מַלְאָכִ֔ים	4397	HNcmpa
04EZY	Num.21.21	אֶל	413	HR
04zaH	Num.21.21	סִיחֹ֥ן	5511	HNp
04tqU	Num.21.21	מֶֽלֶךְ	4428	HNcmsc
04sL7	Num.21.21	הָ/אֱמֹרִ֖י	d/567	HTd/Ngmsa
0462z	Num.21.21	לֵ/אמֹֽר	l/559	HR/Vqc
04p4B	Num.21.22	אֶעְבְּרָ֣ה	5674 a	HVqh1cs
04QVp	Num.21.22	בְ/אַרְצֶ֗/ךָ	b/776	HR/Ncbsc/Sp2ms
04ERj	Num.21.22	לֹ֤א	3808	HTn
04zLy	Num.21.22	נִטֶּה֙	5186	HVqi1cp
041Qm	Num.21.22	בְּ/שָׂדֶ֣ה	b/7704 b	HR/Ncmsa
04PWq	Num.21.22	וּ/בְ/כֶ֔רֶם	c/b/3754	HC/R/Ncbsa
04tdk	Num.21.22	לֹ֥א	3808	HTn
04jqe	Num.21.22	נִשְׁתֶּ֖ה	8354	HVqi1cp
04heh	Num.21.22	מֵ֣י	4325	HNcmpc
04mnk	Num.21.22	בְאֵ֑ר	875	HNcfsa
04GDi	Num.21.22	בְּ/דֶ֤רֶךְ	b/1870	HR/Ncbsc
044kY	Num.21.22	הַ/מֶּ֨לֶךְ֙	d/4428	HTd/Ncmsa
04SP6	Num.21.22	נֵלֵ֔ךְ	3212	HVqi1cp
04Uf2	Num.21.22	עַ֥ד	5704	HR
042yh	Num.21.22	אֲשֶֽׁר	834 a	HTr
04b44	Num.21.22	נַעֲבֹ֖ר	5674 a	HVqi1cp
04T19	Num.21.22	גְּבֻלֶֽ/ךָ	1366	HNcmsc/Sp2ms
04h46	Num.21.23	וְ/לֹא	c/3808	HC/Tn
04SrF	Num.21.23	נָתַ֨ן	5414	HVqp3ms
04qdx	Num.21.23	סִיחֹ֣ן	5511	HNp
04Wbq	Num.21.23	אֶת	853	HTo
041Ku	Num.21.23	יִשְׂרָאֵל֮	3478	HNp
04g1S	Num.21.23	עֲבֹ֣ר	5674 a	HVqc
047SA	Num.21.23	בִּ/גְבֻל/וֹ֒	b/1366	HR/Ncmsc/Sp3ms
042Q5	Num.21.23	וַ/יֶּאֱסֹ֨ף	c/622	HC/Vqw3ms
04rRg	Num.21.23	סִיחֹ֜ן	5511	HNp
04rGq	Num.21.23	אֶת	853	HTo
04JHg	Num.21.23	כָּל	3605	HNcmsc
04Qew	Num.21.23	עַמּ֗/וֹ	5971 a	HNcmsc/Sp3ms
04anf	Num.21.23	וַ/יֵּצֵ֞א	c/3318	HC/Vqw3ms
04J27	Num.21.23	לִ/קְרַ֤את	l/7125	HR/Vqc
04NmU	Num.21.23	יִשְׂרָאֵל֙	3478	HNp
04h9C	Num.21.23	הַ/מִּדְבָּ֔רָ/ה	d/4057 b	HTd/Ncmsa/Sd
04GDr	Num.21.23	וַ/יָּבֹ֖א	c/935	HC/Vqw3ms
04vF8	Num.21.23	יָ֑הְצָ/ה	3096	HNp/Sd
04DVe	Num.21.23	וַ/יִּלָּ֖חֶם	c/3898 a	HC/VNw3ms
04E3T	Num.21.23	בְּ/יִשְׂרָאֵֽל	b/3478	HR/Np
047v8	Num.21.24	וַ/יַּכֵּ֥/הוּ	c/5221	HC/Vhw3ms/Sp3ms
04HxH	Num.21.24	יִשְׂרָאֵ֖ל	3478	HNp
04F8P	Num.21.24	לְ/פִי	l/6310	HR/Ncmsc
043Ed	Num.21.24	חָ֑רֶב	2719	HNcfsa
04km3	Num.21.24	וַ/יִּירַ֨שׁ	c/3423	HC/Vqw3ms
04xjC	Num.21.24	אֶת	853	HTo
04qun	Num.21.24	אַרְצ֜/וֹ	776	HNcbsc/Sp3ms
045kJ	Num.21.24	מֵֽ/אַרְנֹ֗ן	m/769	HR/Np
04ezp	Num.21.24	עַד	5704	HR
04sfU	Num.21.24	יַבֹּק֙	2999	HNp
04RQw	Num.21.24	עַד	5704	HR
04FDq	Num.21.24	בְּנֵ֣י	1121 a	HNcmpc
04vbV	Num.21.24	עַמּ֔וֹן	5983	HNp
04dtZ	Num.21.24	כִּ֣י	3588 a	HC
04oGC	Num.21.24	עַ֔ז	5794	HAamsa
04zVE	Num.21.24	גְּב֖וּל	1366	HNcmsc
0463D	Num.21.24	בְּנֵ֥י	1121 a	HNcmpc
04aVU	Num.21.24	עַמּֽוֹן	5983	HNp
04RiQ	Num.21.25	וַ/יִּקַּח֙	c/3947	HC/Vqw3ms
04A4d	Num.21.25	יִשְׂרָאֵ֔ל	3478	HNp
049G4	Num.21.25	אֵ֥ת	853	HTo
04vJQ	Num.21.25	כָּל	3605	HNcmsc
04Svx	Num.21.25	הֶ/עָרִ֖ים	d/5892 b	HTd/Ncfpa
04fdR	Num.21.25	הָ/אֵ֑לֶּה	d/428	HTd/Pdxcp
04QnD	Num.21.25	וַ/יֵּ֤שֶׁב	c/3427	HC/Vqw3ms
04Np6	Num.21.25	יִשְׂרָאֵל֙	3478	HNp
049D7	Num.21.25	בְּ/כָל	b/3605	HR/Ncmsc
04Zzo	Num.21.25	עָרֵ֣י	5892 b	HNcfpc
04kr3	Num.21.25	הָֽ/אֱמֹרִ֔י	d/567	HTd/Ngmsa
04wiP	Num.21.25	בְּ/חֶשְׁבּ֖וֹן	b/2809	HR/Np
04MA8	Num.21.25	וּ/בְ/כָל	c/b/3605	HC/R/Ncmsc
04DTM	Num.21.25	בְּנֹתֶֽי/הָ	1323	HNcfpc/Sp3fs
04pcc	Num.21.26	כִּ֣י	3588 a	HC
04HG2	Num.21.26	חֶשְׁבּ֔וֹן	2809	HNp
04A13	Num.21.26	עִ֗יר	5892 b	HNcfsc
04vHy	Num.21.26	סִיחֹ֛ן	5511	HNp
04717	Num.21.26	מֶ֥לֶךְ	4428	HNcmsc
04k6g	Num.21.26	הָ/אֱמֹרִ֖י	d/567	HTd/Ngmsa
04eGQ	Num.21.26	הִ֑וא	1931	HPp3fs
04Pk7	Num.21.26	וְ/ה֣וּא	c/1931	HC/Pp3ms
04R3Z	Num.21.26	נִלְחַ֗ם	3898 a	HVNp3ms
04Ky7	Num.21.26	בְּ/מֶ֤לֶךְ	b/4428	HR/Ncmsc
047pW	Num.21.26	מוֹאָב֙	4124	HNp
04ubK	Num.21.26	הָֽ/רִאשׁ֔וֹן	d/7223	HTd/Aomsa
04weN	Num.21.26	וַ/יִּקַּ֧ח	c/3947	HC/Vqw3ms
04oFq	Num.21.26	אֶת	853	HTo
04pDi	Num.21.26	כָּל	3605	HNcmsc
04NHC	Num.21.26	אַרְצ֛/וֹ	776	HNcbsc/Sp3ms
046Cr	Num.21.26	מִ/יָּד֖/וֹ	m/3027	HR/Ncbsc/Sp3ms
04NUj	Num.21.26	עַד	5704	HR
04PJg	Num.21.26	אַרְנֹֽן	769	HNp
04E7S	Num.21.27	עַל	5921 a	HR
04KKi	Num.21.27	כֵּ֛ן	3651 c	HTm
04uCx	Num.21.27	יֹאמְר֥וּ	559	HVqi3mp
04K9C	Num.21.27	הַ/מֹּשְׁלִ֖ים	d/4911 b	HTd/Vqrmpa
04nZx	Num.21.27	בֹּ֣אוּ	935	HVqv2mp
04KVG	Num.21.27	חֶשְׁבּ֑וֹן	2809	HNp
04gtm	Num.21.27	תִּבָּנֶ֥ה	1129	HVNj3fs
04KY7	Num.21.27	וְ/תִכּוֹנֵ֖ן	c/3559 a	HC/Vrj3fs
04uJV	Num.21.27	עִ֥יר	5892 b	HNcfsc
04EYJ	Num.21.27	סִיחֽוֹן	5511	HNp
04fzq	Num.21.28	כִּי	3588 a	HC
04Zpp	Num.21.28	אֵשׁ֙	784	HNcbsa
04GvP	Num.21.28	יָֽצְאָ֣ה	3318	HVqp3fs
04xb5	Num.21.28	מֵֽ/חֶשְׁבּ֔וֹן	m/2809	HR/Np
04xSy	Num.21.28	לֶהָבָ֖ה	3852	HNcfsa
04z29	Num.21.28	מִ/קִּרְיַ֣ת	m/7151	HR/Ncfsc
046ip	Num.21.28	סִיחֹ֑ן	5511	HNp
04Dv2	Num.21.28	אָֽכְלָה֙	398	HVqp3fs
04GCo	Num.21.28	עָ֣ר	6144	HNp
04tFN	Num.21.28	מוֹאָ֔ב	4124	HNp
04pf3	Num.21.28	בַּעֲלֵ֖י	1167	HNcmpc
049LD	Num.21.28	בָּמ֥וֹת	1116	HNcfpc
04MnJ	Num.21.28	אַרְנֹֽן	769	HNp
04a4D	Num.21.29	אוֹי	188	HTj
04yxF	Num.21.29	לְ/ךָ֣	l	HR/Sp2ms
04Rb8	Num.21.29	מוֹאָ֔ב	4124	HNp
04CN5	Num.21.29	אָבַ֖דְתָּ	6	HVqp2ms
04u25	Num.21.29	עַם	5971 a	HNcmsc
04qSq	Num.21.29	כְּמ֑וֹשׁ	3645	HNp
04AMc	Num.21.29	נָתַ֨ן	5414	HVqp3ms
04Adu	Num.21.29	בָּנָ֤י/ו	1121 a	HNcmpc/Sp3ms
04sh6	Num.21.29	פְּלֵיטִם֙	6412 b	HNcmpa
04Az8	Num.21.29	וּ/בְנֹתָ֣י/ו	c/1323	HC/Ncfpc/Sp3ms
04z7z	Num.21.29	בַּ/שְּׁבִ֔ית	b/7628 a	HRd/Ncbsa
04Gyr	Num.21.29	לְ/מֶ֥לֶךְ	l/4428	HR/Ncmsc
049AQ	Num.21.29	אֱמֹרִ֖י	567	HNgmsa
04FMj	Num.21.29	סִיחֽוֹן	5511	HNp
04VET	Num.21.30	וַ/נִּירָ֛/ם	c/3384 b	HC/Vqw1cp/Sp3mp
04pwL	Num.21.30	אָבַ֥ד	6	HVqp3ms
04Ap2	Num.21.30	חֶשְׁבּ֖וֹן	2809	HNp
04ZZu	Num.21.30	עַד	5704	HR
04Gw5	Num.21.30	דִּיב֑וֹן	1769	HNp
044uN	Num.21.30	וַ/נַּשִּׁ֣ים	c/8074	HC/Vhw1cp
04Tau	Num.21.30	עַד	5704	HR
04tv5	Num.21.30	נֹ֔פַח	5302	HNp
04zV6	Num.21.30	אֲשֶׁ֖רׄ	834 a	HTr
04DF1	Num.21.30	עַד	5704	HR
04UwN	Num.21.30	מֵֽידְבָֽא	4311	HNp
04wi6	Num.21.31	וַ/יֵּ֨שֶׁב֙	c/3427	HC/Vqw3ms
04p3S	Num.21.31	יִשְׂרָאֵ֔ל	3478	HNp
04eBV	Num.21.31	בְּ/אֶ֖רֶץ	b/776	HR/Ncbsc
04xzL	Num.21.31	הָ/אֱמֹרִֽי	d/567	HTd/Ngmsa
04khJ	Num.21.32	וַ/יִּשְׁלַ֤ח	c/7971	HC/Vqw3ms
04ftY	Num.21.32	מֹשֶׁה֙	4872	HNp
04opc	Num.21.32	לְ/רַגֵּ֣ל	l/7270	HR/Vpc
04oMo	Num.21.32	אֶת	853	HTo
04dqs	Num.21.32	יַעְזֵ֔ר	3270	HNp
044Bp	Num.21.32	וַֽ/יִּלְכְּד֖וּ	c/3920	HC/Vqw3mp
04G2P	Num.21.32	בְּנֹתֶ֑י/הָ	1323	HNcfpc/Sp3fs
0416d	Num.21.32	ו/יירש	c/3423	HC/Vqw3ms
044RU	Num.21.32	וַ/יּ֖וֹרֶשׁ	c/3423	HC/Vhw3ms
04uUK	Num.21.32	אֶת	853	HTo
04Tyx	Num.21.32	הָ/אֱמֹרִ֥י	d/567	HTd/Ngmsa
04eU2	Num.21.32	אֲשֶׁר	834 a	HTr
04CCe	Num.21.32	שָֽׁם	8033	HD
04fFD	Num.21.33	וַ/יִּפְנוּ֙	c/6437	HC/Vqw3mp
04dpH	Num.21.33	וַֽ/יַּעֲל֔וּ	c/5927	HC/Vqw3mp
04wBW	Num.21.33	דֶּ֖רֶךְ	1870	HNcbsc
04JYr	Num.21.33	הַ/בָּשָׁ֑ן	d/1316	HTd/Np
04hNG	Num.21.33	וַ/יֵּצֵ֣א	c/3318	HC/Vqw3ms
04tbb	Num.21.33	עוֹג֩	5747	HNp
04Ve8	Num.21.33	מֶֽלֶךְ	4428	HNcmsc
04qLd	Num.21.33	הַ/בָּשָׁ֨ן	d/1316	HTd/Np
047Jc	Num.21.33	לִ/קְרָאתָ֜/ם	l/7125	HR/Vqc/Sp3mp
04p5E	Num.21.33	ה֧וּא	1931	HPp3ms
048nB	Num.21.33	וְ/כָל	c/3605	HC/Ncmsc
04EvJ	Num.21.33	עַמּ֛/וֹ	5971 a	HNcmsc/Sp3ms
0447G	Num.21.33	לַ/מִּלְחָמָ֖ה	l/4421	HRd/Ncfsa
04QcW	Num.21.33	אֶדְרֶֽעִי	154	HNp
04TMj	Num.21.34	וַ/יֹּ֨אמֶר	c/559	HC/Vqw3ms
04g4h	Num.21.34	יְהוָ֤ה	3068	HNp
04NYF	Num.21.34	אֶל	413	HR
049MF	Num.21.34	מֹשֶׁה֙	4872	HNp
04WTP	Num.21.34	אַל	408	HTn
04Fx8	Num.21.34	תִּירָ֣א	3372	HVqj2ms
04LH8	Num.21.34	אֹת֔/וֹ	853	HTo/Sp3ms
04ZZJ	Num.21.34	כִּ֣י	3588 a	HC
044Mw	Num.21.34	בְ/יָדְ/ךָ֞	b/3027	HR/Ncbsc/Sp2ms
04VZW	Num.21.34	נָתַ֧תִּי	5414	HVqp1cs
049Qr	Num.21.34	אֹת֛/וֹ	853	HTo/Sp3ms
04x8X	Num.21.34	וְ/אֶת	c/853	HC/To
04wtH	Num.21.34	כָּל	3605	HNcmsc
04FP1	Num.21.34	עַמּ֖/וֹ	5971 a	HNcmsc/Sp3ms
04esS	Num.21.34	וְ/אֶת	c/853	HC/To
04mJE	Num.21.34	אַרְצ֑/וֹ	776	HNcbsc/Sp3ms
04YmQ	Num.21.34	וְ/עָשִׂ֣יתָ	c/6213 a	HC/Vqq2ms
0464j	Num.21.34	לּ֔/וֹ	l	HR/Sp3ms
04ofm	Num.21.34	כַּ/אֲשֶׁ֣ר	k/834 d	HR/Tr
04Pb4	Num.21.34	עָשִׂ֗יתָ	6213 a	HVqp2ms
04mKf	Num.21.34	לְ/סִיחֹן֙	l/5511	HR/Np
04Q4h	Num.21.34	מֶ֣לֶךְ	4428	HNcmsc
04en1	Num.21.34	הָֽ/אֱמֹרִ֔י	d/567	HTd/Ngmsa
04YBb	Num.21.34	אֲשֶׁ֥ר	834 a	HTr
048ej	Num.21.34	יוֹשֵׁ֖ב	3427	HVqrmsa
04DXD	Num.21.34	בְּ/חֶשְׁבּֽוֹן	b/2809	HR/Np
04fbp	Num.21.35	וַ/יַּכּ֨וּ	c/5221	HC/Vhw3mp
04EFU	Num.21.35	אֹת֤/וֹ	853	HTo/Sp3ms
04xhY	Num.21.35	וְ/אֶת	c/853	HC/To
04t7t	Num.21.35	בָּנָי/ו֙	1121 a	HNcmpc/Sp3ms
04JFH	Num.21.35	וְ/אֶת	c/853	HC/To
041sQ	Num.21.35	כָּל	3605	HNcmsc
04x92	Num.21.35	עַמּ֔/וֹ	5971 a	HNcmsc/Sp3ms
04qhm	Num.21.35	עַד	5704	HR
04b3m	Num.21.35	בִּלְתִּ֥י	1115	HC
04t8x	Num.21.35	הִשְׁאִֽיר	7604	HVhp3ms
04nzh	Num.21.35	ל֖/וֹ	l	HR/Sp3ms
041Tt	Num.21.35	שָׂרִ֑יד	8300	HNcmsa
04kGT	Num.21.35	וַ/יִּֽירְשׁ֖וּ	c/3423	HC/Vqw3mp
04jpS	Num.21.35	אֶת	853	HTo
04osK	Num.21.35	אַרְצֽ/וֹ	776	HNcbsc/Sp3ms
04MPv	Num.22.1	וַ/יִּסְע֖וּ	c/5265	HC/Vqw3mp
0445N	Num.22.1	בְּנֵ֣י	1121 a	HNcmpc
04SxS	Num.22.1	יִשְׂרָאֵ֑ל	3478	HNp
04oRe	Num.22.1	וַֽ/יַּחֲנוּ֙	c/2583	HC/Vqw3mp
04z8R	Num.22.1	בְּ/עַֽרְב֣וֹת	b/6160	HR/Ncfpc
04RSo	Num.22.1	מוֹאָ֔ב	4124	HNp
04Bvw	Num.22.1	מֵ/עֵ֖בֶר	m/5676	HR/Ncmsa
04yx4	Num.22.1	לְ/יַרְדֵּ֥ן	l/3383	HR/Np
042ju	Num.22.1	יְרֵחֽוֹ	3405	HNp
04h8h	Num.22.2	וַ/יַּ֥רְא	c/7200	HC/Vqw3ms
04BoQ	Num.22.2	בָּלָ֖ק	1111	HNp
04gZL	Num.22.2	בֶּן	1121 a	HNcmsc
04Vdn	Num.22.2	צִפּ֑וֹר	6834	HNp
04H9q	Num.22.2	אֵ֛ת	853	HTo
04ZUX	Num.22.2	כָּל	3605	HNcmsc
04wmf	Num.22.2	אֲשֶׁר	834 a	HTr
04Ai6	Num.22.2	עָשָׂ֥ה	6213 a	HVqp3ms
04f3s	Num.22.2	יִשְׂרָאֵ֖ל	3478	HNp
04kgg	Num.22.2	לָֽ/אֱמֹרִֽי	l/567	HRd/Ngmsa
04JkP	Num.22.3	וַ/יָּ֨גָר	c/1481 c	HC/Vqw3ms
04Quh	Num.22.3	מוֹאָ֜ב	4124	HNp
04F3o	Num.22.3	מִ/פְּנֵ֥י	m/6440	HR/Ncbpc
04QpL	Num.22.3	הָ/עָ֛ם	d/5971 a	HTd/Ncmsa
04k19	Num.22.3	מְאֹ֖ד	3966	HD
04smZ	Num.22.3	כִּ֣י	3588 a	HC
04Ahp	Num.22.3	רַב	7227 a	HAamsa
04oZP	Num.22.3	ה֑וּא	1931	HPp3ms
04vJZ	Num.22.3	וַ/יָּ֣קָץ	c/6973	HC/Vqw3ms
04N4g	Num.22.3	מוֹאָ֔ב	4124	HNp
04vAC	Num.22.3	מִ/פְּנֵ֖י	m/6440	HR/Ncbpc
04HhV	Num.22.3	בְּנֵ֥י	1121 a	HNcmpc
04Prb	Num.22.3	יִשְׂרָאֵֽל	3478	HNp
04rAT	Num.22.4	וַ/יֹּ֨אמֶר	c/559	HC/Vqw3ms
04BC4	Num.22.4	מוֹאָ֜ב	4124	HNp
04DKf	Num.22.4	אֶל	413	HR
04uYL	Num.22.4	זִקְנֵ֣י	2205	HAampc
04m2P	Num.22.4	מִדְיָ֗ן	4080	HNp
04wGB	Num.22.4	עַתָּ֞ה	6258	HD
041AN	Num.22.4	יְלַחֲכ֤וּ	3897	HVpi3mp
044iw	Num.22.4	הַ/קָּהָל֙	d/6951	HTd/Ncmsa
048TL	Num.22.4	אֶת	853	HTo
04iQ3	Num.22.4	כָּל	3605	HNcmsc
04qvq	Num.22.4	סְבִ֣יבֹתֵ֔י/נוּ	5439	HNcbpc/Sp1cp
04R1y	Num.22.4	כִּ/לְחֹ֣ךְ	k/3897	HR/Vqc
04xR5	Num.22.4	הַ/שּׁ֔וֹר	d/7794	HTd/Ncmsa
04AR8	Num.22.4	אֵ֖ת	853	HTo
04rgE	Num.22.4	יֶ֣רֶק	3418	HNcmsc
04SDe	Num.22.4	הַ/שָּׂדֶ֑ה	d/7704 b	HTd/Ncmsa
04byL	Num.22.4	וּ/בָלָ֧ק	c/1111	HC/Np
04jnA	Num.22.4	בֶּן	1121 a	HNcmsc
0413g	Num.22.4	צִפּ֛וֹר	6834	HNp
04Pkt	Num.22.4	מֶ֥לֶךְ	4428	HNcmsa
04FsX	Num.22.4	לְ/מוֹאָ֖ב	l/4124	HR/Np
04VnZ	Num.22.4	בָּ/עֵ֥ת	b/6256	HRd/Ncbsa
04mHA	Num.22.4	הַ/הִֽוא	d/1931	HTd/Pp3fs
04vfE	Num.22.5	וַ/יִּשְׁלַ֨ח	c/7971	HC/Vqw3ms
04mgu	Num.22.5	מַלְאָכִ֜ים	4397	HNcmpa
04pjw	Num.22.5	אֶל	413	HR
04VhF	Num.22.5	בִּלְעָ֣ם	1109 a	HNp
04XDK	Num.22.5	בֶּן	1121 a	HNcmsc
047GS	Num.22.5	בְּע֗וֹר	1160	HNp
04Zgu	Num.22.5	פְּ֠תוֹרָ/ה	6604	HNp/Sd
04R1C	Num.22.5	אֲשֶׁ֧ר	834 a	HTr
04Rfs	Num.22.5	עַל	5921 a	HR
04ws8	Num.22.5	הַ/נָּהָ֛ר	d/5104	HTd/Ncmsa
04qM7	Num.22.5	אֶ֥רֶץ	776	HNcbsc
04jBM	Num.22.5	בְּנֵי	1121 a	HNcmpc
04rTz	Num.22.5	עַמּ֖/וֹ	5971 a	HNcmsc/Sp3ms
04mMu	Num.22.5	לִ/קְרֹא	l/7121	HR/Vqc
04HBg	Num.22.5	ל֑/וֹ	l	HR/Sp3ms
04SXD	Num.22.5	לֵ/אמֹ֗ר	l/559	HR/Vqc
04bLz	Num.22.5	הִ֠נֵּה	2009	HTm
04hLM	Num.22.5	עַ֣ם	5971 a	HNcmsa
04xrN	Num.22.5	יָצָ֤א	3318	HVqp3ms
04yrm	Num.22.5	מִ/מִּצְרַ֨יִם֙	m/4714	HR/Np
04UCQ	Num.22.5	הִנֵּ֤ה	2009	HTm
04KjR	Num.22.5	כִסָּה֙	3680	HVpp3ms
04CLi	Num.22.5	אֶת	853	HTo
04Qav	Num.22.5	עֵ֣ין	5869 a	HNcbsc
04M8b	Num.22.5	הָ/אָ֔רֶץ	d/776	HTd/Ncbsa
04Dzp	Num.22.5	וְ/ה֥וּא	c/1931	HC/Pp3ms
04HLK	Num.22.5	יֹשֵׁ֖ב	3427	HVqrmsa
04BX2	Num.22.5	מִ/מֻּלִֽ/י	m/4136	HR/R/Sp1cs
04hgh	Num.22.6	וְ/עַתָּה֩	c/6258	HC/D
04S2v	Num.22.6	לְכָ/ה	3212	HVqv2ms/Sh
042Ys	Num.22.6	נָּ֨א	4994	HTj
04s9h	Num.22.6	אָֽרָ/ה	779	HVqv2ms/Sh
04fMZ	Num.22.6	לִּ֜/י	l	HR/Sp1cs
04H3v	Num.22.6	אֶת	853	HTo
04U8c	Num.22.6	הָ/עָ֣ם	d/5971 a	HTd/Ncmsa
04zAY	Num.22.6	הַ/זֶּ֗ה	d/2088	HTd/Pdxms
04gMV	Num.22.6	כִּֽי	3588 a	HC
04ZDb	Num.22.6	עָצ֥וּם	6099	HAamsa
04Jo8	Num.22.6	הוּא֙	1931	HPp3ms
04Q6C	Num.22.6	מִמֶּ֔/נִּי	4480 a	HR/Sp1cs
04gzJ	Num.22.6	אוּלַ֤י	194	HD
04C4c	Num.22.6	אוּכַל֙	3201	HVqi1cs
044oi	Num.22.6	נַכֶּה	5221	HVhi1cp
04eTd	Num.22.6	בּ֔/וֹ	b	HR/Sp3ms
04aZd	Num.22.6	וַ/אֲגָרְשֶׁ֖/נּוּ	c/1644	HC/Vpi1cs/Sp3ms
04fbe	Num.22.6	מִן	4480 a	HR
04ihX	Num.22.6	הָ/אָ֑רֶץ	d/776	HTd/Ncbsa
04UxC	Num.22.6	כִּ֣י	3588 a	HC
04BkJ	Num.22.6	יָדַ֗עְתִּי	3045	HVqp1cs
04dAv	Num.22.6	אֵ֤ת	853	HTo
04C2a	Num.22.6	אֲשֶׁר	834 a	HTr
04FGj	Num.22.6	תְּבָרֵךְ֙	1288	HVpi2ms
04qYv	Num.22.6	מְבֹרָ֔ךְ	1288	HVPsmsa
04rLz	Num.22.6	וַ/אֲשֶׁ֥ר	c/834 a	HC/Tr
04dGK	Num.22.6	תָּאֹ֖ר	779	HVqi2ms
0411C	Num.22.6	יוּאָֽר	779	HVHi3ms
04W6u	Num.22.7	וַ/יֵּ֨לְכ֜וּ	c/3212	HC/Vqw3mp
04tTE	Num.22.7	זִקְנֵ֤י	2205	HAampc
04PEr	Num.22.7	מוֹאָב֙	4124	HNp
04XWu	Num.22.7	וְ/זִקְנֵ֣י	c/2205	HC/Aampc
043zr	Num.22.7	מִדְיָ֔ן	4080	HNp
04PN6	Num.22.7	וּ/קְסָמִ֖ים	c/7081	HC/Ncmpa
04q7s	Num.22.7	בְּ/יָדָ֑/ם	b/3027	HR/Ncbsc/Sp3mp
04HjF	Num.22.7	וַ/יָּבֹ֨אוּ֙	c/935	HC/Vqw3mp
04D3W	Num.22.7	אֶל	413	HR
04vNC	Num.22.7	בִּלְעָ֔ם	1109 a	HNp
04e2W	Num.22.7	וַ/יְדַבְּר֥וּ	c/1696	HC/Vpw3mp
04Rj3	Num.22.7	אֵלָ֖י/ו	413	HR/Sp3ms
04Yn8	Num.22.7	דִּבְרֵ֥י	1697	HNcmpc
04EY5	Num.22.7	בָלָֽק	1111	HNp
04xfB	Num.22.8	וַ/יֹּ֣אמֶר	c/559	HC/Vqw3ms
04m3t	Num.22.8	אֲלֵי/הֶ֗ם	413	HR/Sp3mp
04thv	Num.22.8	לִ֤ינוּ	3885 a	HVqv2mp
04yvt	Num.22.8	פֹה֙	6311	HD
04wJq	Num.22.8	הַ/לַּ֔יְלָה	d/3915	HTd/Ncmsa
04Wsa	Num.22.8	וַ/הֲשִׁבֹתִ֤י	c/7725	HC/Vhq1cs
041Gp	Num.22.8	אֶתְ/כֶם֙	853	HTo/Sp2mp
04XsR	Num.22.8	דָּבָ֔ר	1697	HNcmsa
04tsw	Num.22.8	כַּ/אֲשֶׁ֛ר	k/834 d	HR/Tr
04LKV	Num.22.8	יְדַבֵּ֥ר	1696	HVpi3ms
04ZJj	Num.22.8	יְהוָ֖ה	3068	HNp
041uH	Num.22.8	אֵלָ֑/י	413	HR/Sp1cs
04mQr	Num.22.8	וַ/יֵּשְׁב֥וּ	c/3427	HC/Vqw3mp
04Mry	Num.22.8	שָׂרֵֽי	8269	HNcmpc
04Df2	Num.22.8	מוֹאָ֖ב	4124	HNp
04ZKi	Num.22.8	עִם	5973 a	HR
04A59	Num.22.8	בִּלְעָֽם	1109 a	HNp
04R8x	Num.22.9	וַ/יָּבֹ֥א	c/935	HC/Vqw3ms
04AwL	Num.22.9	אֱלֹהִ֖ים	430	HNcmpa
04bmt	Num.22.9	אֶל	413	HR
042jp	Num.22.9	בִּלְעָ֑ם	1109 a	HNp
04dFU	Num.22.9	וַ/יֹּ֕אמֶר	c/559	HC/Vqw3ms
04q2b	Num.22.9	מִ֛י	4310	HTi
04Gra	Num.22.9	הָ/אֲנָשִׁ֥ים	d/376	HTd/Ncmpa
04nq3	Num.22.9	הָ/אֵ֖לֶּה	d/428	HTd/Pdxcp
04Jrh	Num.22.9	עִמָּֽ/ךְ	5973 a	HR/Sp2fs
04zKZ	Num.22.10	וַ/יֹּ֥אמֶר	c/559	HC/Vqw3ms
04Vbm	Num.22.10	בִּלְעָ֖ם	1109 a	HNp
04kZ4	Num.22.10	אֶל	413	HR
04CAy	Num.22.10	הָ/אֱלֹהִ֑ים	d/430	HTd/Ncmpa
04Lb3	Num.22.10	בָּלָ֧ק	1111	HNp
048jU	Num.22.10	בֶּן	1121 a	HNcmsc
04vqf	Num.22.10	צִפֹּ֛ר	6834	HNp
04JsK	Num.22.10	מֶ֥לֶךְ	4428	HNcmsc
04637	Num.22.10	מוֹאָ֖ב	4124	HNp
04x6p	Num.22.10	שָׁלַ֥ח	7971	HVqp3ms
04RxD	Num.22.10	אֵלָֽ/י	413	HR/Sp1cs
04cJM	Num.22.11	הִנֵּ֤ה	2009	HTm
04DDk	Num.22.11	הָ/עָם֙	d/5971 a	HTd/Ncmsa
044ht	Num.22.11	הַ/יֹּצֵ֣א	d/3318	HTd/Vqrmsa
04D8o	Num.22.11	מִ/מִּצְרַ֔יִם	m/4714	HR/Np
04rUt	Num.22.11	וַ/יְכַ֖ס	c/3680	HC/Vpw3ms
04BgS	Num.22.11	אֶת	853	HTo
04Q13	Num.22.11	עֵ֣ין	5869 a	HNcbsc
04ZT5	Num.22.11	הָ/אָ֑רֶץ	d/776	HTd/Ncbsa
04NYK	Num.22.11	עַתָּ֗ה	6258	HD
04poM	Num.22.11	לְכָ֤/ה	3212	HVqv2ms/Sh
04GrK	Num.22.11	קָֽבָ/ה	6895	HVqv2ms/Sh
04BFS	Num.22.11	לִּ/י֙	l	HR/Sp1cs
04VSb	Num.22.11	אֹת֔/וֹ	853	HTo/Sp3ms
04win	Num.22.11	אוּלַ֥י	194	HD
04vTu	Num.22.11	אוּכַ֛ל	3201	HVqi1cs
04bFF	Num.22.11	לְ/הִלָּ֥חֶם	l/3898 a	HR/VNc
04RPu	Num.22.11	בּ֖/וֹ	b	HR/Sp3ms
04i4Q	Num.22.11	וְ/גֵרַשְׁתִּֽי/ו	c/1644	HC/Vpq1cs/Sp3ms
04eeb	Num.22.12	וַ/יֹּ֤אמֶר	c/559	HC/Vqw3ms
04DzJ	Num.22.12	אֱלֹהִים֙	430	HNcmpa
04otG	Num.22.12	אֶל	413	HR
04uVF	Num.22.12	בִּלְעָ֔ם	1109 a	HNp
04JuV	Num.22.12	לֹ֥א	3808	HTn
04WJN	Num.22.12	תֵלֵ֖ךְ	3212	HVqi2ms
04BZ4	Num.22.12	עִמָּ/הֶ֑ם	5973 a	HR/Sp3mp
04TCU	Num.22.12	לֹ֤א	3808	HTn
04qjr	Num.22.12	תָאֹר֙	779	HVqi2ms
04wRN	Num.22.12	אֶת	853	HTo
0484p	Num.22.12	הָ/עָ֔ם	d/5971 a	HTd/Ncmsa
04Mw5	Num.22.12	כִּ֥י	3588 a	HC
048Qr	Num.22.12	בָר֖וּךְ	1288	HVqsmsa
04mR9	Num.22.12	הֽוּא	1931	HPp3ms
04ZAQ	Num.22.13	וַ/יָּ֤קָם	c/6965 b	HC/Vqw3ms
04PsY	Num.22.13	בִּלְעָם֙	1109 a	HNp
04W8e	Num.22.13	בַּ/בֹּ֔קֶר	b/1242	HRd/Ncmsa
04D63	Num.22.13	וַ/יֹּ֨אמֶר֙	c/559	HC/Vqw3ms
04m1b	Num.22.13	אֶל	413	HR
04b1k	Num.22.13	שָׂרֵ֣י	8269	HNcmpc
044Jh	Num.22.13	בָלָ֔ק	1111	HNp
04D47	Num.22.13	לְכ֖וּ	3212	HVqv2mp
04koV	Num.22.13	אֶֽל	413	HR
04FRD	Num.22.13	אַרְצְ/כֶ֑ם	776	HNcbsc/Sp2mp
04BuR	Num.22.13	כִּ֚י	3588 a	HC
04k5H	Num.22.13	מֵאֵ֣ן	3985	HVpp3ms
04tGq	Num.22.13	יְהוָ֔ה	3068	HNp
04NLd	Num.22.13	לְ/תִתִּ֖/י	l/5414	HR/Vqc/Sp1cs
04J1k	Num.22.13	לַ/הֲלֹ֥ךְ	l/1980	HR/Vqc
04uUr	Num.22.13	עִמָּ/כֶֽם	5973 a	HR/Sp2mp
04ri9	Num.22.14	וַ/יָּק֨וּמוּ֙	c/6965 b	HC/Vqw3mp
04niN	Num.22.14	שָׂרֵ֣י	8269	HNcmpc
04Wxt	Num.22.14	מוֹאָ֔ב	4124	HNp
04J7S	Num.22.14	וַ/יָּבֹ֖אוּ	c/935	HC/Vqw3mp
04BM3	Num.22.14	אֶל	413	HR
043MM	Num.22.14	בָּלָ֑ק	1111	HNp
04oxD	Num.22.14	וַ/יֹּ֣אמְר֔וּ	c/559	HC/Vqw3mp
04xrp	Num.22.14	מֵאֵ֥ן	3985	HVpp3ms
049HN	Num.22.14	בִּלְעָ֖ם	1109 a	HNp
046Y7	Num.22.14	הֲלֹ֥ךְ	1980	HVqc
04RHW	Num.22.14	עִמָּֽ/נוּ	5973 a	HR/Sp1cp
04r5s	Num.22.15	וַ/יֹּ֥סֶף	c/3254	HC/Vhw3ms
0497A	Num.22.15	ע֖וֹד	5750	HD
04Vqm	Num.22.15	בָּלָ֑ק	1111	HNp
04u4c	Num.22.15	שְׁלֹ֣חַ	7971	HVqc
04ztB	Num.22.15	שָׂרִ֔ים	8269	HNcmpa
04Azr	Num.22.15	רַבִּ֥ים	7227 a	HAampa
043eC	Num.22.15	וְ/נִכְבָּדִ֖ים	c/3513	HC/VNrmpa
04KxK	Num.22.15	מֵ/אֵֽלֶּה	m/428	HR/Pdxcp
044q4	Num.22.16	וַ/יָּבֹ֖אוּ	c/935	HC/Vqw3mp
04fh6	Num.22.16	אֶל	413	HR
04esn	Num.22.16	בִּלְעָ֑ם	1109 a	HNp
04ZQR	Num.22.16	וַ/יֹּ֣אמְרוּ	c/559	HC/Vqw3mp
04XLc	Num.22.16	ל֗/וֹ	l	HR/Sp3ms
04Cq3	Num.22.16	כֹּ֤ה	3541	HD
04Csz	Num.22.16	אָמַר֙	559	HVqp3ms
04GeH	Num.22.16	בָּלָ֣ק	1111	HNp
04Hch	Num.22.16	בֶּן	1121 a	HNcmsc
04AEo	Num.22.16	צִפּ֔וֹר	6834	HNp
04BVz	Num.22.16	אַל	408	HTn
04AKh	Num.22.16	נָ֥א	4994	HTe
04u24	Num.22.16	תִמָּנַ֖ע	4513	HVNj2ms
0451o	Num.22.16	מֵ/הֲלֹ֥ךְ	m/1980	HR/Vqc
04Uib	Num.22.16	אֵלָֽ/י	413	HR/Sp1cs
04FwK	Num.22.17	כִּֽי	3588 a	HC
046PS	Num.22.17	כַבֵּ֤ד	3513	HVpa
04rWd	Num.22.17	אֲכַבֶּדְ/ךָ֙	3513	HVpi1cs/Sp2ms
04DYp	Num.22.17	מְאֹ֔ד	3966	HD
04u96	Num.22.17	וְ/כֹ֛ל	c/3605	HC/Ncmsa
04Jp3	Num.22.17	אֲשֶׁר	834 a	HTr
04ev7	Num.22.17	תֹּאמַ֥ר	559	HVqi2ms
04vDp	Num.22.17	אֵלַ֖/י	413	HR/Sp1cs
04Rgs	Num.22.17	אֶֽעֱשֶׂ֑ה	6213 a	HVqi1cs
04i2V	Num.22.17	וּ/לְכָ/ה	c/3212	HC/Vqv2ms/Sh
04pD9	Num.22.17	נָּא֙	4994	HTj
04Sww	Num.22.17	קָֽבָ/ה	6895	HVqv2ms/Sh
04PTy	Num.22.17	לִּ֔/י	l	HR/Sp1cs
04hMo	Num.22.17	אֵ֖ת	853	HTo
04WpC	Num.22.17	הָ/עָ֥ם	d/5971 a	HTd/Ncmsa
04AFj	Num.22.17	הַ/זֶּֽה	d/2088	HTd/Pdxms
04aSt	Num.22.18	וַ/יַּ֣עַן	c/6030 b	HC/Vqw3ms
04Sqe	Num.22.18	בִּלְעָ֗ם	1109 a	HNp
04oYo	Num.22.18	וַ/יֹּ֨אמֶר֙	c/559	HC/Vqw3ms
04scu	Num.22.18	אֶל	413	HR
04JMM	Num.22.18	עַבְדֵ֣י	5650	HNcmpc
041sJ	Num.22.18	בָלָ֔ק	1111	HNp
04Uxz	Num.22.18	אִם	518 a	HC
04NGU	Num.22.18	יִתֶּן	5414	HVqi3ms
04bvJ	Num.22.18	לִ֥/י	l	HR/Sp1cs
04G8n	Num.22.18	בָלָ֛ק	1111	HNp
04WY7	Num.22.18	מְלֹ֥א	4393	HNcmsc
04BC3	Num.22.18	בֵית֖/וֹ	1004 b	HNcmsc/Sp3ms
04sBo	Num.22.18	כֶּ֣סֶף	3701	HNcmsa
04RKW	Num.22.18	וְ/זָהָ֑ב	c/2091	HC/Ncmsa
04tAq	Num.22.18	לֹ֣א	3808	HTn
04Uw1	Num.22.18	אוּכַ֗ל	3201	HVqi1cs
042wg	Num.22.18	לַ/עֲבֹר֙	l/5674 a	HR/Vqc
04AiD	Num.22.18	אֶת	853	HTo
04saZ	Num.22.18	פִּי֙	6310	HNcmsc
046Zs	Num.22.18	יְהוָ֣ה	3068	HNp
04AfV	Num.22.18	אֱלֹהָ֔/י	430	HNcmpc/Sp1cs
04Lcd	Num.22.18	לַ/עֲשׂ֥וֹת	l/6213 a	HR/Vqc
04rpk	Num.22.18	קְטַנָּ֖ה	6996 a	HAafsa
04nkG	Num.22.18	א֥וֹ	176 a	HC
04DzG	Num.22.18	גְדוֹלָֽה	1419 a	HAafsa
04pEh	Num.22.19	וְ/עַתָּ֗ה	c/6258	HC/D
044k4	Num.22.19	שְׁב֨וּ	3427	HVqv2mp
04fR6	Num.22.19	נָ֥א	4994	HTe
04Hpv	Num.22.19	בָ/זֶ֛ה	b/2088	HR/Pdxms
04PZ2	Num.22.19	גַּם	1571	HTa
04Fw3	Num.22.19	אַתֶּ֖ם	859 d	HPp2mp
04gyJ	Num.22.19	הַ/לָּ֑יְלָה	d/3915	HTd/Ncmsa
04g5y	Num.22.19	וְ/אֵ֣דְעָ֔ה	c/3045	HC/Vqh1cs
04Dfx	Num.22.19	מַה	4100	HTi
04NAF	Num.22.19	יֹּסֵ֥ף	3254	HVhi3ms
04EeP	Num.22.19	יְהוָ֖ה	3068	HNp
04BqM	Num.22.19	דַּבֵּ֥ר	1696	HVpc
04UCM	Num.22.19	עִמִּֽ/י	5973 a	HR/Sp1cs
04ftT	Num.22.20	וַ/יָּבֹ֨א	c/935	HC/Vqw3ms
04FKy	Num.22.20	אֱלֹהִ֥ים	430	HNcmpa
04cV9	Num.22.20	אֶל	413	HR
04X4w	Num.22.20	בִּלְעָם֮	1109 a	HNp
04J5D	Num.22.20	לַיְלָה֒	3915	HNcmsa
04yY2	Num.22.20	וַ/יֹּ֣אמֶר	c/559	HC/Vqw3ms
04Tg5	Num.22.20	ל֗/וֹ	l	HR/Sp3ms
04hV5	Num.22.20	אִם	518 a	HC
043vf	Num.22.20	לִ/קְרֹ֤א	l/7121	HR/Vqc
04cC7	Num.22.20	לְ/ךָ֙	l	HR/Sp2ms
04cM2	Num.22.20	בָּ֣אוּ	935	HVqp3cp
04AeC	Num.22.20	הָ/אֲנָשִׁ֔ים	d/376	HTd/Ncmpa
04hiZ	Num.22.20	ק֖וּם	6965 b	HVqv2ms
04NFM	Num.22.20	לֵ֣ךְ	3212	HVqv2ms
04Q9d	Num.22.20	אִתָּ֑/ם	854	HR/Sp3mp
04Z4d	Num.22.20	וְ/אַ֗ךְ	c/389	HC/D
04bij	Num.22.20	אֶת	853	HTo
044dx	Num.22.20	הַ/דָּבָ֛ר	d/1697	HTd/Ncmsa
043PX	Num.22.20	אֲשֶׁר	834 a	HTr
04iyq	Num.22.20	אֲדַבֵּ֥ר	1696	HVpi1cs
04zn9	Num.22.20	אֵלֶ֖י/ךָ	413	HR/Sp2ms
04Mha	Num.22.20	אֹת֥/וֹ	853	HTo/Sp3ms
04N7b	Num.22.20	תַעֲשֶֽׂה	6213 a	HVqi2ms
04d2k	Num.22.21	וַ/יָּ֤קָם	c/6965 b	HC/Vqw3ms
044SL	Num.22.21	בִּלְעָם֙	1109 a	HNp
04mgz	Num.22.21	בַּ/בֹּ֔קֶר	b/1242	HRd/Ncmsa
04EqE	Num.22.21	וַֽ/יַּחֲבֹ֖שׁ	c/2280	HC/Vqw3ms
04hRU	Num.22.21	אֶת	853	HTo
04fkK	Num.22.21	אֲתֹנ֑/וֹ	860	HNcfsc/Sp3ms
04G6m	Num.22.21	וַ/יֵּ֖לֶךְ	c/3212	HC/Vqw3ms
04KKj	Num.22.21	עִם	5973 a	HR
04wRc	Num.22.21	שָׂרֵ֥י	8269	HNcmpc
047oV	Num.22.21	מוֹאָֽב	4124	HNp
04w65	Num.22.22	וַ/יִּֽחַר	c/2734	HC/Vqw3ms
04WrZ	Num.22.22	אַ֣ף	639	HTa
04by8	Num.22.22	אֱלֹהִים֮	430	HNcmpa
04W3R	Num.22.22	כִּֽי	3588 a	HC
04nzB	Num.22.22	הוֹלֵ֣ךְ	1980	HVqrmsa
04g2B	Num.22.22	הוּא֒	1931	HPp3ms
04And	Num.22.22	וַ/יִּתְיַצֵּ֞ב	c/3320	HC/Vtw3ms
04VNa	Num.22.22	מַלְאַ֧ךְ	4397	HNcmsc
04J2H	Num.22.22	יְהוָ֛ה	3068	HNp
04Y4B	Num.22.22	בַּ/דֶּ֖רֶךְ	b/1870	HRd/Ncbsa
04DWM	Num.22.22	לְ/שָׂטָ֣ן	l/7854	HR/Ncmsa
04Rxp	Num.22.22	ל֑/וֹ	l	HR/Sp3ms
04Awt	Num.22.22	וְ/הוּא֙	c/1931	HC/Pp3ms
04bTZ	Num.22.22	רֹכֵ֣ב	7392	HVqrmsa
04dzx	Num.22.22	עַל	5921 a	HR
04fU1	Num.22.22	אֲתֹנ֔/וֹ	860	HNcfsc/Sp3ms
04qg2	Num.22.22	וּ/שְׁנֵ֥י	c/8147	HC/Acmdc
04Uja	Num.22.22	נְעָרָ֖י/ו	5288	HNcmpc/Sp3ms
04z9S	Num.22.22	עִמּֽ/וֹ	5973 a	HR/Sp3ms
049ST	Num.22.23	וַ/תֵּ֣רֶא	c/7200	HC/Vqw3fs
04pbz	Num.22.23	הָ/אָתוֹן֩	d/860	HTd/Ncfsa
04FE3	Num.22.23	אֶת	853	HTo
0435f	Num.22.23	מַלְאַ֨ךְ	4397	HNcmsc
04aPC	Num.22.23	יְהוָ֜ה	3068	HNp
04ReZ	Num.22.23	נִצָּ֣ב	5324	HVNrmsa
04MTm	Num.22.23	בַּ/דֶּ֗רֶךְ	b/1870	HRd/Ncbsa
04YQH	Num.22.23	וְ/חַרְבּ֤/וֹ	c/2719	HC/Ncfsc/Sp3ms
04M6y	Num.22.23	שְׁלוּפָה֙	8025	HVqsfsa
041bL	Num.22.23	בְּ/יָד֔/וֹ	b/3027	HR/Ncbsc/Sp3ms
04aPi	Num.22.23	וַ/תֵּ֤ט	c/5186	HC/Vqw3fs
04Qxz	Num.22.23	הָֽ/אָתוֹן֙	d/860	HTd/Ncfsa
046ku	Num.22.23	מִן	4480 a	HR
049BK	Num.22.23	הַ/דֶּ֔רֶךְ	d/1870	HTd/Ncbsa
0446z	Num.22.23	וַ/תֵּ֖לֶךְ	c/3212	HC/Vqw3fs
04g6h	Num.22.23	בַּ/שָּׂדֶ֑ה	b/7704 b	HRd/Ncmsa
04R4n	Num.22.23	וַ/יַּ֤ךְ	c/5221	HC/Vhw3ms
04X5Q	Num.22.23	בִּלְעָם֙	1109 a	HNp
04EQ1	Num.22.23	אֶת	853	HTo
04LRR	Num.22.23	הָ֣/אָת֔וֹן	d/860	HTd/Ncfsa
04npT	Num.22.23	לְ/הַטֹּתָ֖/הּ	l/5186	HR/Vhc/Sp3fs
04AXe	Num.22.23	הַ/דָּֽרֶךְ	d/1870	HTd/Ncbsa
04Tvz	Num.22.24	וַֽ/יַּעֲמֹד֙	c/5975	HC/Vqw3ms
04GqM	Num.22.24	מַלְאַ֣ךְ	4397	HNcmsc
04ANY	Num.22.24	יְהוָ֔ה	3068	HNp
04Kwy	Num.22.24	בְּ/מִשְׁע֖וֹל	b/4934	HR/Ncmsc
04crs	Num.22.24	הַ/כְּרָמִ֑ים	d/3754	HTd/Ncbpa
04bQJ	Num.22.24	גָּדֵ֥ר	1447	HNcmsa
04HL8	Num.22.24	מִ/זֶּ֖ה	m/2088	HR/Pdxms
04Cho	Num.22.24	וְ/גָדֵ֥ר	c/1447	HC/Ncmsa
04Jv8	Num.22.24	מִ/זֶּֽה	m/2088	HR/Pdxms
04E6o	Num.22.25	וַ/תֵּ֨רֶא	c/7200	HC/Vqw3fs
04UqT	Num.22.25	הָ/אָת֜וֹן	d/860	HTd/Ncfsa
04EiW	Num.22.25	אֶת	853	HTo
04kmx	Num.22.25	מַלְאַ֣ךְ	4397	HNcmsc
04gLK	Num.22.25	יְהוָ֗ה	3068	HNp
04JMe	Num.22.25	וַ/תִּלָּחֵץ֙	c/3905	HC/VNw3fs
046MW	Num.22.25	אֶל	413	HR
04i6u	Num.22.25	הַ/קִּ֔יר	d/7023	HTd/Ncmsa
04KNk	Num.22.25	וַ/תִּלְחַ֛ץ	c/3905	HC/Vqw3fs
04uu2	Num.22.25	אֶת	853	HTo
04acM	Num.22.25	רֶ֥גֶל	7272	HNcfsc
043PG	Num.22.25	בִּלְעָ֖ם	1109 a	HNp
04KfS	Num.22.25	אֶל	413	HR
04xJZ	Num.22.25	הַ/קִּ֑יר	d/7023	HTd/Ncmsa
04y5e	Num.22.25	וַ/יֹּ֖סֶף	c/3254	HC/Vhw3ms
04cRM	Num.22.25	לְ/הַכֹּתָֽ/הּ	l/5221	HR/Vhc/Sp3fs
04Fr3	Num.22.26	וַ/יּ֥וֹסֶף	c/3254	HC/Vhw3ms
04gzM	Num.22.26	מַלְאַךְ	4397	HNcmsc
04qJp	Num.22.26	יְהוָ֖ה	3068	HNp
04P5o	Num.22.26	עֲב֑וֹר	5674 a	HVqc
04Kek	Num.22.26	וַֽ/יַּעֲמֹד֙	c/5975	HC/Vqw3ms
04c3K	Num.22.26	בְּ/מָק֣וֹם	b/4725	HR/Ncmsa
04yPs	Num.22.26	צָ֔ר	6862 a	HAamsa
04zyS	Num.22.26	אֲשֶׁ֛ר	834 a	HTr
04KqH	Num.22.26	אֵֽין	369	HTn
04MMn	Num.22.26	דֶּ֥רֶךְ	1870	HNcbsa
043eY	Num.22.26	לִ/נְט֖וֹת	l/5186	HR/Vqc
04HEf	Num.22.26	יָמִ֥ין	3225	HNcfsa
04y91	Num.22.26	וּ/שְׂמֹֽאול	c/8040	HC/Ncmsa
04TVM	Num.22.27	וַ/תֵּ֤רֶא	c/7200	HC/Vqw3fs
04kD4	Num.22.27	הָֽ/אָתוֹן֙	d/860	HTd/Ncfsa
04Nmt	Num.22.27	אֶת	853	HTo
04Akg	Num.22.27	מַלְאַ֣ךְ	4397	HNcmsc
04B7Q	Num.22.27	יְהוָ֔ה	3068	HNp
04ycr	Num.22.27	וַ/תִּרְבַּ֖ץ	c/7257	HC/Vqw3fs
0497o	Num.22.27	תַּ֣חַת	8478	HR
04wny	Num.22.27	בִּלְעָ֑ם	1109 a	HNp
04iRd	Num.22.27	וַ/יִּֽחַר	c/2734	HC/Vqw3ms
04Hqm	Num.22.27	אַ֣ף	639	HTa
044yB	Num.22.27	בִּלְעָ֔ם	1109 a	HNp
04eBM	Num.22.27	וַ/יַּ֥ךְ	c/5221	HC/Vhw3ms
04sGZ	Num.22.27	אֶת	853	HTo
04maq	Num.22.27	הָ/אָת֖וֹן	d/860	HTd/Ncfsa
04PDc	Num.22.27	בַּ/מַּקֵּֽל	b/4731	HRd/Ncmsa
047ta	Num.22.28	וַ/יִּפְתַּ֥ח	c/6605 a	HC/Vqw3ms
04PrJ	Num.22.28	יְהוָ֖ה	3068	HNp
04SiG	Num.22.28	אֶת	853	HTo
04D8c	Num.22.28	פִּ֣י	6310	HNcmsc
04z2c	Num.22.28	הָ/אָת֑וֹן	d/860	HTd/Ncfsa
04VvA	Num.22.28	וַ/תֹּ֤אמֶר	c/559	HC/Vqw3fs
04oTD	Num.22.28	לְ/בִלְעָם֙	l/1109 a	HR/Np
04hhK	Num.22.28	מֶה	4100	HTi
045UZ	Num.22.28	עָשִׂ֣יתִֽי	6213 a	HVqp1cs
04VkY	Num.22.28	לְ/ךָ֔	l	HR/Sp2ms
042u2	Num.22.28	כִּ֣י	3588 a	HC
04uxY	Num.22.28	הִכִּיתַ֔/נִי	5221	HVhp2ms/Sp1cs
04GJC	Num.22.28	זֶ֖ה	2088	HPdxms
048WP	Num.22.28	שָׁלֹ֥שׁ	7969	HAcfsa
049Vh	Num.22.28	רְגָלִֽים	7272	HNcfpa
04Ntu	Num.22.29	וַ/יֹּ֤אמֶר	c/559	HC/Vqw3ms
04ikR	Num.22.29	בִּלְעָם֙	1109 a	HNp
04vkY	Num.22.29	לָֽ/אָת֔וֹן	l/860	HRd/Ncfsa
04F8A	Num.22.29	כִּ֥י	3588 a	HC
04yB5	Num.22.29	הִתְעַלַּ֖לְתְּ	5953 a	HVtp2fs
04RhF	Num.22.29	בִּ֑/י	b	HR/Sp1cs
04weY	Num.22.29	ל֤וּ	3863	HC
04jmK	Num.22.29	יֶשׁ	3426	HTm
044m9	Num.22.29	חֶ֨רֶב֙	2719	HNcfsa
04HZJ	Num.22.29	בְּ/יָדִ֔/י	b/3027	HR/Ncbsc/Sp1cs
04M1s	Num.22.29	כִּ֥י	3588 a	HC
04BYD	Num.22.29	עַתָּ֖ה	6258	HD
04ynr	Num.22.29	הֲרַגְתִּֽי/ךְ	2026	HVqp1cs/Sp2fs
04VJd	Num.22.30	וַ/תֹּ֨אמֶר	c/559	HC/Vqw3fs
04nCA	Num.22.30	הָ/אָת֜וֹן	d/860	HTd/Ncfsa
042ke	Num.22.30	אֶל	413	HR
044YR	Num.22.30	בִּלְעָ֗ם	1109 a	HNp
04784	Num.22.30	הֲ/לוֹא֩	i/3808	HTi/Tn
04dpR	Num.22.30	אָנֹכִ֨י	595	HPp1cs
04aBk	Num.22.30	אֲתֹֽנְ/ךָ֜	860	HNcfsc/Sp2ms
04Ewf	Num.22.30	אֲשֶׁר	834 a	HTr
042i9	Num.22.30	רָכַ֣בְתָּ	7392	HVqp2ms
04f2b	Num.22.30	עָלַ֗/י	5921 a	HR/Sp1cs
04AkM	Num.22.30	מֵ/עֽוֹדְ/ךָ֙	m/5750	HR/D/Sp2ms
04KYx	Num.22.30	עַד	5704	HR
04JEq	Num.22.30	הַ/יּ֣וֹם	d/3117	HTd/Ncmsa
04hMV	Num.22.30	הַ/זֶּ֔ה	d/2088	HTd/Pdxms
04A8N	Num.22.30	הַֽ/הַסְכֵּ֣ן	i/5532	HTi/Vha
047ro	Num.22.30	הִסְכַּ֔נְתִּי	5532	HVhp1cs
04qJz	Num.22.30	לַ/עֲשׂ֥וֹת	l/6213 a	HR/Vqc
04mN4	Num.22.30	לְ/ךָ֖	l	HR/Sp2ms
04c1S	Num.22.30	כֹּ֑ה	3541	HD
04E8w	Num.22.30	וַ/יֹּ֖אמֶר	c/559	HC/Vqw3ms
04QNv	Num.22.30	לֹֽא	3808	HTn
04GG4	Num.22.31	וַ/יְגַ֣ל	c/1540	HC/Vpw3ms
04tsA	Num.22.31	יְהוָה֮	3068	HNp
04WvW	Num.22.31	אֶת	853	HTo
04Cyq	Num.22.31	עֵינֵ֣י	5869 a	HNcbdc
049nW	Num.22.31	בִלְעָם֒	1109 a	HNp
04goR	Num.22.31	וַ/יַּ֞רְא	c/7200	HC/Vqw3ms
04C48	Num.22.31	אֶת	853	HTo
04naT	Num.22.31	מַלְאַ֤ךְ	4397	HNcmsc
04rJY	Num.22.31	יְהוָה֙	3068	HNp
04X3v	Num.22.31	נִצָּ֣ב	5324	HVNrmsa
04c1w	Num.22.31	בַּ/דֶּ֔רֶךְ	b/1870	HRd/Ncbsa
041qK	Num.22.31	וְ/חַרְבּ֥/וֹ	c/2719	HC/Ncfsc/Sp3ms
04oBj	Num.22.31	שְׁלֻפָ֖ה	8025	HVqsfsa
041LX	Num.22.31	בְּ/יָד֑/וֹ	b/3027	HR/Ncbsc/Sp3ms
04Xd2	Num.22.31	וַ/יִּקֹּ֥ד	c/6915	HC/Vqw3ms
04VuX	Num.22.31	וַ/יִּשְׁתַּ֖חוּ	c/7812	HC/Vtw3ms
04ieM	Num.22.31	לְ/אַפָּֽי/ו	l/639	HR/Ncmdc/Sp3ms
04YQK	Num.22.32	וַ/יֹּ֤אמֶר	c/559	HC/Vqw3ms
045kM	Num.22.32	אֵלָי/ו֙	413	HR/Sp3ms
04XLS	Num.22.32	מַלְאַ֣ךְ	4397	HNcmsc
049qt	Num.22.32	יְהוָ֔ה	3068	HNp
04MkQ	Num.22.32	עַל	5921 a	HR
04Nkt	Num.22.32	מָ֗ה	4100	HTi
04ezn	Num.22.32	הִכִּ֨יתָ֙	5221	HVhp2ms
04nRq	Num.22.32	אֶת	853	HTo
044Gt	Num.22.32	אֲתֹ֣נְ/ךָ֔	860	HNcfsc/Sp2ms
04GnH	Num.22.32	זֶ֖ה	2088	HPdxms
045Da	Num.22.32	שָׁל֣וֹשׁ	7969	HAcfsa
04G2S	Num.22.32	רְגָלִ֑ים	7272	HNcfpa
045V3	Num.22.32	הִנֵּ֤ה	2009	HTm
04HKm	Num.22.32	אָנֹכִי֙	595	HPp1cs
04v6o	Num.22.32	יָצָ֣אתִי	3318	HVqp1cs
04BkX	Num.22.32	לְ/שָׂטָ֔ן	l/7854	HR/Ncmsa
04mYk	Num.22.32	כִּֽי	3588 a	HC
04atE	Num.22.32	יָרַ֥ט	3399 a	HVqp3ms
04Unu	Num.22.32	הַ/דֶּ֖רֶךְ	d/1870	HTd/Ncbsa
04G7H	Num.22.32	לְ/נֶגְדִּֽ/י	l/5048	HR/R/Sp1cs
04MJC	Num.22.33	וַ/תִּרְאַ֨/נִי֙	c/7200	HC/Vqw3fs/Sp1cs
042cN	Num.22.33	הָֽ/אָת֔וֹן	d/860	HTd/Ncfsa
04NZs	Num.22.33	וַ/תֵּ֣ט	c/5186	HC/Vqw3fs
04zEq	Num.22.33	לְ/פָנַ֔/י	l/6440	HR/Ncbpc/Sp1cs
04ijB	Num.22.33	זֶ֖ה	2088	HPdxms
047Ls	Num.22.33	שָׁלֹ֣שׁ	7969	HAcfsa
04xCM	Num.22.33	רְגָלִ֑ים	7272	HNcfpa
046Eo	Num.22.33	אוּלַי֙	194	HD
04Rhi	Num.22.33	נָטְתָ֣ה	5186	HVqp3fs
04W8h	Num.22.33	מִ/פָּנַ֔/י	m/6440	HR/Ncbpc/Sp1cs
044RF	Num.22.33	כִּ֥י	3588 a	HC
04Ufi	Num.22.33	עַתָּ֛ה	6258	HD
04WE7	Num.22.33	גַּם	1571	HTa
04ZnA	Num.22.33	אֹתְ/כָ֥ה	853	HTo/Sp2ms
04pWY	Num.22.33	הָרַ֖גְתִּי	2026	HVqp1cs
04Kny	Num.22.33	וְ/אוֹתָ֥/הּ	c/853	HC/To/Sp3fs
04vJY	Num.22.33	הֶחֱיֵֽיתִי	2421	HVhp1cs
04qdD	Num.22.34	וַ/יֹּ֨אמֶר	c/559	HC/Vqw3ms
04gdS	Num.22.34	בִּלְעָ֜ם	1109 a	HNp
04shu	Num.22.34	אֶל	413	HR
04Zyd	Num.22.34	מַלְאַ֤ךְ	4397	HNcmsc
04quq	Num.22.34	יְהוָה֙	3068	HNp
04r3e	Num.22.34	חָטָ֔אתִי	2398	HVqp1cs
04Ucz	Num.22.34	כִּ֚י	3588 a	HC
04v7h	Num.22.34	לֹ֣א	3808	HTn
04hgJ	Num.22.34	יָדַ֔עְתִּי	3045	HVqp1cs
04ziM	Num.22.34	כִּ֥י	3588 a	HC
04bt2	Num.22.34	אַתָּ֛ה	859 a	HPp2ms
04euf	Num.22.34	נִצָּ֥ב	5324	HVNrmsa
04fGn	Num.22.34	לִ/קְרָאתִ֖/י	l/7125	HR/Vqc/Sp1cs
043CJ	Num.22.34	בַּ/דָּ֑רֶךְ	b/1870	HRd/Ncbsa
04GHc	Num.22.34	וְ/עַתָּ֛ה	c/6258	HC/D
04eq3	Num.22.34	אִם	518 a	HC
04wmT	Num.22.34	רַ֥ע	7489 a	HVqp3ms
04uRX	Num.22.34	בְּ/עֵינֶ֖י/ךָ	b/5869 a	HR/Ncbdc/Sp2ms
0421k	Num.22.34	אָשׁ֥וּבָה	7725	HVqh1cs
04da6	Num.22.34	לִּֽ/י	l	HR/Sp1cs
045rU	Num.22.35	וַ/יֹּאמֶר֩	c/559	HC/Vqw3ms
0434U	Num.22.35	מַלְאַ֨ךְ	4397	HNcmsc
04KTR	Num.22.35	יְהוָ֜ה	3068	HNp
04axk	Num.22.35	אֶל	413	HR
04pvS	Num.22.35	בִּלְעָ֗ם	1109 a	HNp
04rWX	Num.22.35	לֵ֚ךְ	3212	HVqv2ms
04wo4	Num.22.35	עִם	5973 a	HR
04pet	Num.22.35	הָ֣/אֲנָשִׁ֔ים	d/376	HTd/Ncmpa
04yqx	Num.22.35	וְ/אֶ֗פֶס	c/657 a	HC/Ncmsa
049r4	Num.22.35	אֶת	853	HTo
04S2Q	Num.22.35	הַ/דָּבָ֛ר	d/1697	HTd/Ncmsa
0489S	Num.22.35	אֲשֶׁר	834 a	HTr
04fVm	Num.22.35	אֲדַבֵּ֥ר	1696	HVpi1cs
044Q2	Num.22.35	אֵלֶ֖י/ךָ	413	HR/Sp2ms
04bpv	Num.22.35	אֹת֣/וֹ	853	HTo/Sp3ms
04YHJ	Num.22.35	תְדַבֵּ֑ר	1696	HVpi2ms
04XXo	Num.22.35	וַ/יֵּ֥לֶךְ	c/3212	HC/Vqw3ms
046qR	Num.22.35	בִּלְעָ֖ם	1109 a	HNp
04F4e	Num.22.35	עִם	5973 a	HR
04Smn	Num.22.35	שָׂרֵ֥י	8269	HNcmpc
041wx	Num.22.35	בָלָֽק	1111	HNp
04yQG	Num.22.36	וַ/יִּשְׁמַ֥ע	c/8085	HC/Vqw3ms
04Eoh	Num.22.36	בָּלָ֖ק	1111	HNp
0476k	Num.22.36	כִּ֣י	3588 a	HC
04Yke	Num.22.36	בָ֣א	935	HVqp3ms
04aaE	Num.22.36	בִלְעָ֑ם	1109 a	HNp
042GC	Num.22.36	וַ/יֵּצֵ֨א	c/3318	HC/Vqw3ms
045SW	Num.22.36	לִ/קְרָאת֜/וֹ	l/7125	HR/Vqc/Sp3ms
044Vz	Num.22.36	אֶל	413	HR
041at	Num.22.36	עִ֣יר	5892 b	HNcfsc
04kw4	Num.22.36	מוֹאָ֗ב	4124	HNp
04fq2	Num.22.36	אֲשֶׁר֙	834 a	HTr
04d4b	Num.22.36	עַל	5921 a	HR
04nKX	Num.22.36	גְּב֣וּל	1366	HNcmsc
04dbk	Num.22.36	אַרְנֹ֔ן	769	HNp
047P4	Num.22.36	אֲשֶׁ֖ר	834 a	HTr
04qFQ	Num.22.36	בִּ/קְצֵ֥ה	b/7097 a	HR/Ncbsc
049xW	Num.22.36	הַ/גְּבֽוּל	d/1366	HTd/Ncmsa
04LUW	Num.22.37	וַ/יֹּ֨אמֶר	c/559	HC/Vqw3ms
041Dv	Num.22.37	בָּלָ֜ק	1111	HNp
04EXG	Num.22.37	אֶל	413	HR
04XEv	Num.22.37	בִּלְעָ֗ם	1109 a	HNp
04Foc	Num.22.37	הֲ/לֹא֩	i/3808	HTi/Tn
04DyD	Num.22.37	שָׁלֹ֨חַ	7971	HVqa
04gvY	Num.22.37	שָׁלַ֤חְתִּי	7971	HVqp1cs
04pUw	Num.22.37	אֵלֶ֨י/ךָ֙	413	HR/Sp2ms
04h4r	Num.22.37	לִ/קְרֹא	l/7121	HR/Vqc
042Wz	Num.22.37	לָ֔/ךְ	l	HR/Sp2fs
041ca	Num.22.37	לָ֥/מָּה	l/4100	HR/Ti
04Pq6	Num.22.37	לֹא	3808	HTn
04ghD	Num.22.37	הָלַ֖כְתָּ	1980	HVqp2ms
04ekQ	Num.22.37	אֵלָ֑/י	413	HR/Sp1cs
04iL8	Num.22.37	הַֽ/אֻמְנָ֔ם	i/552	HTi/D
04BkD	Num.22.37	לֹ֥א	3808	HTn
04swo	Num.22.37	אוּכַ֖ל	3201	HVqi1cs
04jPv	Num.22.37	כַּבְּדֶֽ/ךָ	3513	HVpc/Sp2ms
045kF	Num.22.38	וַ/יֹּ֨אמֶר	c/559	HC/Vqw3ms
04sVL	Num.22.38	בִּלְעָ֜ם	1109 a	HNp
04rz1	Num.22.38	אֶל	413	HR
04tLP	Num.22.38	בָּלָ֗ק	1111	HNp
043aA	Num.22.38	הִֽנֵּה	2009	HTm
04WcW	Num.22.38	בָ֨אתִי֙	935	HVqp1cs
04SyK	Num.22.38	אֵלֶ֔י/ךָ	413	HR/Sp2ms
04QHi	Num.22.38	עַתָּ֕ה	6258	HD
04S3y	Num.22.38	הֲ/יָכ֥וֹל	i/3201	HTi/Vqa
04sv5	Num.22.38	אוּכַ֖ל	3201	HVqi1cs
04jUF	Num.22.38	דַּבֵּ֣ר	1696	HVpc
04Ntk	Num.22.38	מְא֑וּמָה	3972	HNcfsa
04Jdw	Num.22.38	הַ/דָּבָ֗ר	d/1697	HTd/Ncmsa
04xwE	Num.22.38	אֲשֶׁ֨ר	834 a	HTr
04izn	Num.22.38	יָשִׂ֧ים	7760 a	HVqi3ms
04YRB	Num.22.38	אֱלֹהִ֛ים	430	HNcmpa
04bSb	Num.22.38	בְּ/פִ֖/י	b/6310	HR/Ncmsc/Sp1cs
047gs	Num.22.38	אֹת֥/וֹ	853	HTo/Sp3ms
04gwm	Num.22.38	אֲדַבֵּֽר	1696	HVpi1cs
04mpL	Num.22.39	וַ/יֵּ֥לֶךְ	c/3212	HC/Vqw3ms
04r1J	Num.22.39	בִּלְעָ֖ם	1109 a	HNp
042J1	Num.22.39	עִם	5973 a	HR
044w6	Num.22.39	בָּלָ֑ק	1111	HNp
04VPz	Num.22.39	וַ/יָּבֹ֖אוּ	c/935	HC/Vqw3mp
04BcV	Num.22.39	קִרְיַ֥ת	7155+	HNp
04mhn	Num.22.39	חֻצֽוֹת	7155	HNp
04Rec	Num.22.40	וַ/יִּזְבַּ֥ח	c/2076	HC/Vqw3ms
04DcM	Num.22.40	בָּלָ֖ק	1111	HNp
04z9F	Num.22.40	בָּקָ֣ר	1241	HNcbsa
043eG	Num.22.40	וָ/צֹ֑אן	c/6629	HC/Ncbsa
04ZD6	Num.22.40	וַ/יְשַׁלַּ֣ח	c/7971	HC/Vpw3ms
04eAx	Num.22.40	לְ/בִלְעָ֔ם	l/1109 a	HR/Np
04MpT	Num.22.40	וְ/לַ/שָּׂרִ֖ים	c/l/8269	HC/Rd/Ncmpa
04Nnr	Num.22.40	אֲשֶׁ֥ר	834 a	HTr
04k38	Num.22.40	אִתּֽ/וֹ	854	HR/Sp3ms
04C29	Num.22.41	וַ/יְהִ֣י	c/1961	HC/Vqw3ms
04BGq	Num.22.41	בַ/בֹּ֔קֶר	b/1242	HRd/Ncmsa
04Xgy	Num.22.41	וַ/יִּקַּ֤ח	c/3947	HC/Vqw3ms
04Esn	Num.22.41	בָּלָק֙	1111	HNp
04Mqr	Num.22.41	אֶת	853	HTo
041Vs	Num.22.41	בִּלְעָ֔ם	1109 a	HNp
04eZF	Num.22.41	וַֽ/יַּעֲלֵ֖/הוּ	c/5927	HC/Vhw3ms/Sp3ms
046dt	Num.22.41	בָּמ֣וֹת	1120+	HNp
04VgD	Num.22.41	בָּ֑עַל	1120	HNp
04Jos	Num.22.41	וַ/יַּ֥רְא	c/7200	HC/Vqw3ms
04PCA	Num.22.41	מִ/שָּׁ֖ם	m/8033	HR/D
04xxS	Num.22.41	קְצֵ֥ה	7097 a	HNcbsc
04KHG	Num.22.41	הָ/עָֽם	d/5971 a	HTd/Ncmsa
04iBr	Num.23.1	וַ/יֹּ֤אמֶר	c/559	HC/Vqw3ms
04qiL	Num.23.1	בִּלְעָם֙	1109 a	HNp
04YQt	Num.23.1	אֶל	413	HR
04zj2	Num.23.1	בָּלָ֔ק	1111	HNp
04SvN	Num.23.1	בְּנֵה	1129	HVqv2ms
04HNH	Num.23.1	לִ֥/י	l	HR/Sp1cs
04bC8	Num.23.1	בָ/זֶ֖ה	b/2088	HR/Pdxms
048fP	Num.23.1	שִׁבְעָ֣ה	7651	HAcmsa
04Xps	Num.23.1	מִזְבְּחֹ֑ת	4196	HNcmpa
04RTb	Num.23.1	וְ/הָכֵ֥ן	c/3559 a	HC/Vhv2ms
04eWx	Num.23.1	לִ/י֙	l	HR/Sp1cs
04ByR	Num.23.1	בָּ/זֶ֔ה	b/2088	HR/Pdxms
04je3	Num.23.1	שִׁבְעָ֥ה	7651	HAcmsa
04ZMS	Num.23.1	פָרִ֖ים	6499	HNcmpa
0491p	Num.23.1	וְ/שִׁבְעָ֥ה	c/7651	HC/Acmsa
04B6v	Num.23.1	אֵילִֽים	352 a	HNcmpa
04cs8	Num.23.2	וַ/יַּ֣עַשׂ	c/6213 a	HC/Vqw3ms
04nAb	Num.23.2	בָּלָ֔ק	1111	HNp
04mte	Num.23.2	כַּ/אֲשֶׁ֖ר	k/834 d	HR/Tr
04mTx	Num.23.2	דִּבֶּ֣ר	1696	HVpp3ms
04Lo3	Num.23.2	בִּלְעָ֑ם	1109 a	HNp
04WUq	Num.23.2	וַ/יַּ֨עַל	c/5927	HC/Vhw3ms
04u3y	Num.23.2	בָּלָ֧ק	1111	HNp
04qyS	Num.23.2	וּ/בִלְעָ֛ם	c/1109 a	HC/Np
046h1	Num.23.2	פָּ֥ר	6499	HNcmsa
04xNu	Num.23.2	וָ/אַ֖יִל	c/352 a	HC/Ncmsa
04g2u	Num.23.2	בַּ/מִּזְבֵּֽחַ	b/4196	HRd/Ncmsa
04cTt	Num.23.3	וַ/יֹּ֨אמֶר	c/559	HC/Vqw3ms
048tB	Num.23.3	בִּלְעָ֜ם	1109 a	HNp
04sBn	Num.23.3	לְ/בָלָ֗ק	l/1111	HR/Np
04mS3	Num.23.3	הִתְיַצֵּב֮	3320	HVtv2ms
04WeA	Num.23.3	עַל	5921 a	HR
041MQ	Num.23.3	עֹלָתֶ/ךָ֒	5930 a	HNcfsc/Sp2ms
044cW	Num.23.3	וְ/אֵֽלְכָ֗ה	c/3212	HC/Vqh1cs
04mbQ	Num.23.3	אוּלַ֞י	194	HD
04cKv	Num.23.3	יִקָּרֵ֤ה	7136 a	HVNi3ms
04vtQ	Num.23.3	יְהוָה֙	3068	HNp
043SD	Num.23.3	לִ/קְרָאתִ֔/י	l/7125	HR/Vqc/Sp1cs
04vCA	Num.23.3	וּ/דְבַ֥ר	c/1697	HC/Ncmsc
04ZNs	Num.23.3	מַה	4100	HTi
04kkz	Num.23.3	יַּרְאֵ֖/נִי	7200	HVhi3ms/Sp1cs
04UDD	Num.23.3	וְ/הִגַּ֣דְתִּי	c/5046	HC/Vhq1cs
04LRU	Num.23.3	לָ֑/ךְ	l	HR/Sp2fs
04kC1	Num.23.3	וַ/יֵּ֖לֶךְ	c/3212	HC/Vqw3ms
04Vgt	Num.23.3	שֶֽׁפִי	8205	HNcmsa
04eAg	Num.23.4	וַ/יִּקָּ֥ר	c/7136 a	HC/VNw3ms
048eY	Num.23.4	אֱלֹהִ֖ים	430	HNcmpa
04Ngr	Num.23.4	אֶל	413	HR
04Re9	Num.23.4	בִּלְעָ֑ם	1109 a	HNp
04EhP	Num.23.4	וַ/יֹּ֣אמֶר	c/559	HC/Vqw3ms
04enZ	Num.23.4	אֵלָ֗י/ו	413	HR/Sp3ms
0483T	Num.23.4	אֶת	853	HTo
047Wn	Num.23.4	שִׁבְעַ֤ת	7651	HAcmsc
04FwM	Num.23.4	הַֽ/מִּזְבְּחֹת֙	d/4196	HTd/Ncmpa
04tU5	Num.23.4	עָרַ֔כְתִּי	6186 a	HVqp1cs
04wpC	Num.23.4	וָ/אַ֛עַל	c/5927	HC/Vhw1cs
043Gj	Num.23.4	פָּ֥ר	6499	HNcmsa
04YPi	Num.23.4	וָ/אַ֖יִל	c/352 a	HC/Ncmsa
04PMM	Num.23.4	בַּ/מִּזְבֵּֽחַ	b/4196	HRd/Ncmsa
04a6j	Num.23.5	וַ/יָּ֧שֶׂם	c/7760 a	HC/Vqw3ms
04riQ	Num.23.5	יְהוָ֛ה	3068	HNp
04yQ4	Num.23.5	דָּבָ֖ר	1697	HNcmsa
04J61	Num.23.5	בְּ/פִ֣י	b/6310	HR/Ncmsc
04cLP	Num.23.5	בִלְעָ֑ם	1109 a	HNp
04UTh	Num.23.5	וַ/יֹּ֛אמֶר	c/559	HC/Vqw3ms
04JWG	Num.23.5	שׁ֥וּב	7725	HVqv2ms
04wWW	Num.23.5	אֶל	413	HR
04n44	Num.23.5	בָּלָ֖ק	1111	HNp
04bzf	Num.23.5	וְ/כֹ֥ה	c/3541	HC/D
04KxH	Num.23.5	תְדַבֵּֽר	1696	HVpi2ms
04DSc	Num.23.6	וַ/יָּ֣שָׁב	c/7725	HC/Vqw3ms
04Qqp	Num.23.6	אֵלָ֔י/ו	413	HR/Sp3ms
04JkH	Num.23.6	וְ/הִנֵּ֥ה	c/2009	HC/Tm
045cW	Num.23.6	נִצָּ֖ב	5324	HVNrmsa
04vFM	Num.23.6	עַל	5921 a	HR
0486m	Num.23.6	עֹלָת֑/וֹ	5930 a	HNcfsc/Sp3ms
046sH	Num.23.6	ה֖וּא	1931	HPp3ms
04yAv	Num.23.6	וְ/כָל	c/3605	HC/Ncmsc
04N79	Num.23.6	שָׂרֵ֥י	8269	HNcmpc
04YHd	Num.23.6	מוֹאָֽב	4124	HNp
04yvx	Num.23.7	וַ/יִּשָּׂ֥א	c/5375	HC/Vqw3ms
04rkx	Num.23.7	מְשָׁל֖/וֹ	4912	HNcmsc/Sp3ms
04E7h	Num.23.7	וַ/יֹּאמַ֑ר	c/559	HC/Vqw3ms
043TM	Num.23.7	מִן	4480 a	HR
046E1	Num.23.7	אֲ֠רָם	758	HNp
04V4j	Num.23.7	יַנְחֵ֨/נִי	5148	HVhi3ms/Sp1cs
04VUM	Num.23.7	בָלָ֤ק	1111	HNp
04JDt	Num.23.7	מֶֽלֶךְ	4428	HNcmsc
04Ve9	Num.23.7	מוֹאָב֙	4124	HNp
04YbF	Num.23.7	מֵֽ/הַרְרֵי	m/2042	HR/Ncmpc
04ro5	Num.23.7	קֶ֔דֶם	6924 a	HNcmsa
04oBt	Num.23.7	לְכָ/ה֙	3212	HVqv2ms/Sh
04TXs	Num.23.7	אָֽרָ/ה	779	HVqv2ms/Sh
04w4o	Num.23.7	לִּ֣/י	l	HR/Sp1cs
04Dk3	Num.23.7	יַעֲקֹ֔ב	3290	HNp
04xTm	Num.23.7	וּ/לְכָ֖/ה	c/3212	HC/Vqv2ms/Sh
04KAk	Num.23.7	זֹעֲמָ֥/ה	2194	HVqv2ms/Sh
04kR1	Num.23.7	יִשְׂרָאֵֽל	3478	HNp
04e7R	Num.23.8	מָ֣ה	4100	HTi
04gmT	Num.23.8	אֶקֹּ֔ב	5344 a	HVqi1cs
04rjP	Num.23.8	לֹ֥א	3808	HTn
041TU	Num.23.8	קַבֹּ֖/ה	6895	HVqp3ms/Sp3ms
04meA	Num.23.8	אֵ֑ל	410	HNcmsa
04HXd	Num.23.8	וּ/מָ֣ה	c/4100	HC/Ti
04mqX	Num.23.8	אֶזְעֹ֔ם	2194	HVqi1cs
0471a	Num.23.8	לֹ֥א	3808	HTn
043Ep	Num.23.8	זָעַ֖ם	2194	HVqp3ms
04Lox	Num.23.8	יְהוָֽה	3068	HNp
04Shk	Num.23.9	כִּֽי	3588 a	HC
046qj	Num.23.9	מֵ/רֹ֤אשׁ	m/7218 a	HR/Ncmsc
0443Q	Num.23.9	צֻרִים֙	6697	HNcmpa
04s7c	Num.23.9	אֶרְאֶ֔/נּוּ	7200	HVqi1cs/Sp3ms
048H3	Num.23.9	וּ/מִ/גְּבָע֖וֹת	c/m/1389	HC/R/Ncfpa
04H8Q	Num.23.9	אֲשׁוּרֶ֑/נּוּ	7789	HVqi1cs/Sp3ms
04eBo	Num.23.9	הֶן	2005	HTj
04yuH	Num.23.9	עָם֙	5971 a	HNcmsa
04WKs	Num.23.9	לְ/בָדָ֣ד	l/910	HR/Ncmsa
04jTE	Num.23.9	יִשְׁכֹּ֔ן	7931	HVqi3ms
04WZT	Num.23.9	וּ/בַ/גּוֹיִ֖ם	c/b/1471 a	HC/Rd/Ncmpa
04M8j	Num.23.9	לֹ֥א	3808	HTn
04rEs	Num.23.9	יִתְחַשָּֽׁב	2803	HVti3ms
04vPm	Num.23.10	מִ֤י	4310	HTi
04aQ8	Num.23.10	מָנָה֙	4487	HVqp3ms
04oUN	Num.23.10	עֲפַ֣ר	6083	HNcmsc
04FuQ	Num.23.10	יַעֲקֹ֔ב	3290	HNp
04ZTj	Num.23.10	וּ/מִסְפָּ֖ר	c/4557	HC/Ncmsa
04MLh	Num.23.10	אֶת	853	HTo
04KtN	Num.23.10	רֹ֣בַע	7255	HNcmsc
04393	Num.23.10	יִשְׂרָאֵ֑ל	3478	HNp
04NhG	Num.23.10	תָּמֹ֤ת	4191	HVqj3fs
04i4G	Num.23.10	נַפְשִׁ/י֙	5315	HNcbsc/Sp1cs
04S4t	Num.23.10	מ֣וֹת	4194	HNcmsc
04dVC	Num.23.10	יְשָׁרִ֔ים	3477	HAampa
04Cpo	Num.23.10	וּ/תְהִ֥י	c/1961	HC/Vqj3fs
04SyT	Num.23.10	אַחֲרִיתִ֖/י	319	HNcfsc/Sp1cs
04W9M	Num.23.10	כָּמֹֽ/הוּ	3644	HR/Sp3ms
04s5V	Num.23.11	וַ/יֹּ֤אמֶר	c/559	HC/Vqw3ms
04EUr	Num.23.11	בָּלָק֙	1111	HNp
044DD	Num.23.11	אֶל	413	HR
04fka	Num.23.11	בִּלְעָ֔ם	1109 a	HNp
044KL	Num.23.11	מֶ֥ה	4100	HTi
044NK	Num.23.11	עָשִׂ֖יתָ	6213 a	HVqp2ms
04Akt	Num.23.11	לִ֑/י	l	HR/Sp1cs
04U9k	Num.23.11	לָ/קֹ֤ב	l/6895	HR/Vqc
0456X	Num.23.11	אֹיְבַ/י֙	341	HVqrmpc/Sp1cs
04unZ	Num.23.11	לְקַחְתִּ֔י/ךָ	3947	HVqp1cs/Sp2ms
045Dq	Num.23.11	וְ/הִנֵּ֖ה	c/2009	HC/Tm
0485t	Num.23.11	בֵּרַ֥כְתָּ	1288	HVpp2ms
04Nb7	Num.23.11	בָרֵֽךְ	1288	HVpa
041so	Num.23.12	וַ/יַּ֖עַן	c/6030 b	HC/Vqw3ms
04HhT	Num.23.12	וַ/יֹּאמַ֑ר	c/559	HC/Vqw3ms
04V5v	Num.23.12	הֲ/לֹ֗א	i/3808	HTi/Tn
04eFH	Num.23.12	אֵת֩	853	HTo
04vaj	Num.23.12	אֲשֶׁ֨ר	834 a	HTr
04MWL	Num.23.12	יָשִׂ֤ים	7760 a	HVqi3ms
04ZzQ	Num.23.12	יְהוָה֙	3068	HNp
04ywq	Num.23.12	בְּ/פִ֔/י	b/6310	HR/Ncmsc/Sp1cs
04Gj1	Num.23.12	אֹת֥/וֹ	853	HTo/Sp3ms
04nZ9	Num.23.12	אֶשְׁמֹ֖ר	8104	HVqi1cs
04AFQ	Num.23.12	לְ/דַבֵּֽר	l/1696	HR/Vpc
04HB6	Num.23.13	וַ/יֹּ֨אמֶר	c/559	HC/Vqw3ms
04Uaj	Num.23.13	אֵלָ֜י/ו	413	HR/Sp3ms
04WgL	Num.23.13	בָּלָ֗ק	1111	HNp
043Aj	Num.23.13	לך	3212	HVqv2ms
04TcW	Num.23.13	לְכָ/ה	1980	HVqv2ms/Sh
04yhZ	Num.23.13	נָּ֨א	3212	HTj
04nYd	Num.23.13	אִתִּ֜/י	854	HR/Sp1cs
04yCA	Num.23.13	אֶל	413	HR
04JC4	Num.23.13	מָק֤וֹם	4725	HNcmsa
04fap	Num.23.13	אַחֵר֙	312	HAamsa
04dQh	Num.23.13	אֲשֶׁ֣ר	834 a	HTr
04B24	Num.23.13	תִּרְאֶ֣/נּוּ	7200	HVqi2ms/Sp3ms
04aw8	Num.23.13	מִ/שָּׁ֔ם	m/8033	HR/D
04TMX	Num.23.13	אֶ֚פֶס	657 a	HNcmsa
04xGT	Num.23.13	קָצֵ֣/הוּ	7097 a	HNcbsc/Sp3ms
04ipC	Num.23.13	תִרְאֶ֔ה	7200	HVqi2ms
04pPf	Num.23.13	וְ/כֻלּ֖/וֹ	c/3605	HC/Ncmsc/Sp3ms
04nAZ	Num.23.13	לֹ֣א	3808	HTn
04g6L	Num.23.13	תִרְאֶ֑ה	7200	HVqi2ms
04iVr	Num.23.13	וְ/קָבְ/נוֹ	c/6895	HC/Vqv2ms/Sp3ms
04EPm	Num.23.13	לִ֖/י	l	HR/Sp1cs
04QTX	Num.23.13	מִ/שָּֽׁם	m/8033	HR/D
04Rf7	Num.23.14	וַ/יִּקָּחֵ֨/הוּ֙	c/3947	HC/Vqw3ms/Sp3ms
04AzS	Num.23.14	שְׂדֵ֣ה	7704 b	HNcmsc
04p1w	Num.23.14	צֹפִ֔ים	6839	HVqrmpa
044Ca	Num.23.14	אֶל	413	HR
04Kuy	Num.23.14	רֹ֖אשׁ	7218 a	HNcmsc
04fS1	Num.23.14	הַ/פִּסְגָּ֑ה	d/6449	HTd/Np
04jFs	Num.23.14	וַ/יִּ֨בֶן֙	c/1129	HC/Vqw3ms
043Qg	Num.23.14	שִׁבְעָ֣ה	7651	HAcmsa
04QdS	Num.23.14	מִזְבְּחֹ֔ת	4196	HNcmpa
047uD	Num.23.14	וַ/יַּ֛עַל	c/5927	HC/Vhw3ms
04qYT	Num.23.14	פָּ֥ר	6499	HNcmsa
04EqV	Num.23.14	וָ/אַ֖יִל	c/352 a	HC/Ncmsa
04eWg	Num.23.14	בַּ/מִּזְבֵּֽחַ	b/4196	HRd/Ncmsa
04X2W	Num.23.15	וַ/יֹּ֨אמֶר֙	c/559	HC/Vqw3ms
04w3U	Num.23.15	אֶל	413	HR
04Fyk	Num.23.15	בָּלָ֔ק	1111	HNp
041hJ	Num.23.15	הִתְיַצֵּ֥ב	3320	HVtv2ms
04Ecu	Num.23.15	כֹּ֖ה	3541	HD
04dix	Num.23.15	עַל	5921 a	HR
0473K	Num.23.15	עֹלָתֶ֑/ךָ	5930 a	HNcfsc/Sp2ms
04Z6E	Num.23.15	וְ/אָנֹכִ֖י	c/595	HC/Pp1cs
048D4	Num.23.15	אִקָּ֥רֶה	7136 a	HVNi1cs
04AMd	Num.23.15	כֹּֽה	3541	HD
04LLS	Num.23.16	וַ/יִּקָּ֤ר	c/7136 a	HC/VNw3ms
04VTY	Num.23.16	יְהוָה֙	3068	HNp
04Drm	Num.23.16	אֶל	413	HR
04oic	Num.23.16	בִּלְעָ֔ם	1109 a	HNp
04rix	Num.23.16	וַ/יָּ֥שֶׂם	c/7760 a	HC/Vqw3ms
04UMe	Num.23.16	דָּבָ֖ר	1697	HNcmsa
04NjT	Num.23.16	בְּ/פִ֑י/ו	b/6310	HR/Ncmsc/Sp3ms
04V8J	Num.23.16	וַ/יֹּ֛אמֶר	c/559	HC/Vqw3ms
04WDX	Num.23.16	שׁ֥וּב	7725	HVqv2ms
04cnp	Num.23.16	אֶל	413	HR
04YPb	Num.23.16	בָּלָ֖ק	1111	HNp
04GoU	Num.23.16	וְ/כֹ֥ה	c/3541	HC/D
0444h	Num.23.16	תְדַבֵּֽר	1696	HVpi2ms
04ngp	Num.23.17	וַ/יָּבֹ֣א	c/935	HC/Vqw3ms
046re	Num.23.17	אֵלָ֗י/ו	413	HR/Sp3ms
04y1p	Num.23.17	וְ/הִנּ֤/וֹ	c/2009	HC/Tm/Sp3ms
04NZg	Num.23.17	נִצָּב֙	5324	HVNrmsa
04y8C	Num.23.17	עַל	5921 a	HR
04phb	Num.23.17	עֹ֣לָת֔/וֹ	5930 a	HNcfsc/Sp3ms
049XQ	Num.23.17	וְ/שָׂרֵ֥י	c/8269	HC/Ncmpc
04hGH	Num.23.17	מוֹאָ֖ב	4124	HNp
04U9B	Num.23.17	אִתּ֑/וֹ	854	HR/Sp3ms
04Q8W	Num.23.17	וַ/יֹּ֤אמֶר	c/559	HC/Vqw3ms
04h9z	Num.23.17	ל/וֹ֙	l	HR/Sp3ms
04XJt	Num.23.17	בָּלָ֔ק	1111	HNp
043x6	Num.23.17	מַה	4100	HTi
04QaV	Num.23.17	דִּבֶּ֖ר	1696	HVpp3ms
04REv	Num.23.17	יְהוָֽה	3068	HNp
04LFa	Num.23.18	וַ/יִּשָּׂ֥א	c/5375	HC/Vqw3ms
04mgb	Num.23.18	מְשָׁל֖/וֹ	4912	HNcmsc/Sp3ms
042po	Num.23.18	וַ/יֹּאמַ֑ר	c/559	HC/Vqw3ms
042qF	Num.23.18	ק֤וּם	6965 b	HVqv2ms
04SRD	Num.23.18	בָּלָק֙	1111	HNp
04akG	Num.23.18	וּֽ/שֲׁמָ֔ע	c/8085	HC/Vqv2ms
04eJV	Num.23.18	הַאֲזִ֥ינָ/ה	238	HVhv2ms/Sh
04x76	Num.23.18	עָדַ֖/י	5704	HR/Sp1cs
04TEw	Num.23.18	בְּנ֥/וֹ	1121 a	HNcmsc/Sp3ms
04qdE	Num.23.18	צִפֹּֽר	6834	HNp
04ZwS	Num.23.19	לֹ֣א	3808	HTn
04Nkv	Num.23.19	אִ֥ישׁ	376	HNcmsa
044pA	Num.23.19	אֵל֙	410	HNcmsa
04PBw	Num.23.19	וִֽ/יכַזֵּ֔ב	c/3576	HC/Vpi3ms
04JNR	Num.23.19	וּ/בֶן	c/1121 a	HC/Ncmsc
046Wp	Num.23.19	אָדָ֖ם	120	HNcmsa
04Cr7	Num.23.19	וְ/יִתְנֶחָ֑ם	c/5162	HC/Vti3ms
04sdW	Num.23.19	הַ/ה֤וּא	d/1931	HTd/Pp3ms
04mV5	Num.23.19	אָמַר֙	559	HVqp3ms
04MjN	Num.23.19	וְ/לֹ֣א	c/3808	HC/Tn
04u4q	Num.23.19	יַעֲשֶׂ֔ה	6213 a	HVqi3ms
04J16	Num.23.19	וְ/דִבֶּ֖ר	c/1696	HC/Vpp3ms
04upz	Num.23.19	וְ/לֹ֥א	c/3808	HC/Tn
04Wnn	Num.23.19	יְקִימֶֽ/נָּה	6965 b	HVhi3ms/Sp3fs
04X1p	Num.23.20	הִנֵּ֥ה	2009	HTm
04xds	Num.23.20	בָרֵ֖ךְ	1288	HVpa
04yxa	Num.23.20	לָקָ֑חְתִּי	3947	HVqp1cs
04E1r	Num.23.20	וּ/בֵרֵ֖ךְ	c/1288	HC/Vpp3ms
04DYV	Num.23.20	וְ/לֹ֥א	c/3808	HC/Tn
048h8	Num.23.20	אֲשִׁיבֶֽ/נָּה	7725	HVhi1cs/Sp3fs
04uZb	Num.23.21	לֹֽא	3808	HTn
04X8e	Num.23.21	הִבִּ֥יט	5027	HVhp3ms
0452a	Num.23.21	אָ֨וֶן֙	205	HNcmsa
04TZ2	Num.23.21	בְּ/יַעֲקֹ֔ב	b/3290	HR/Np
046KN	Num.23.21	וְ/לֹא	c/3808	HC/Tn
04FnH	Num.23.21	רָאָ֥ה	7200	HVqp3ms
04YHB	Num.23.21	עָמָ֖ל	5999	HNcbsa
04PjK	Num.23.21	בְּ/יִשְׂרָאֵ֑ל	b/3478	HR/Np
04fcZ	Num.23.21	יְהוָ֤ה	3068	HNp
0479F	Num.23.21	אֱלֹהָי/ו֙	430	HNcmpc/Sp3ms
04Rrw	Num.23.21	עִמּ֔/וֹ	5973 a	HR/Sp3ms
04f5v	Num.23.21	וּ/תְרוּעַ֥ת	c/8643	HC/Ncfsc
046yp	Num.23.21	מֶ֖לֶךְ	4428	HNcmsa
04yef	Num.23.21	בּֽ/וֹ	b	HR/Sp3ms
04sqv	Num.23.22	אֵ֖ל	410	HNcmsa
044wn	Num.23.22	מוֹצִיאָ֣/ם	3318	HVhrmsc/Sp3mp
04b77	Num.23.22	מִ/מִּצְרָ֑יִם	m/4714	HR/Np
04djh	Num.23.22	כְּ/תוֹעֲפֹ֥ת	k/8443	HR/Ncfpc
04iM5	Num.23.22	רְאֵ֖ם	7214	HNcmsa
04nGF	Num.23.22	לֽ/וֹ	l	HR/Sp3ms
04hti	Num.23.23	כִּ֤י	3588 a	HC
04dfE	Num.23.23	לֹא	3808	HTn
04KTs	Num.23.23	נַ֨חַשׁ֙	5173	HNcmsa
041Fx	Num.23.23	בְּ/יַעֲקֹ֔ב	b/3290	HR/Np
04j6R	Num.23.23	וְ/לֹא	c/3808	HC/Tn
04bjF	Num.23.23	קֶ֖סֶם	7081	HNcmsa
04QsQ	Num.23.23	בְּ/יִשְׂרָאֵ֑ל	b/3478	HR/Np
04uoQ	Num.23.23	כָּ/עֵ֗ת	k/6256	HRd/Ncbsa
04AWm	Num.23.23	יֵאָמֵ֤ר	559	HVNi3ms
04Aqs	Num.23.23	לְ/יַעֲקֹב֙	l/3290	HR/Np
04gnX	Num.23.23	וּ/לְ/יִשְׂרָאֵ֔ל	c/l/3478	HC/R/Np
048gj	Num.23.23	מַה	4100	HTi
04QPb	Num.23.23	פָּ֖עַל	6466	HVqp3ms
04pLt	Num.23.23	אֵֽל	410	HNcmsa
04aGy	Num.23.24	הֶן	2005	HTj
04DS3	Num.23.24	עָם֙	5971 a	HNcmsa
04arS	Num.23.24	כְּ/לָבִ֣יא	k/3833 c	HR/Ncbsa
042v2	Num.23.24	יָק֔וּם	6965 b	HVqi3ms
04R8C	Num.23.24	וְ/כַ/אֲרִ֖י	c/k/738 a	HC/R/Ncmsa
04kLk	Num.23.24	יִתְנַשָּׂ֑א	5375	HVti3ms
04tii	Num.23.24	לֹ֤א	3808	HTn
048rB	Num.23.24	יִשְׁכַּב֙	7901	HVqi3ms
04MKX	Num.23.24	עַד	5704	HR
047jV	Num.23.24	יֹ֣אכַל	398	HVqi3ms
04NxU	Num.23.24	טֶ֔רֶף	2964	HNcmsa
04Jei	Num.23.24	וְ/דַם	c/1818	HC/Ncmsc
04YkH	Num.23.24	חֲלָלִ֖ים	2491 a	HAampa
04uCy	Num.23.24	יִשְׁתֶּֽה	8354	HVqi3ms
047tF	Num.23.25	וַ/יֹּ֤אמֶר	c/559	HC/Vqw3ms
04q6U	Num.23.25	בָּלָק֙	1111	HNp
04ooR	Num.23.25	אֶל	413	HR
04Duu	Num.23.25	בִּלְעָ֔ם	1109 a	HNp
04hGZ	Num.23.25	גַּם	1571	HTa
04Qpf	Num.23.25	קֹ֖ב	6895	HVqa
048Eg	Num.23.25	לֹ֣א	3808	HTn
04Ncu	Num.23.25	תִקֳּבֶ֑/נּוּ	5344 a	HVqi2ms/Sp3ms
049a9	Num.23.25	גַּם	1571	HTa
04hNY	Num.23.25	בָּרֵ֖ךְ	1288	HVpa
04Liz	Num.23.25	לֹ֥א	3808	HTn
04QZ8	Num.23.25	תְבָרֲכֶֽ/נּוּ	1288	HVpi2ms/Sp3ms
04HDJ	Num.23.26	וַ/יַּ֣עַן	c/6030 b	HC/Vqw3ms
04gUV	Num.23.26	בִּלְעָ֔ם	1109 a	HNp
041gQ	Num.23.26	וַ/יֹּ֖אמֶר	c/559	HC/Vqw3ms
04ud4	Num.23.26	אֶל	413	HR
04XPm	Num.23.26	בָּלָ֑ק	1111	HNp
04wL1	Num.23.26	הֲ/לֹ֗א	i/3808	HTi/Tn
04AYk	Num.23.26	דִּבַּ֤רְתִּי	1696	HVpp1cs
04r8a	Num.23.26	אֵלֶ֨י/ךָ֙	413	HR/Sp2ms
047iq	Num.23.26	לֵ/אמֹ֔ר	l/559	HR/Vqc
04EkW	Num.23.26	כֹּ֛ל	3605	HNcmsa
04wME	Num.23.26	אֲשֶׁר	834 a	HTr
04Mb3	Num.23.26	יְדַבֵּ֥ר	1696	HVpi3ms
04Vto	Num.23.26	יְהוָ֖ה	3068	HNp
04YhB	Num.23.26	אֹת֥/וֹ	853	HTo/Sp3ms
04u4x	Num.23.26	אֶֽעֱשֶֽׂה	6213 a	HVqi1cs
04mAq	Num.23.27	וַ/יֹּ֤אמֶר	c/559	HC/Vqw3ms
04Gmk	Num.23.27	בָּלָק֙	1111	HNp
04V4z	Num.23.27	אֶל	413	HR
04Pqn	Num.23.27	בִּלְעָ֔ם	1109 a	HNp
04qYH	Num.23.27	לְכָ/ה	3212	HVqv2ms/Sh
04pw5	Num.23.27	נָּא֙	4994	HTj
04Tb6	Num.23.27	אֶקָּ֣חֲ/ךָ֔	3947	HVqh1cs/Sp2ms
04eVZ	Num.23.27	אֶל	413	HR
04jfU	Num.23.27	מָק֖וֹם	4725	HNcmsa
04qAP	Num.23.27	אַחֵ֑ר	312	HAamsa
04bbv	Num.23.27	אוּלַ֤י	194	HD
04YSF	Num.23.27	יִישַׁר֙	3474	HVqi3ms
04vDG	Num.23.27	בְּ/עֵינֵ֣י	b/5869 a	HR/Ncbdc
04qSh	Num.23.27	הָ/אֱלֹהִ֔ים	d/430	HTd/Ncmpa
04Cm9	Num.23.27	וְ/קַבֹּ֥ת/וֹ	c/6895	HC/Vqq2ms/Sp3ms
04mhw	Num.23.27	לִ֖/י	l	HR/Sp1cs
04Xcc	Num.23.27	מִ/שָּֽׁם	m/8033	HR/D
046mj	Num.23.28	וַ/יִּקַּ֥ח	c/3947	HC/Vqw3ms
04mPS	Num.23.28	בָּלָ֖ק	1111	HNp
0465f	Num.23.28	אֶת	853	HTo
04cfA	Num.23.28	בִּלְעָ֑ם	1109 a	HNp
04pmm	Num.23.28	רֹ֣אשׁ	7218 a	HNcmsc
04xzj	Num.23.28	הַ/פְּע֔וֹר	d/6465	HTd/Np
04aQJ	Num.23.28	הַ/נִּשְׁקָ֖ף	d/8259	HTd/VNrmsa
04ZKx	Num.23.28	עַל	5921 a	HR
04Qqz	Num.23.28	פְּנֵ֥י	6440	HNcbpc
04wMB	Num.23.28	הַ/יְשִׁימֹֽן	d/3452	HTd/Ncmsa
043rB	Num.23.29	וַ/יֹּ֤אמֶר	c/559	HC/Vqw3ms
04fop	Num.23.29	בִּלְעָם֙	1109 a	HNp
04YUM	Num.23.29	אֶל	413	HR
04JQX	Num.23.29	בָּלָ֔ק	1111	HNp
04qhg	Num.23.29	בְּנֵה	1129	HVqv2ms
04AEN	Num.23.29	לִ֥/י	l	HR/Sp1cs
04P9T	Num.23.29	בָ/זֶ֖ה	b/2088	HR/Pdxms
046s4	Num.23.29	שִׁבְעָ֣ה	7651	HAcmsa
047cL	Num.23.29	מִזְבְּחֹ֑ת	4196	HNcmpa
04VtV	Num.23.29	וְ/הָכֵ֥ן	c/3559 a	HC/Vhv2ms
04nnQ	Num.23.29	לִ/י֙	l	HR/Sp1cs
04fgn	Num.23.29	בָּ/זֶ֔ה	b/2088	HR/Pdxms
0444c	Num.23.29	שִׁבְעָ֥ה	7651	HAcmsa
04LTT	Num.23.29	פָרִ֖ים	6499	HNcmpa
04jkx	Num.23.29	וְ/שִׁבְעָ֥ה	c/7651	HC/Acmsa
04TBp	Num.23.29	אֵילִֽים	352 a	HNcmpa
04f71	Num.23.30	וַ/יַּ֣עַשׂ	c/6213 a	HC/Vqw3ms
04sHv	Num.23.30	בָּלָ֔ק	1111	HNp
046hD	Num.23.30	כַּ/אֲשֶׁ֖ר	k/834 d	HR/Tr
04u1b	Num.23.30	אָמַ֣ר	559	HVqp3ms
04NS3	Num.23.30	בִּלְעָ֑ם	1109 a	HNp
04jmF	Num.23.30	וַ/יַּ֛עַל	c/5927	HC/Vhw3ms
04Wtm	Num.23.30	פָּ֥ר	6499	HNcmsa
04wjZ	Num.23.30	וָ/אַ֖יִל	c/352 a	HC/Ncmsa
04U2V	Num.23.30	בַּ/מִּזְבֵּֽחַ	b/4196	HRd/Ncmsa
04p98	Num.24.1	וַ/יַּ֣רְא	c/7200	HC/Vqw3ms
04PmJ	Num.24.1	בִּלְעָ֗ם	1109 a	HNp
04q8F	Num.24.1	כִּ֣י	3588 a	HC
04uoZ	Num.24.1	ט֞וֹב	2895	HVqp3ms
04P9e	Num.24.1	בְּ/עֵינֵ֤י	b/5869 a	HR/Ncbdc
04bWF	Num.24.1	יְהוָה֙	3068	HNp
04VZ3	Num.24.1	לְ/בָרֵ֣ךְ	l/1288	HR/Vpc
045i2	Num.24.1	אֶת	853	HTo
04UeC	Num.24.1	יִשְׂרָאֵ֔ל	3478	HNp
04fbA	Num.24.1	וְ/לֹא	c/3808	HC/Tn
04qV1	Num.24.1	הָלַ֥ךְ	1980	HVqp3ms
04CdM	Num.24.1	כְּ/פַֽעַם	k/6471	HR/Ncfsa
04yND	Num.24.1	בְּ/פַ֖עַם	b/6471	HR/Ncfsa
04aYV	Num.24.1	לִ/קְרַ֣את	l/7125	HR/Vqc
04ZTZ	Num.24.1	נְחָשִׁ֑ים	5173	HNcmpa
04Yme	Num.24.1	וַ/יָּ֥שֶׁת	c/7896	HC/Vqw3ms
04BBE	Num.24.1	אֶל	413	HR
04uhc	Num.24.1	הַ/מִּדְבָּ֖ר	d/4057 b	HTd/Ncmsa
04iC6	Num.24.1	פָּנָֽי/ו	6440	HNcbpc/Sp3ms
04VG3	Num.24.2	וַ/יִּשָּׂ֨א	c/5375	HC/Vqw3ms
04Q3H	Num.24.2	בִלְעָ֜ם	1109 a	HNp
04gKG	Num.24.2	אֶת	853	HTo
04tXk	Num.24.2	עֵינָ֗י/ו	5869 a	HNcbdc/Sp3ms
04Nsp	Num.24.2	וַ/יַּרְא֙	c/7200	HC/Vqw3ms
04Pj7	Num.24.2	אֶת	853	HTo
0488b	Num.24.2	יִשְׂרָאֵ֔ל	3478	HNp
048xJ	Num.24.2	שֹׁכֵ֖ן	7931	HVqrmsa
04cKk	Num.24.2	לִ/שְׁבָטָ֑י/ו	l/7626	HR/Ncmpc/Sp3ms
04YcP	Num.24.2	וַ/תְּהִ֥י	c/1961	HC/Vqw3fs
04tHb	Num.24.2	עָלָ֖י/ו	5921 a	HR/Sp3ms
04gJw	Num.24.2	ר֥וּחַ	7307	HNcbsc
04bTf	Num.24.2	אֱלֹהִֽים	430	HNcmpa
04giJ	Num.24.3	וַ/יִּשָּׂ֥א	c/5375	HC/Vqw3ms
04tCU	Num.24.3	מְשָׁל֖/וֹ	4912	HNcmsc/Sp3ms
04Hfi	Num.24.3	וַ/יֹּאמַ֑ר	c/559	HC/Vqw3ms
04DmQ	Num.24.3	נְאֻ֤ם	5002	HNcmsc
04gnd	Num.24.3	בִּלְעָם֙	1109 a	HNp
04UFH	Num.24.3	בְּנ֣/וֹ	1121 a	HNcmsc/Sp3ms
04VeR	Num.24.3	בְעֹ֔ר	1160	HNp
04gUH	Num.24.3	וּ/נְאֻ֥ם	c/5002	HC/Ncmsc
04yYY	Num.24.3	הַ/גֶּ֖בֶר	d/1397	HTd/Ncmsa
04i8v	Num.24.3	שְׁתֻ֥ם	8365	HVqsmsc
04r15	Num.24.3	הָ/עָֽיִן	d/5869 a	HTd/Ncbsa
04zT4	Num.24.4	נְאֻ֕ם	5002	HNcmsc
04nXH	Num.24.4	שֹׁמֵ֖עַ	8085	HVqrmsa
04WDU	Num.24.4	אִמְרֵי	561	HNcmpc
04pqX	Num.24.4	אֵ֑ל	410	HNcmsa
04PBr	Num.24.4	אֲשֶׁ֨ר	834 a	HTr
04Jbe	Num.24.4	מַחֲזֵ֤ה	4236	HNcmsc
04PE4	Num.24.4	שַׁדַּי֙	7706	HNp
04BJW	Num.24.4	יֶֽחֱזֶ֔ה	2372	HVqi3ms
04hfy	Num.24.4	נֹפֵ֖ל	5307	HVqrmsa
04hNm	Num.24.4	וּ/גְל֥וּי	c/1540	HC/Vqsmsc
04dTN	Num.24.4	עֵינָֽיִם	5869 a	HNcbda
04KbE	Num.24.5	מַה	4100	HTi
047HQ	Num.24.5	טֹּ֥בוּ	2895	HVqp3cp
04Qr7	Num.24.5	אֹהָלֶ֖י/ךָ	168	HNcmpc/Sp2ms
04FxV	Num.24.5	יַעֲקֹ֑ב	3290	HNp
04Xo5	Num.24.5	מִשְׁכְּנֹתֶ֖י/ךָ	4908	HNcmpc/Sp2ms
04sfm	Num.24.5	יִשְׂרָאֵֽל	3478	HNp
04C5k	Num.24.6	כִּ/נְחָלִ֣ים	k/5158 b	HR/Ncmpa
04eTU	Num.24.6	נִטָּ֔יוּ	5186	HVNp3cp
04Y63	Num.24.6	כְּ/גַנֹּ֖ת	k/1593	HR/Ncfpa
046qu	Num.24.6	עֲלֵ֣י	5921 a	HR
04Ybj	Num.24.6	נָהָ֑ר	5104	HNcmsa
044L5	Num.24.6	כַּ/אֲהָלִים֙	k/174	HR/Ncmpa
04oTU	Num.24.6	נָטַ֣ע	5193	HVqp3ms
04bn4	Num.24.6	יְהוָ֔ה	3068	HNp
046RB	Num.24.6	כַּ/אֲרָזִ֖ים	k/730	HR/Ncmpa
04gfx	Num.24.6	עֲלֵי	5921 a	HR
04XAo	Num.24.6	מָֽיִם	4325	HNcmpa
04qQp	Num.24.7	יִֽזַּל	5140	HVqi3ms
04CRk	Num.24.7	מַ֨יִם֙	4325	HNcmpa
04aFe	Num.24.7	מִ/דָּ֣לְיָ֔/ו	m/1805	HR/Ncmdc/Sp3ms
04UQ8	Num.24.7	וְ/זַרְע֖/וֹ	c/2233	HC/Ncmsc/Sp3ms
04xuS	Num.24.7	בְּ/מַ֣יִם	b/4325	HR/Ncmpa
04LnL	Num.24.7	רַבִּ֑ים	7227 a	HAampa
04bcs	Num.24.7	וְ/יָרֹ֤ם	c/7311 a	HC/Vqj3ms
04vv4	Num.24.7	מֵֽ/אֲגַג֙	m/90	HR/Np
04jWX	Num.24.7	מַלְכּ֔/וֹ	4428	HNcmsc/Sp3ms
04188	Num.24.7	וְ/תִנַּשֵּׂ֖א	c/5375	HC/Vti3fs
048hs	Num.24.7	מַלְכֻתֽ/וֹ	4438	HNcfsc/Sp3ms
04hJf	Num.24.8	אֵ֚ל	410	HNcmsa
04S1n	Num.24.8	מוֹצִיא֣/וֹ	3318	HVhrmsc/Sp3ms
043os	Num.24.8	מִ/מִּצְרַ֔יִם	m/4714	HR/Np
04CcG	Num.24.8	כְּ/תוֹעֲפֹ֥ת	k/8443	HR/Ncfpc
04AjC	Num.24.8	רְאֵ֖ם	7214	HNcmsa
048FS	Num.24.8	ל֑/וֹ	l	HR/Sp3ms
04tLy	Num.24.8	יֹאכַ֞ל	398	HVqi3ms
04idT	Num.24.8	גּוֹיִ֣ם	1471 a	HNcmpa
04h5H	Num.24.8	צָרָ֗י/ו	6862 c	HNcmpc/Sp3ms
04H9s	Num.24.8	וְ/עַצְמֹתֵי/הֶ֛ם	c/6106	HC/Ncfpc/Sp3mp
04x4F	Num.24.8	יְגָרֵ֖ם	1633 b	HVpi3ms
04ayn	Num.24.8	וְ/חִצָּ֥י/ו	c/2671	HC/Ncmpc/Sp3ms
04STG	Num.24.8	יִמְחָֽץ	4272	HVqi3ms
04QHf	Num.24.9	כָּרַ֨ע	3766	HVqp3ms
047ag	Num.24.9	שָׁכַ֧ב	7901	HVqp3ms
04kGL	Num.24.9	כַּ/אֲרִ֛י	k/738 a	HR/Ncmsa
04Aim	Num.24.9	וּ/כְ/לָבִ֖יא	c/k/3833 c	HC/R/Ncbsa
04SnL	Num.24.9	מִ֣י	4310	HTi
0478q	Num.24.9	יְקִימֶ֑/נּוּ	6965 b	HVhi3ms/Sp3ms
04EQm	Num.24.9	מְבָרֲכֶ֣י/ךָ	1288	HVprmpc/Sp2ms
04yFC	Num.24.9	בָר֔וּךְ	1288	HVqsmsa
04RjJ	Num.24.9	וְ/אֹרְרֶ֖י/ךָ	c/779	HC/Vqrmpc/Sp2ms
04DoC	Num.24.9	אָרֽוּר	779	HVqsmsa
04Req	Num.24.10	וַ/יִּֽחַר	c/2734	HC/Vqw3ms
04R5t	Num.24.10	אַ֤ף	639	HTa
04BUr	Num.24.10	בָּלָק֙	1111	HNp
04iWQ	Num.24.10	אֶל	413	HR
042JD	Num.24.10	בִּלְעָ֔ם	1109 a	HNp
04cf9	Num.24.10	וַ/יִּסְפֹּ֖ק	c/5606 a	HC/Vqw3ms
04ZxS	Num.24.10	אֶת	853	HTo
04Awo	Num.24.10	כַּפָּ֑י/ו	3709	HNcfdc/Sp3ms
04PBh	Num.24.10	וַ/יֹּ֨אמֶר	c/559	HC/Vqw3ms
04yn6	Num.24.10	בָּלָ֜ק	1111	HNp
04vjV	Num.24.10	אֶל	413	HR
04T1Q	Num.24.10	בִּלְעָ֗ם	1109 a	HNp
04Bsf	Num.24.10	לָ/קֹ֤ב	l/6895	HR/Vqc
04i4d	Num.24.10	אֹֽיְבַ/י֙	341	HVqrmpc/Sp1cs
044Zx	Num.24.10	קְרָאתִ֔י/ךָ	7121	HVqp1cs/Sp2ms
04gRe	Num.24.10	וְ/הִנֵּה֙	c/2009	HC/Tm
04ug2	Num.24.10	בֵּרַ֣כְתָּ	1288	HVpp2ms
046CS	Num.24.10	בָרֵ֔ךְ	1288	HVpa
04cYB	Num.24.10	זֶ֖ה	2088	HPdxms
043HV	Num.24.10	שָׁלֹ֥שׁ	7969	HAcfsa
04T2u	Num.24.10	פְּעָמִֽים	6471	HNcfpa
04hrD	Num.24.11	וְ/עַתָּ֖ה	c/6258	HC/D
04nX5	Num.24.11	בְּרַח	1272	HVqv2ms
04b8f	Num.24.11	לְ/ךָ֣	l	HR/Sp2ms
04H77	Num.24.11	אֶל	413	HR
04ZUm	Num.24.11	מְקוֹמֶ֑/ךָ	4725	HNcmsc/Sp2ms
04sA8	Num.24.11	אָמַ֨רְתִּי֙	559	HVqp1cs
04uiC	Num.24.11	כַּבֵּ֣ד	3513	HVpa
04nav	Num.24.11	אֲכַבֶּדְ/ךָ֔	3513	HVpi1cs/Sp2ms
04Ukp	Num.24.11	וְ/הִנֵּ֛ה	c/2009	HC/Tm
04kqe	Num.24.11	מְנָעֲ/ךָ֥	4513	HVqp3ms/Sp2ms
04r3t	Num.24.11	יְהוָ֖ה	3068	HNp
04vMF	Num.24.11	מִ/כָּבֽוֹד	m/3519	HR/Ncbsa
047NG	Num.24.12	וַ/יֹּ֥אמֶר	c/559	HC/Vqw3ms
04opW	Num.24.12	בִּלְעָ֖ם	1109 a	HNp
04jbw	Num.24.12	אֶל	413	HR
04E8T	Num.24.12	בָּלָ֑ק	1111	HNp
04A3e	Num.24.12	הֲ/לֹ֗א	i/3808	HTi/Tn
04gAg	Num.24.12	גַּ֧ם	1571	HTa
04H8L	Num.24.12	אֶל	413	HR
04nbL	Num.24.12	מַלְאָכֶ֛י/ךָ	4397	HNcmpc/Sp2ms
04Me5	Num.24.12	אֲשֶׁר	834 a	HTr
04fMN	Num.24.12	שָׁלַ֥חְתָּ	7971	HVqp2ms
04urp	Num.24.12	אֵלַ֖/י	413	HR/Sp1cs
04WqG	Num.24.12	דִּבַּ֥רְתִּי	1696	HVpp1cs
04aFM	Num.24.12	לֵ/אמֹֽר	l/559	HR/Vqc
04JcV	Num.24.13	אִם	518 a	HC
04Ket	Num.24.13	יִתֶּן	5414	HVqi3ms
04GWP	Num.24.13	לִ֨/י	l	HR/Sp1cs
04ATJ	Num.24.13	בָלָ֜ק	1111	HNp
04Ltd	Num.24.13	מְלֹ֣א	4393	HNcmsc
04t6j	Num.24.13	בֵית/וֹ֮	1004 b	HNcmsc/Sp3ms
04Gtf	Num.24.13	כֶּ֣סֶף	3701	HNcmsa
04QJ8	Num.24.13	וְ/זָהָב֒	c/2091	HC/Ncmsa
04VuP	Num.24.13	לֹ֣א	3808	HTn
04X93	Num.24.13	אוּכַ֗ל	3201	HVqi1cs
04j39	Num.24.13	לַ/עֲבֹר֙	l/5674 a	HR/Vqc
04oCQ	Num.24.13	אֶת	853	HTo
04BVs	Num.24.13	פִּ֣י	6310	HNcmsc
04Ncp	Num.24.13	יְהוָ֔ה	3068	HNp
04vMj	Num.24.13	לַ/עֲשׂ֥וֹת	l/6213 a	HR/Vqc
04txq	Num.24.13	טוֹבָ֛ה	2896 c	HAafsa
04nBY	Num.24.13	א֥וֹ	176 a	HC
044j4	Num.24.13	רָעָ֖ה	7451 a	HNcfsa
047K6	Num.24.13	מִ/לִּבִּ֑/י	m/3820 a	HR/Ncmsc/Sp1cs
04aQo	Num.24.13	אֲשֶׁר	834 a	HTr
04WbM	Num.24.13	יְדַבֵּ֥ר	1696	HVpi3ms
04Tus	Num.24.13	יְהוָ֖ה	3068	HNp
04U4E	Num.24.13	אֹת֥/וֹ	853	HTo/Sp3ms
0441z	Num.24.13	אֲדַבֵּֽר	1696	HVpi1cs
04E5m	Num.24.14	וְ/עַתָּ֕ה	c/6258	HC/D
04qv7	Num.24.14	הִנְנִ֥/י	2005	HTj/Sp1cs
04EEy	Num.24.14	הוֹלֵ֖ךְ	1980	HVqrmsa
04NUp	Num.24.14	לְ/עַמִּ֑/י	l/5971 a	HR/Ncmsc/Sp1cs
04Pjw	Num.24.14	לְכָ/ה֙	3212	HVqv2ms/Sh
04jSR	Num.24.14	אִיעָ֣צְ/ךָ֔	3289	HVqi1cs/Sp2ms
04hrd	Num.24.14	אֲשֶׁ֨ר	834 a	HTr
04Tmg	Num.24.14	יַעֲשֶׂ֜ה	6213 a	HVqi3ms
04rqy	Num.24.14	הָ/עָ֥ם	d/5971 a	HTd/Ncmsa
04qhU	Num.24.14	הַ/זֶּ֛ה	d/2088	HTd/Pdxms
04Pjs	Num.24.14	לְ/עַמְּ/ךָ֖	l/5971 a	HR/Ncmsc/Sp2ms
04riC	Num.24.14	בְּ/אַחֲרִ֥ית	b/319	HR/Ncfsc
04355	Num.24.14	הַ/יָּמִֽים	d/3117	HTd/Ncmpa
04Qq1	Num.24.15	וַ/יִּשָּׂ֥א	c/5375	HC/Vqw3ms
04W3y	Num.24.15	מְשָׁל֖/וֹ	4912	HNcmsc/Sp3ms
04B1Q	Num.24.15	וַ/יֹּאמַ֑ר	c/559	HC/Vqw3ms
04oXy	Num.24.15	נְאֻ֤ם	5002	HNcmsc
04jtt	Num.24.15	בִּלְעָם֙	1109 a	HNp
04FXv	Num.24.15	בְּנ֣/וֹ	1121 a	HNcmsc/Sp3ms
04iVR	Num.24.15	בְעֹ֔ר	1160	HNp
04mZJ	Num.24.15	וּ/נְאֻ֥ם	c/5002	HC/Ncmsc
04SvF	Num.24.15	הַ/גֶּ֖בֶר	d/1397	HTd/Ncmsa
047bU	Num.24.15	שְׁתֻ֥ם	8365	HVqsmsc
04J53	Num.24.15	הָ/עָֽיִן	d/5869 a	HTd/Ncbsa
04Evz	Num.24.16	נְאֻ֗ם	5002	HNcmsc
048xb	Num.24.16	שֹׁמֵ֨עַ֙	8085	HVqrmsa
04GJT	Num.24.16	אִמְרֵי	561	HNcmpc
04Ac3	Num.24.16	אֵ֔ל	410	HNcmsa
04HcT	Num.24.16	וְ/יֹדֵ֖עַ	c/3045	HC/Vqrmsa
04ffF	Num.24.16	דַּ֣עַת	1847	HNcfsc
04qnJ	Num.24.16	עֶלְי֑וֹן	5945 b	HAamsa
04DT3	Num.24.16	מַחֲזֵ֤ה	4236	HNcmsc
04c4C	Num.24.16	שַׁדַּי֙	7706	HNp
04HMK	Num.24.16	יֶֽחֱזֶ֔ה	2372	HVqi3ms
04LX5	Num.24.16	נֹפֵ֖ל	5307	HVqrmsa
04bED	Num.24.16	וּ/גְל֥וּי	c/1540	HC/Vqsmsc
04SVR	Num.24.16	עֵינָֽיִם	5869 a	HNcbda
04fKn	Num.24.17	אֶרְאֶ֨/נּוּ֙	7200	HVqi1cs/Sp3ms
04gfA	Num.24.17	וְ/לֹ֣א	c/3808	HC/Tn
04fVg	Num.24.17	עַתָּ֔ה	6258	HD
042cw	Num.24.17	אֲשׁוּרֶ֖/נּוּ	7789	HVqi1cs/Sp3ms
04CzJ	Num.24.17	וְ/לֹ֣א	c/3808	HC/Tn
04aMt	Num.24.17	קָר֑וֹב	7138	HAamsa
04MN9	Num.24.17	דָּרַ֨ךְ	1869	HVqp3ms
04hTL	Num.24.17	כּוֹכָ֜ב	3556	HNcmsa
046sB	Num.24.17	מִֽ/יַּעֲקֹ֗ב	m/3290	HR/Np
04uAt	Num.24.17	וְ/קָ֥ם	c/6965 b	HC/Vqq3ms
04Ay5	Num.24.17	שֵׁ֨בֶט֙	7626	HNcmsa
0411y	Num.24.17	מִ/יִּשְׂרָאֵ֔ל	m/3478	HR/Np
04tEN	Num.24.17	וּ/מָחַץ֙	c/4272	HC/Vqq3ms
04jP6	Num.24.17	פַּאֲתֵ֣י	6285	HNcfdc
041ZG	Num.24.17	מוֹאָ֔ב	4124	HNp
04o7G	Num.24.17	וְ/קַרְקַ֖ר	c/6979 c	HC/Vlp3ms
045w5	Num.24.17	כָּל	3605	HNcmsc
04jRX	Num.24.17	בְּנֵי	1121 a	HNcmpc
04Fp2	Num.24.17	שֵֽׁת	8351	HNp
04BfC	Num.24.18	וְ/הָיָ֨ה	c/1961	HC/Vqq3ms
04YmT	Num.24.18	אֱד֜וֹם	123	HNp
04CNf	Num.24.18	יְרֵשָׁ֗ה	3424	HNcfsa
046TA	Num.24.18	וְ/הָיָ֧ה	c/1961	HC/Vqq3ms
04TF9	Num.24.18	יְרֵשָׁ֛ה	3424	HNcfsa
04Dxj	Num.24.18	שֵׂעִ֖יר	8165 a	HNp
04aQ6	Num.24.18	אֹיְבָ֑י/ו	341	HVqrmpc/Sp3ms
04rPU	Num.24.18	וְ/יִשְׂרָאֵ֖ל	c/3478	HC/Np
044sL	Num.24.18	עֹ֥שֶׂה	6213 a	HVqrmsa
04PzU	Num.24.18	חָֽיִל	2428	HNcmsa
04i1M	Num.24.19	וְ/יֵ֖רְדְּ	c/7287 a	HC/Vqj3ms
04Ja4	Num.24.19	מִֽ/יַּעֲקֹ֑ב	m/3290	HR/Np
043uc	Num.24.19	וְ/הֶֽאֱבִ֥יד	c/6	HC/Vhq3ms
04igD	Num.24.19	שָׂרִ֖יד	8300	HNcmsa
04SH8	Num.24.19	מֵ/עִֽיר	m/5892 b	HR/Ncfsa
04fyk	Num.24.20	וַ/יַּרְא֙	c/7200	HC/Vqw3ms
04bDR	Num.24.20	אֶת	853	HTo
04mCF	Num.24.20	עֲמָלֵ֔ק	6002	HNp
04TsG	Num.24.20	וַ/יִּשָּׂ֥א	c/5375	HC/Vqw3ms
04mwJ	Num.24.20	מְשָׁל֖/וֹ	4912	HNcmsc/Sp3ms
04yVn	Num.24.20	וַ/יֹּאמַ֑ר	c/559	HC/Vqw3ms
04UCT	Num.24.20	רֵאשִׁ֤ית	7225	HNcfsc
04gDx	Num.24.20	גּוֹיִם֙	1471 a	HNcmpa
04HMY	Num.24.20	עֲמָלֵ֔ק	6002	HNp
04Vk4	Num.24.20	וְ/אַחֲרִית֖/וֹ	c/319	HC/Ncfsc/Sp3ms
04W33	Num.24.20	עֲדֵ֥י	5703	HR
04xLQ	Num.24.20	אֹבֵֽד	8	HNcmsa
04yDx	Num.24.21	וַ/יַּרְא֙	c/7200	HC/Vqw3ms
04Ykm	Num.24.21	אֶת	853	HTo
04Zho	Num.24.21	הַ/קֵּינִ֔י	d/7017	HTd/Ngmsa
04eAq	Num.24.21	וַ/יִּשָּׂ֥א	c/5375	HC/Vqw3ms
04rGP	Num.24.21	מְשָׁל֖/וֹ	4912	HNcmsc/Sp3ms
04apy	Num.24.21	וַ/יֹּאמַ֑ר	c/559	HC/Vqw3ms
044cG	Num.24.21	אֵיתָן֙	386	HAamsa
04ori	Num.24.21	מֽוֹשָׁבֶ֔/ךָ	4186	HNcmsc/Sp2ms
04xGy	Num.24.21	וְ/שִׂ֥ים	c/7760 a	HC/Vqsmsa
04g4u	Num.24.21	בַּ/סֶּ֖לַע	b/5553	HRd/Ncmsa
04UPU	Num.24.21	קִנֶּֽ/ךָ	7064	HNcmsc/Sp2ms
04iGG	Num.24.22	כִּ֥י	3588 b	HC
0484R	Num.24.22	אִם	518 b	HC
04giL	Num.24.22	יִהְיֶ֖ה	1961	HVqi3ms
04DiD	Num.24.22	לְ/בָ֣עֵֽר	l/1197 a	HR/Vpc
04cCh	Num.24.22	קָ֑יִן	7014 a	HNp
04Y3k	Num.24.22	עַד	5704	HR
04K8R	Num.24.22	מָ֖ה	4100	HTi
04Gda	Num.24.22	אַשּׁ֥וּר	804	HNp
04QiP	Num.24.22	תִּשְׁבֶּֽ/ךָּ	7617	HVqi3fs/Sp2ms
04j9D	Num.24.23	וַ/יִּשָּׂ֥א	c/5375	HC/Vqw3ms
04Mwp	Num.24.23	מְשָׁל֖/וֹ	4912	HNcmsc/Sp3ms
04bmi	Num.24.23	וַ/יֹּאמַ֑ר	c/559	HC/Vqw3ms
04hc6	Num.24.23	א֕וֹי	188	HTj
04RLa	Num.24.23	מִ֥י	4310	HTi
04oFC	Num.24.23	יִחְיֶ֖ה	2421	HVqi3ms
04CKx	Num.24.23	מִ/שֻּׂמ֥/וֹ	m/7760 a	HR/Vqc/Sp3ms
04ETw	Num.24.23	אֵֽל	410	HNcmsa
046z6	Num.24.24	וְ/צִים֙	c/6716	HC/Ncmpa
04GAM	Num.24.24	מִ/יַּ֣ד	m/3027	HR/Ncbsc
04ns6	Num.24.24	כִּתִּ֔ים	3794	HNp
0431h	Num.24.24	וְ/עִנּ֥וּ	c/6031 b	HC/Vpq3cp
04MzF	Num.24.24	אַשּׁ֖וּר	804	HNp
04gXF	Num.24.24	וְ/עִנּוּ	c/6031 b	HC/Vpq3cp
04bUk	Num.24.24	עֵ֑בֶר	5677	HNp
04xFz	Num.24.24	וְ/גַם	c/1571	HC/Ta
04sRH	Num.24.24	ה֖וּא	1931	HPp3ms
04hm8	Num.24.24	עֲדֵ֥י	5703	HR
04s5U	Num.24.24	אֹבֵֽד	8	HNcmsa
04fq7	Num.24.25	וַ/יָּ֣קָם	c/6965 b	HC/Vqw3ms
04FFV	Num.24.25	בִּלְעָ֔ם	1109 a	HNp
04rDb	Num.24.25	וַ/יֵּ֖לֶךְ	c/3212	HC/Vqw3ms
04K7W	Num.24.25	וַ/יָּ֣שָׁב	c/7725	HC/Vqw3ms
04NTN	Num.24.25	לִ/מְקֹמ֑/וֹ	l/4725	HR/Ncmsc/Sp3ms
04CPp	Num.24.25	וְ/גַם	c/1571	HC/Ta
04cgS	Num.24.25	בָּלָ֖ק	1111	HNp
04Zp6	Num.24.25	הָלַ֥ךְ	1980	HVqp3ms
04xy9	Num.24.25	לְ/דַרְכּֽ/וֹ	l/1870	HR/Ncbsc/Sp3ms
04qGT	Num.25.1	וַ/יֵּ֥שֶׁב	c/3427	HC/Vqw3ms
04mdJ	Num.25.1	יִשְׂרָאֵ֖ל	3478	HNp
04ZkF	Num.25.1	בַּ/שִּׁטִּ֑ים	b/7851	HRd/Np
04B6T	Num.25.1	וַ/יָּ֣חֶל	c/2490 c	HC/Vhw3ms
04cUo	Num.25.1	הָ/עָ֔ם	d/5971 a	HTd/Ncmsa
04tVB	Num.25.1	לִ/זְנ֖וֹת	l/2181	HR/Vqc
04hk6	Num.25.1	אֶל	413	HR
046Yt	Num.25.1	בְּנ֥וֹת	1323	HNcfpc
04t1v	Num.25.1	מוֹאָֽב	4124	HNp
04MtH	Num.25.2	וַ/תִּקְרֶ֣אןָ	c/7121	HC/Vqw3fp
04YJj	Num.25.2	לָ/עָ֔ם	l/5971 a	HRd/Ncmsa
04h9f	Num.25.2	לְ/זִבְחֵ֖י	l/2077	HR/Ncmpc
04tFE	Num.25.2	אֱלֹהֵי/הֶ֑ן	430	HNcmpc/Sp3fp
045pV	Num.25.2	וַ/יֹּ֣אכַל	c/398	HC/Vqw3ms
04oHx	Num.25.2	הָ/עָ֔ם	d/5971 a	HTd/Ncmsa
04ZMv	Num.25.2	וַ/יִּֽשְׁתַּחֲוּ֖וּ	c/7812	HC/Vvw3mp
04dAV	Num.25.2	לֵֽ/אלֹהֵי/הֶֽן	l/430	HR/Ncmpc/Sp3fp
047Qi	Num.25.3	וַ/יִּצָּ֥מֶד	c/6775	HC/VNw3ms
04mVc	Num.25.3	יִשְׂרָאֵ֖ל	3478	HNp
04tC8	Num.25.3	לְ/בַ֣עַל	l/1187+	HR/Np
04zJU	Num.25.3	פְּע֑וֹר	1187	HNp
041h9	Num.25.3	וַ/יִּֽחַר	c/2734	HC/Vqw3ms
046jK	Num.25.3	אַ֥ף	639	HTa
04fq5	Num.25.3	יְהוָ֖ה	3068	HNp
04YAf	Num.25.3	בְּ/יִשְׂרָאֵֽל	b/3478	HR/Np
04JN3	Num.25.4	וַ/יֹּ֨אמֶר	c/559	HC/Vqw3ms
04PkH	Num.25.4	יְהוָ֜ה	3068	HNp
04Grz	Num.25.4	אֶל	413	HR
04B4g	Num.25.4	מֹשֶׁ֗ה	4872	HNp
04iHE	Num.25.4	קַ֚ח	3947	HVqv2ms
04fWp	Num.25.4	אֶת	853	HTo
04DvN	Num.25.4	כָּל	3605	HNcmsc
04KGp	Num.25.4	רָאשֵׁ֣י	7218 a	HNcmpc
04vv7	Num.25.4	הָ/עָ֔ם	d/5971 a	HTd/Ncmsa
04TND	Num.25.4	וְ/הוֹקַ֥ע	c/3363	HC/Vhv2ms
04BGG	Num.25.4	אוֹתָ֛/ם	853	HTo/Sp3mp
04LHR	Num.25.4	לַ/יהוָ֖ה	l/3068	HR/Np
04YxJ	Num.25.4	נֶ֣גֶד	5048	HR
04UZc	Num.25.4	הַ/שָּׁ֑מֶשׁ	d/8121	HTd/Ncbsa
04k6w	Num.25.4	וְ/יָשֹׁ֛ב	c/7725	HC/Vqj3ms
04xyy	Num.25.4	חֲר֥וֹן	2740	HNcmsc
04i2n	Num.25.4	אַף	639	HTa
04GLB	Num.25.4	יְהוָ֖ה	3068	HNp
04qPH	Num.25.4	מִ/יִּשְׂרָאֵֽל	m/3478	HR/Np
04Lim	Num.25.5	וַ/יֹּ֣אמֶר	c/559	HC/Vqw3ms
04aJ7	Num.25.5	מֹשֶׁ֔ה	4872	HNp
04AVZ	Num.25.5	אֶל	413	HR
04zTn	Num.25.5	שֹׁפְטֵ֖י	8199	HVqrmpc
04XWC	Num.25.5	יִשְׂרָאֵ֑ל	3478	HNp
04VhA	Num.25.5	הִרְגוּ֙	2026	HVqv2mp
04wXZ	Num.25.5	אִ֣ישׁ	376	HNcmsa
0482U	Num.25.5	אֲנָשָׁ֔י/ו	376	HNcmpc/Sp3ms
04jqS	Num.25.5	הַ/נִּצְמָדִ֖ים	d/6775	HTd/VNsmpa
04h3k	Num.25.5	לְ/בַ֥עַל	l/1187+	HR/Np
04Xbd	Num.25.5	פְּעֽוֹר	1187	HNp
04iFm	Num.25.6	וְ/הִנֵּ֡ה	c/2009	HC/Tm
04s91	Num.25.6	אִישׁ֩	376	HNcmsa
04dmY	Num.25.6	מִ/בְּנֵ֨י	m/1121 a	HR/Ncmpc
04ciB	Num.25.6	יִשְׂרָאֵ֜ל	3478	HNp
04n1C	Num.25.6	בָּ֗א	935	HVqp3ms
042wC	Num.25.6	וַ/יַּקְרֵ֤ב	c/7126	HC/Vhw3ms
04aky	Num.25.6	אֶל	413	HR
04uNF	Num.25.6	אֶחָי/ו֙	251	HNcmpc/Sp3ms
04T5T	Num.25.6	אֶת	853	HTo
04bMN	Num.25.6	הַ/מִּדְיָנִ֔ית	d/4084	HTd/Aafsa
04XW1	Num.25.6	לְ/עֵינֵ֣י	l/5869 a	HR/Ncbdc
04PiX	Num.25.6	מֹשֶׁ֔ה	4872	HNp
04xgg	Num.25.6	וּ/לְ/עֵינֵ֖י	c/l/5869 a	HC/R/Ncbdc
04x7V	Num.25.6	כָּל	3605	HNcmsc
04MSk	Num.25.6	עֲדַ֣ת	5712	HNcfsc
04Upg	Num.25.6	בְּנֵי	1121 a	HNcmpc
04bCe	Num.25.6	יִשְׂרָאֵ֑ל	3478	HNp
04xu3	Num.25.6	וְ/הֵ֣מָּה	c/1992	HC/Pp3mp
04E3m	Num.25.6	בֹכִ֔ים	1058	HVqrmpa
047Ye	Num.25.6	פֶּ֖תַח	6607	HNcmsc
04JJj	Num.25.6	אֹ֥הֶל	168	HNcmsc
0497H	Num.25.6	מוֹעֵֽד	4150	HNcmsa
04rKt	Num.25.7	וַ/יַּ֗רְא	c/7200	HC/Vqw3ms
04WbB	Num.25.7	פִּֽינְחָס֙	6372	HNp
04ek6	Num.25.7	בֶּן	1121 a	HNcmsc
047NZ	Num.25.7	אֶלְעָזָ֔ר	499	HNp
04jak	Num.25.7	בֶּֽן	1121 a	HNcmsc
04f6g	Num.25.7	אַהֲרֹ֖ן	175	HNp
042M8	Num.25.7	הַ/כֹּהֵ֑ן	d/3548	HTd/Ncmsa
04D6i	Num.25.7	וַ/יָּ֨קָם֙	c/6965 b	HC/Vqw3ms
0486c	Num.25.7	מִ/תּ֣וֹךְ	m/8432	HR/Ncmsc
04AdD	Num.25.7	הָֽ/עֵדָ֔ה	d/5712	HTd/Ncfsa
04xh9	Num.25.7	וַ/יִּקַּ֥ח	c/3947	HC/Vqw3ms
04obV	Num.25.7	רֹ֖מַח	7420	HNcmsa
04RSi	Num.25.7	בְּ/יָדֽ/וֹ	b/3027	HR/Ncbsc/Sp3ms
04ESU	Num.25.8	וַ֠/יָּבֹא	c/935	HC/Vqw3ms
04f6E	Num.25.8	אַחַ֨ר	310 a	HR
04dKZ	Num.25.8	אִֽישׁ	376	HNcmsc
0496d	Num.25.8	יִשְׂרָאֵ֜ל	3478	HNp
04nF2	Num.25.8	אֶל	413	HR
04yPq	Num.25.8	הַ/קֻּבָּ֗ה	d/6898	HTd/Ncfsa
04Epo	Num.25.8	וַ/יִּדְקֹר֙	c/1856	HC/Vqw3ms
041N2	Num.25.8	אֶת	853	HTo
04GLd	Num.25.8	שְׁנֵי/הֶ֔ם	8147	HAcmdc/Sp3mp
04cyq	Num.25.8	אֵ֚ת	853	HTo
04HS5	Num.25.8	אִ֣ישׁ	376	HNcmsc
04w5m	Num.25.8	יִשְׂרָאֵ֔ל	3478	HNp
04igY	Num.25.8	וְ/אֶת	c/853	HC/To
04RRj	Num.25.8	הָ/אִשָּׁ֖ה	d/802	HTd/Ncfsa
04rFp	Num.25.8	אֶל	413	HR
04GYt	Num.25.8	קֳבָתָ֑/הּ	6897	HNcfsc/Sp3fs
047hh	Num.25.8	וַ/תֵּֽעָצַר֙	c/6113	HC/VNw3fs
04SM6	Num.25.8	הַ/מַּגֵּפָ֔ה	d/4046	HTd/Ncfsa
047aJ	Num.25.8	מֵ/עַ֖ל	m/5921 a	HR/R
042XC	Num.25.8	בְּנֵ֥י	1121 a	HNcmpc
04g2n	Num.25.8	יִשְׂרָאֵֽל	3478	HNp
04BLL	Num.25.9	וַ/יִּהְי֕וּ	c/1961	HC/Vqw3mp
04jck	Num.25.9	הַ/מֵּתִ֖ים	d/4191	HTd/Vqrmpa
04Mxs	Num.25.9	בַּ/מַּגֵּפָ֑ה	b/4046	HRd/Ncfsa
04y1n	Num.25.9	אַרְבָּעָ֥ה	702	HAcmsa
04FQH	Num.25.9	וְ/עֶשְׂרִ֖ים	c/6242	HC/Acbpa
04Xv1	Num.25.9	אָֽלֶף	505	HAcbsa
04yTs	Num.25.10	וַ/יְדַבֵּ֥ר	c/1696	HC/Vpw3ms
04ZN9	Num.25.10	יְהוָ֖ה	3068	HNp
047wi	Num.25.10	אֶל	413	HR
04ogM	Num.25.10	מֹשֶׁ֥ה	4872	HNp
04sdY	Num.25.10	לֵּ/אמֹֽר	l/559	HR/Vqc
04Pzf	Num.25.11	פִּֽינְחָ֨ס	6372	HNp
04yH3	Num.25.11	בֶּן	1121 a	HNcmsc
04BvR	Num.25.11	אֶלְעָזָ֜ר	499	HNp
04DR3	Num.25.11	בֶּן	1121 a	HNcmsc
04kGn	Num.25.11	אַהֲרֹ֣ן	175	HNp
04cKf	Num.25.11	הַ/כֹּהֵ֗ן	d/3548	HTd/Ncmsa
049TP	Num.25.11	הֵשִׁ֤יב	7725	HVhp3ms
04TMx	Num.25.11	אֶת	853	HTo
04bXh	Num.25.11	חֲמָתִ/י֙	2534	HNcfsc/Sp1cs
047Fn	Num.25.11	מֵ/עַ֣ל	m/5921 a	HR/R
04AQV	Num.25.11	בְּנֵֽי	1121 a	HNcmpc
04BCT	Num.25.11	יִשְׂרָאֵ֔ל	3478	HNp
04LiK	Num.25.11	בְּ/קַנְא֥/וֹ	b/7065	HR/Vpc/Sp3ms
04wFq	Num.25.11	אֶת	853	HTo
04zLw	Num.25.11	קִנְאָתִ֖/י	7068	HNcfsc/Sp1cs
04URx	Num.25.11	בְּ/תוֹכָ֑/ם	b/8432	HR/Ncmsc/Sp3mp
04ATR	Num.25.11	וְ/לֹא	c/3808	HC/Tn
04ijE	Num.25.11	כִלִּ֥יתִי	3615	HVpp1cs
04Qqf	Num.25.11	אֶת	853	HTo
041nR	Num.25.11	בְּנֵֽי	1121 a	HNcmpc
04tgJ	Num.25.11	יִשְׂרָאֵ֖ל	3478	HNp
04x83	Num.25.11	בְּ/קִנְאָתִֽ/י	b/7068	HR/Ncfsc/Sp1cs
04VLP	Num.25.12	לָ/כֵ֖ן	l/3651 c	HR/D
04na6	Num.25.12	אֱמֹ֑ר	559	HVqv2ms
04kSS	Num.25.12	הִנְנִ֨/י	2005	HTj/Sp1cs
041jD	Num.25.12	נֹתֵ֥ן	5414	HVqrmsa
04hM9	Num.25.12	ל֛/וֹ	l	HR/Sp3ms
04qkR	Num.25.12	אֶת	853	HTo
04NvA	Num.25.12	בְּרִיתִ֖/י	1285	HNcfsc/Sp1cs
04z9v	Num.25.12	שָׁלֽוֹם	7965	HNcmsa
04b9P	Num.25.13	וְ/הָ֤יְתָה	c/1961	HC/Vqq3fs
04yca	Num.25.13	לּ/וֹ֙	l	HR/Sp3ms
04DQu	Num.25.13	וּ/לְ/זַרְע֣/וֹ	c/l/2233	HC/R/Ncmsc/Sp3ms
04BV5	Num.25.13	אַחֲרָ֔י/ו	310 a	HR/Sp3ms
04MVa	Num.25.13	בְּרִ֖ית	1285	HNcfsc
0441n	Num.25.13	כְּהֻנַּ֣ת	3550	HNcfsc
042Yi	Num.25.13	עוֹלָ֑ם	5769	HNcmsa
04mJx	Num.25.13	תַּ֗חַת	8478	HR
04rKZ	Num.25.13	אֲשֶׁ֤ר	834 a	HTr
044Ku	Num.25.13	קִנֵּא֙	7065	HVpp3ms
04HnY	Num.25.13	לֵֽ/אלֹהָ֔י/ו	l/430	HR/Ncmpc/Sp3ms
04Nnj	Num.25.13	וַ/יְכַפֵּ֖ר	c/3722 a	HC/Vpw3ms
04Dyy	Num.25.13	עַל	5921 a	HR
04VLw	Num.25.13	בְּנֵ֥י	1121 a	HNcmpc
04RYc	Num.25.13	יִשְׂרָאֵֽל	3478	HNp
04ykL	Num.25.14	וְ/שֵׁם֩	c/8034	HC/Ncmsc
04rfL	Num.25.14	אִ֨ישׁ	376	HNcmsc
04rHk	Num.25.14	יִשְׂרָאֵ֜ל	3478	HNp
04PZw	Num.25.14	הַ/מֻּכֶּ֗ה	d/5221	HTd/VHsmsa
04C4q	Num.25.14	אֲשֶׁ֤ר	834 a	HTr
049HC	Num.25.14	הֻכָּה֙	5221	HVHp3ms
04R3X	Num.25.14	אֶת	854	HR
04KTr	Num.25.14	הַ/מִּדְיָנִ֔ית	d/4084	HTd/Aafsa
04YZe	Num.25.14	זִמְרִ֖י	2174 a	HNp
044m8	Num.25.14	בֶּן	1121 a	HNcmsc
04BGt	Num.25.14	סָל֑וּא	5543 c	HNp
04BgE	Num.25.14	נְשִׂ֥יא	5387 a	HNcmsc
04gCg	Num.25.14	בֵֽית	1004 b	HNcmsc
04mPj	Num.25.14	אָ֖ב	1	HNcmsa
041Nd	Num.25.14	לַ/שִּׁמְעֹנִֽי	l/8099	HRd/Ngmsa
0446j	Num.25.15	וְ/שֵׁ֨ם	c/8034	HC/Ncmsc
04tsB	Num.25.15	הָֽ/אִשָּׁ֧ה	d/802	HTd/Ncfsa
045jd	Num.25.15	הַ/מֻּכָּ֛ה	d/5221	HTd/VHsfsa
04TFy	Num.25.15	הַ/מִּדְיָנִ֖ית	d/4084	HTd/Aafsa
04fMc	Num.25.15	כָּזְבִּ֣י	3579	HNp
04PLL	Num.25.15	בַת	1323	HNcfsc
04iYN	Num.25.15	צ֑וּר	6698	HNp
04xi7	Num.25.15	רֹ֣אשׁ	7218 a	HNcmsc
04woV	Num.25.15	אֻמּ֥וֹת	523	HNcfpa
047By	Num.25.15	בֵּֽית	1004 b	HNcmsc
04P6c	Num.25.15	אָ֛ב	1	HNcmsa
049Jx	Num.25.15	בְּ/מִדְיָ֖ן	b/4080	HR/Np
045X3	Num.25.15	הֽוּא	1931	HPp3ms
04j5o	Num.25.16	וַ/יְדַבֵּ֥ר	c/1696	HC/Vpw3ms
043Nf	Num.25.16	יְהוָ֖ה	3068	HNp
04QFD	Num.25.16	אֶל	413	HR
048rg	Num.25.16	מֹשֶׁ֥ה	4872	HNp
04rWH	Num.25.16	לֵּ/אמֹֽר	l/559	HR/Vqc
04Gxy	Num.25.17	צָר֖וֹר	6887 d	HVqa
04t2S	Num.25.17	אֶת	853	HTo
04iyQ	Num.25.17	הַ/מִּדְיָנִ֑ים	d/4084	HTd/Ngmpa
04MSm	Num.25.17	וְ/הִכִּיתֶ֖ם	c/5221	HC/Vhq2mp
04pXS	Num.25.17	אוֹתָֽ/ם	853	HTo/Sp3mp
04Qpu	Num.25.18	כִּ֣י	3588 a	HC
04j5m	Num.25.18	צֹרְרִ֥ים	6887 d	HVqrmpa
048kU	Num.25.18	הֵם֙	1992	HPp3mp
04c1r	Num.25.18	לָ/כֶ֔ם	l	HR/Sp2mp
04qBE	Num.25.18	בְּ/נִכְלֵי/הֶ֛ם	b/5231	HR/Ncmpc/Sp3mp
04LSn	Num.25.18	אֲשֶׁר	834 a	HTr
04PGo	Num.25.18	נִכְּל֥וּ	5230	HVpp3cp
04GSv	Num.25.18	לָ/כֶ֖ם	l	HR/Sp2mp
04Rpm	Num.25.18	עַל	5921 a	HR
043rf	Num.25.18	דְּבַר	1697	HNcmsc
043Dh	Num.25.18	פְּע֑וֹר	6465	HNp
04G1r	Num.25.18	וְ/עַל	c/5921 a	HC/R
04rgP	Num.25.18	דְּבַ֞ר	1697	HNcmsc
04Nye	Num.25.18	כָּזְבִּ֨י	3579	HNp
04qDK	Num.25.18	בַת	1323	HNcfsc
04mNM	Num.25.18	נְשִׂ֤יא	5387 a	HNcmsc
04aUJ	Num.25.18	מִדְיָן֙	4080	HNp
04Bzp	Num.25.18	אֲחֹתָ֔/ם	269	HNcfsc/Sp3mp
04PTZ	Num.25.18	הַ/מֻּכָּ֥ה	d/5221	HTd/VHsfsa
04f9o	Num.25.18	בְ/יוֹם	b/3117	HR/Ncmsc
04rgD	Num.25.18	הַ/מַּגֵּפָ֖ה	d/4046	HTd/Ncfsa
04icP	Num.25.18	עַל	5921 a	HR
04bSH	Num.25.18	דְּבַר	1697	HNcmsc
04hj7	Num.25.18	פְּעֽוֹר	6465	HNp
04xYD	Num.25.19	וַ/יְהִ֖י	c/1961	HC/Vqw3ms
04Y15	Num.25.19	אַחֲרֵ֣י	310 a	HR
047YH	Num.25.19	הַ/מַּגֵּפָ֑ה	d/4046	HTd/Ncfsa
04Scg	Num.26.1	וַ/יֹּ֤אמֶר	c/559	HC/Vqw3ms
04VfY	Num.26.1	יְהוָה֙	3068	HNp
043CP	Num.26.1	אֶל	413	HR
04JCV	Num.26.1	מֹשֶׁ֔ה	4872	HNp
04kSK	Num.26.1	וְ/אֶ֧ל	c/413	HC/R
04Dw8	Num.26.1	אֶלְעָזָ֛ר	499	HNp
04v1s	Num.26.1	בֶּן	1121 a	HNcmsc
04Hhz	Num.26.1	אַהֲרֹ֥ן	175	HNp
046Hr	Num.26.1	הַ/כֹּהֵ֖ן	d/3548	HTd/Ncmsa
04NqA	Num.26.1	לֵ/אמֹֽר	l/559	HR/Vqc
04HkK	Num.26.2	שְׂא֞וּ	5375	HVqv2mp
044Zh	Num.26.2	אֶת	853	HTo
04UKL	Num.26.2	רֹ֣אשׁ	7218 a	HNcmsc
04bmQ	Num.26.2	כָּל	3605	HNcmsc
04cnL	Num.26.2	עֲדַ֣ת	5712	HNcfsc
04qKP	Num.26.2	בְּנֵי	1121 a	HNcmpc
04d72	Num.26.2	יִשְׂרָאֵ֗ל	3478	HNp
04qar	Num.26.2	מִ/בֶּ֨ן	m/1121 a	HR/Ncmsc
04mtE	Num.26.2	עֶשְׂרִ֥ים	6242	HAcbpa
04g4z	Num.26.2	שָׁנָ֛ה	8141	HNcfsa
04F3a	Num.26.2	וָ/מַ֖עְלָ/ה	c/4605	HC/D/Sd
04XA9	Num.26.2	לְ/בֵ֣ית	l/1004 b	HR/Ncmsc
04YNp	Num.26.2	אֲבֹתָ֑/ם	1	HNcmpc/Sp3mp
04uv1	Num.26.2	כָּל	3605	HNcmsc
04eSy	Num.26.2	יֹצֵ֥א	3318	HVqrmsa
04LpX	Num.26.2	צָבָ֖א	6635 a	HNcbsa
04H7X	Num.26.2	בְּ/יִשְׂרָאֵֽל	b/3478	HR/Np
04hho	Num.26.3	וַ/יְדַבֵּ֨ר	c/1696	HC/Vpw3ms
04VDX	Num.26.3	מֹשֶׁ֜ה	4872	HNp
04Agw	Num.26.3	וְ/אֶלְעָזָ֧ר	c/499	HC/Np
04D9a	Num.26.3	הַ/כֹּהֵ֛ן	d/3548	HTd/Ncmsa
0414w	Num.26.3	אֹתָ֖/ם	853	HTo/Sp3mp
04bNf	Num.26.3	בְּ/עַֽרְבֹ֣ת	b/6160	HR/Ncfpc
04gYW	Num.26.3	מוֹאָ֑ב	4124	HNp
04Qaz	Num.26.3	עַל	5921 a	HR
04XEF	Num.26.3	יַרְדֵּ֥ן	3383	HNp
04a6y	Num.26.3	יְרֵח֖וֹ	3405	HNp
04d4Q	Num.26.3	לֵ/אמֹֽר	l/559	HR/Vqc
04RAm	Num.26.4	מִ/בֶּ֛ן	m/1121 a	HR/Ncmsc
04zc4	Num.26.4	עֶשְׂרִ֥ים	6242	HAcbpa
04EkK	Num.26.4	שָׁנָ֖ה	8141	HNcfsa
04poA	Num.26.4	וָ/מָ֑עְלָ/ה	c/4605	HC/D/Sd
04FCZ	Num.26.4	כַּ/אֲשֶׁר֩	k/834 d	HR/Tr
04FaN	Num.26.4	צִוָּ֨ה	6680	HVpp3ms
042DZ	Num.26.4	יְהוָ֤ה	3068	HNp
04VnW	Num.26.4	אֶת	853	HTo
04cjd	Num.26.4	מֹשֶׁה֙	4872	HNp
04hd3	Num.26.4	וּ/בְנֵ֣י	c/1121 a	HC/Ncmpc
04jNC	Num.26.4	יִשְׂרָאֵ֔ל	3478	HNp
04R7V	Num.26.4	הַ/יֹּצְאִ֖ים	d/3318	HTd/Vqrmpa
04aQZ	Num.26.4	מֵ/אֶ֥רֶץ	m/776	HR/Ncbsc
045D3	Num.26.4	מִצְרָֽיִם	4714	HNp
04Yp2	Num.26.5	רְאוּבֵ֖ן	7205	HNp
04Amn	Num.26.5	בְּכ֣וֹר	1060	HNcmsc
04CHp	Num.26.5	יִשְׂרָאֵ֑ל	3478	HNp
04AN6	Num.26.5	בְּנֵ֣י	1121 a	HNcmpc
04TQs	Num.26.5	רְאוּבֵ֗ן	7205	HNp
045in	Num.26.5	חֲנוֹךְ֙	2585	HNp
04QTE	Num.26.5	מִשְׁפַּ֣חַת	4940	HNcfsc
04daV	Num.26.5	הַ/חֲנֹכִ֔י	d/2599	HTd/Ngmsa
048wV	Num.26.5	לְ/פַלּ֕וּא	l/6396	HR/Np
04Sk9	Num.26.5	מִשְׁפַּ֖חַת	4940	HNcfsc
0462N	Num.26.5	הַ/פַּלֻּאִֽי	d/6384	HTd/Ngmsa
04ZWz	Num.26.6	לְ/חֶצְרֹ֕ן	l/2696	HR/Np
04yba	Num.26.6	מִשְׁפַּ֖חַת	4940	HNcfsc
0458m	Num.26.6	הַֽ/חֶצְרוֹנִ֑י	d/2697	HTd/Ngmsa
04x9t	Num.26.6	לְ/כַרְמִ֕י	l/3756	HR/Np
04dSi	Num.26.6	מִשְׁפַּ֖חַת	4940	HNcfsc
04UJt	Num.26.6	הַ/כַּרְמִֽי	d/3757	HTd/Ngmsa
04juE	Num.26.7	אֵ֖לֶּה	428	HPdxcp
04o4w	Num.26.7	מִשְׁפְּחֹ֣ת	4940	HNcfpc
04ZHi	Num.26.7	הָ/רֻֽאוּבֵנִ֑י	d/7206	HTd/Ngmsa
04DpP	Num.26.7	וַ/יִּהְי֣וּ	c/1961	HC/Vqw3mp
04LMT	Num.26.7	פְקֻדֵי/הֶ֗ם	6485 a	HVqsmpc/Sp3mp
04Bc2	Num.26.7	שְׁלֹשָׁ֤ה	7969	HAcmsa
04f8R	Num.26.7	וְ/אַרְבָּעִים֙	c/705	HC/Acbpa
04Xr3	Num.26.7	אֶ֔לֶף	505	HAcbsa
04xz2	Num.26.7	וּ/שְׁבַ֥ע	c/7651	HC/Acfsa
04Hu6	Num.26.7	מֵא֖וֹת	3967	HAcbpa
04dfS	Num.26.7	וּ/שְׁלֹשִֽׁים	c/7970	HC/Acbpa
04muy	Num.26.8	וּ/בְנֵ֥י	c/1121 a	HC/Ncmpc
04eya	Num.26.8	פַלּ֖וּא	6396	HNp
04fHZ	Num.26.8	אֱלִיאָֽב	446	HNp
04cij	Num.26.9	וּ/בְנֵ֣י	c/1121 a	HC/Ncmpc
04VwD	Num.26.9	אֱלִיאָ֔ב	446	HNp
049JM	Num.26.9	נְמוּאֵ֖ל	5241	HNp
04Nf4	Num.26.9	וְ/דָתָ֣ן	c/1885	HC/Np
04znJ	Num.26.9	וַ/אֲבִירָ֑ם	c/48	HC/Np
04f4t	Num.26.9	הֽוּא	1931	HPp3ms
04jH9	Num.26.9	דָתָ֨ן	1885	HNp
04Vjf	Num.26.9	וַ/אֲבִירָ֜ם	c/48	HC/Np
04Kr7	Num.26.9	קרואי	7121	HVqsmpc
04aXz	Num.26.9	קְרִיאֵ֣י	7148	HAampc
04TDg	Num.26.9	הָ/עֵדָ֗ה	d/5712	HTd/Ncfsa
04FJD	Num.26.9	אֲשֶׁ֨ר	834 a	HTr
04jd4	Num.26.9	הִצּ֜וּ	5327 a	HVhp3cp
04m3C	Num.26.9	עַל	5921 a	HR
04tjP	Num.26.9	מֹשֶׁ֤ה	4872	HNp
04BUi	Num.26.9	וְ/עַֽל	c/5921 a	HC/R
04U86	Num.26.9	אַהֲרֹן֙	175	HNp
04hZ1	Num.26.9	בַּ/עֲדַת	b/5712	HR/Ncfsc
04e69	Num.26.9	קֹ֔רַח	7141	HNp
04v5q	Num.26.9	בְּ/הַצֹּתָ֖/ם	b/5327 a	HR/Vhc/Sp3mp
04oQU	Num.26.9	עַל	5921 a	HR
04u75	Num.26.9	יְהוָֽה	3068	HNp
04JqQ	Num.26.10	וַ/תִּפְתַּ֨ח	c/6605 a	HC/Vqw3fs
04arY	Num.26.10	הָ/אָ֜רֶץ	d/776	HTd/Ncbsa
04VUs	Num.26.10	אֶת	853	HTo
04i6g	Num.26.10	פִּ֗י/הָ	6310	HNcmsc/Sp3fs
04QHk	Num.26.10	וַ/תִּבְלַ֥ע	c/1104	HC/Vqw3fs
04SyG	Num.26.10	אֹתָ֛/ם	853	HTo/Sp3mp
04ZQ8	Num.26.10	וְ/אֶת	c/853	HC/To
04kyp	Num.26.10	קֹ֖רַח	7141	HNp
04W2W	Num.26.10	בְּ/מ֣וֹת	b/4194	HR/Ncmsc
04Q7w	Num.26.10	הָ/עֵדָ֑ה	d/5712	HTd/Ncfsa
04CgJ	Num.26.10	בַּ/אֲכֹ֣ל	b/398	HR/Vqc
04AoW	Num.26.10	הָ/אֵ֗שׁ	d/784	HTd/Ncbsa
04Ct5	Num.26.10	אֵ֣ת	853	HTo
04XEV	Num.26.10	חֲמִשִּׁ֤ים	2572	HAcbpa
04Yik	Num.26.10	וּ/מָאתַ֨יִם֙	c/3967	HC/Acbda
042f6	Num.26.10	אִ֔ישׁ	376	HNcmsa
04Ff8	Num.26.10	וַ/יִּהְי֖וּ	c/1961	HC/Vqw3mp
04d7j	Num.26.10	לְ/נֵֽס	l/5251	HR/Ncmsa
04WmZ	Num.26.11	וּ/בְנֵי	c/1121 a	HC/Ncmpc
04DaS	Num.26.11	קֹ֖רַח	7141	HNp
043mn	Num.26.11	לֹא	3808	HTn
04n7f	Num.26.11	מֵֽתוּ	4191	HVqp3cp
04ntY	Num.26.12	בְּנֵ֣י	1121 a	HNcmpc
04nfo	Num.26.12	שִׁמְעוֹן֮	8095	HNp
04GRL	Num.26.12	לְ/מִשְׁפְּחֹתָ/ם֒	l/4940	HR/Ncfpc/Sp3mp
04ETt	Num.26.12	לִ/נְמוּאֵ֗ל	l/5241	HR/Np
04ftK	Num.26.12	מִשְׁפַּ֨חַת֙	4940	HNcfsc
04tny	Num.26.12	הַ/נְּמ֣וּאֵלִ֔י	d/5242	HTd/Ngmsa
04wmu	Num.26.12	לְ/יָמִ֕ין	l/3226	HR/Np
04gVg	Num.26.12	מִשְׁפַּ֖חַת	4940	HNcfsc
046ug	Num.26.12	הַ/יָּמִינִ֑י	d/3228	HTd/Ngmsa
04fmV	Num.26.12	לְ/יָכִ֕ין	l/3199	HR/Np
044Df	Num.26.12	מִשְׁפַּ֖חַת	4940	HNcfsc
04pGZ	Num.26.12	הַ/יָּכִינִֽי	d/3200	HTd/Ngmsa
04zgN	Num.26.13	לְ/זֶ֕רַח	l/2226	HR/Np
04v7R	Num.26.13	מִשְׁפַּ֖חַת	4940	HNcfsc
04Eav	Num.26.13	הַ/זַּרְחִ֑י	d/2227	HTd/Ngmsa
04QKX	Num.26.13	לְ/שָׁא֕וּל	l/7586	HR/Np
046zX	Num.26.13	מִשְׁפַּ֖חַת	4940	HNcfsc
04DX5	Num.26.13	הַ/שָּׁאוּלִֽי	d/7587	HTd/Ngmsa
04HFz	Num.26.14	אֵ֖לֶּה	428	HPdxcp
04XNQ	Num.26.14	מִשְׁפְּחֹ֣ת	4940	HNcfpc
04YRQ	Num.26.14	הַ/שִּׁמְעֹנִ֑י	d/8099	HTd/Ngmsa
04BbK	Num.26.14	שְׁנַ֧יִם	8147	HAcmda
041m9	Num.26.14	וְ/עֶשְׂרִ֛ים	c/6242	HC/Acbpa
04Ed6	Num.26.14	אֶ֖לֶף	505	HAcbsa
04VoX	Num.26.14	וּ/מָאתָֽיִם	c/3967	HC/Acbda
04tir	Num.26.15	בְּנֵ֣י	1121 a	HNcmpc
04oSY	Num.26.15	גָד֮	1410	HNp
049gC	Num.26.15	לְ/מִשְׁפְּחֹתָ/ם֒	l/4940	HR/Ncfpc/Sp3mp
04Vej	Num.26.15	לִ/צְפ֗וֹן	l/6827	HR/Np
049Nh	Num.26.15	מִשְׁפַּ֨חַת֙	4940	HNcfsc
049oc	Num.26.15	הַ/צְּפוֹנִ֔י	d/6831	HTd/Ngmsa
04chi	Num.26.15	לְ/חַגִּ֕י	l/2291	HR/Np
046FT	Num.26.15	מִשְׁפַּ֖חַת	4940	HNcfsc
044Uv	Num.26.15	הַֽ/חַגִּ֑י	d/2291	HTd/Ngmsa
04xju	Num.26.15	לְ/שׁוּנִ֕י	l/7764	HR/Np
04G4G	Num.26.15	מִשְׁפַּ֖חַת	4940	HNcfsc
04gNn	Num.26.15	הַ/שּׁוּנִֽי	d/7765	HTd/Ngmsa
04TFj	Num.26.16	לְ/אָזְנִ֕י	l/244 a	HR/Np
04LTX	Num.26.16	מִשְׁפַּ֖חַת	4940	HNcfsc
04mhU	Num.26.16	הָ/אָזְנִ֑י	d/244 b	HTd/Ngmsa
042RS	Num.26.16	לְ/עֵרִ֕י	l/6179	HR/Np
04Tiq	Num.26.16	מִשְׁפַּ֖חַת	4940	HNcfsc
04WAL	Num.26.16	הָ/עֵרִֽי	d/6180	HTd/Ngmsa
04D2o	Num.26.17	לַ/אֲר֕וֹד	l/720	HR/Np
04xWu	Num.26.17	מִשְׁפַּ֖חַת	4940	HNcfsc
04JGx	Num.26.17	הָ/אֲרוֹדִ֑י	d/722	HTd/Ngmsa
04uah	Num.26.17	לְ/אַ֨רְאֵלִ֔י	l/692	HR/Np
04gdU	Num.26.17	מִשְׁפַּ֖חַת	4940	HNcfsc
04S7k	Num.26.17	הָ/אַרְאֵלִֽי	d/692	HTd/Ngmsa
04ByK	Num.26.18	אֵ֛לֶּה	428	HPdxcp
04En4	Num.26.18	מִשְׁפְּחֹ֥ת	4940	HNcfpc
04iuX	Num.26.18	בְּנֵֽי	1121 a	HNcmpc
04PDW	Num.26.18	גָ֖ד	1410	HNp
042bn	Num.26.18	לִ/פְקֻדֵי/הֶ֑ם	l/6485 a	HR/Vqsmpc/Sp3mp
04Ny1	Num.26.18	אַרְבָּעִ֥ים	705	HAcbpa
04nAm	Num.26.18	אֶ֖לֶף	505	HAcbsa
04Rwt	Num.26.18	וַ/חֲמֵ֥שׁ	c/2568	HC/Acfsa
04mP1	Num.26.18	מֵאֽוֹת	3967	HAcbpa
04Trx	Num.26.19	בְּנֵ֥י	1121 a	HNcmpc
04dEZ	Num.26.19	יְהוּדָ֖ה	3063	HNp
04VQ3	Num.26.19	עֵ֣ר	6147	HNp
046eP	Num.26.19	וְ/אוֹנָ֑ן	c/209	HC/Np
04K5p	Num.26.19	וַ/יָּ֥מָת	c/4191	HC/Vqw3ms
04Cuc	Num.26.19	עֵ֛ר	6147	HNp
04rvt	Num.26.19	וְ/אוֹנָ֖ן	c/209	HC/Np
04Mra	Num.26.19	בְּ/אֶ֥רֶץ	b/776	HR/Ncbsc
04YAJ	Num.26.19	כְּנָֽעַן	3667 a	HNp
04HYD	Num.26.20	וַ/יִּהְי֣וּ	c/1961	HC/Vqw3mp
04HMG	Num.26.20	בְנֵי	1121 a	HNcmpc
04Dn8	Num.26.20	יְהוּדָה֮	3063	HNp
048MC	Num.26.20	לְ/מִשְׁפְּחֹתָ/ם֒	l/4940	HR/Ncfpc/Sp3mp
04y7d	Num.26.20	לְ/שֵׁלָ֗ה	l/7956	HR/Np
04gWH	Num.26.20	מִשְׁפַּ֨חַת֙	4940	HNcfsc
04Rya	Num.26.20	הַ/שֵּׁ֣לָנִ֔י	d/8024	HTd/Ngmsa
04dgS	Num.26.20	לְ/פֶ֕רֶץ	l/6557	HR/Np
04geM	Num.26.20	מִשְׁפַּ֖חַת	4940	HNcfsc
04nNC	Num.26.20	הַ/פַּרְצִ֑י	d/6558	HTd/Ngmsa
04MKZ	Num.26.20	לְ/זֶ֕רַח	l/2226	HR/Np
04S7L	Num.26.20	מִשְׁפַּ֖חַת	4940	HNcfsc
04uSA	Num.26.20	הַ/זַּרְחִֽי	d/2227	HTd/Ngmsa
042Sm	Num.26.21	וַ/יִּהְי֣וּ	c/1961	HC/Vqw3mp
04crF	Num.26.21	בְנֵי	1121 a	HNcmpc
04Qd4	Num.26.21	פֶ֔רֶץ	6557	HNp
04oSi	Num.26.21	לְ/חֶצְרֹ֕ן	l/2696	HR/Np
04QW4	Num.26.21	מִשְׁפַּ֖חַת	4940	HNcfsc
04ChQ	Num.26.21	הַֽ/חֶצְרֹנִ֑י	d/2697	HTd/Ngmsa
04imi	Num.26.21	לְ/חָמ֕וּל	l/2538	HR/Np
04gid	Num.26.21	מִשְׁפַּ֖חַת	4940	HNcfsc
04s66	Num.26.21	הֶ/חָמוּלִֽי	d/2539	HTd/Ngmsa
04j4v	Num.26.22	אֵ֛לֶּה	428	HPdxcp
04GtU	Num.26.22	מִשְׁפְּחֹ֥ת	4940	HNcfpc
04T9e	Num.26.22	יְהוּדָ֖ה	3063	HNp
04juh	Num.26.22	לִ/פְקֻדֵי/הֶ֑ם	l/6485 a	HR/Vqsmpc/Sp3mp
04PfM	Num.26.22	שִׁשָּׁ֧ה	8337	HAcmsa
04QSR	Num.26.22	וְ/שִׁבְעִ֛ים	c/7657	HC/Acbpa
04sZ1	Num.26.22	אֶ֖לֶף	505	HAcbsa
04aVJ	Num.26.22	וַ/חֲמֵ֥שׁ	c/2568	HC/Acfsa
04mh8	Num.26.22	מֵאֽוֹת	3967	HAcbpa
04QYR	Num.26.23	בְּנֵ֤י	1121 a	HNcmpc
04t4w	Num.26.23	יִשָּׂשכָר֙	3485	HNp
041E8	Num.26.23	לְ/מִשְׁפְּחֹתָ֔/ם	l/4940	HR/Ncfpc/Sp3mp
04gzn	Num.26.23	תּוֹלָ֕ע	8439	HNp
04JxX	Num.26.23	מִשְׁפַּ֖חַת	4940	HNcfsc
04QBX	Num.26.23	הַ/תּוֹלָעִ֑י	d/8440	HTd/Ngmsa
04Kqe	Num.26.23	לְ/פֻוָ֕ה	l/6312	HR/Np
04TpL	Num.26.23	מִשְׁפַּ֖חַת	4940	HNcfsc
04fUh	Num.26.23	הַ/פּוּנִֽי	d/6324	HTd/Ngmsa
04tSo	Num.26.24	לְ/יָשׁ֕וּב	l/3437	HR/Np
04T22	Num.26.24	מִשְׁפַּ֖חַת	4940	HNcfsc
046AM	Num.26.24	הַ/יָּשׁוּבִ֑י	d/3432	HTd/Ngmsa
04NVJ	Num.26.24	לְ/שִׁמְרֹ֕ן	l/8110 b	HR/Np
041SB	Num.26.24	מִשְׁפַּ֖חַת	4940	HNcfsc
04djB	Num.26.24	הַ/שִּׁמְרֹנִֽי	d/8117	HTd/Ngmsa
04Btk	Num.26.25	אֵ֛לֶּה	428	HPdxcp
04paa	Num.26.25	מִשְׁפְּחֹ֥ת	4940	HNcfpc
04pEi	Num.26.25	יִשָּׂשכָ֖ר	3485	HNp
04Smk	Num.26.25	לִ/פְקֻדֵי/הֶ֑ם	l/6485 a	HR/Vqsmpc/Sp3mp
04xVw	Num.26.25	אַרְבָּעָ֧ה	702	HAcmsa
04b8w	Num.26.25	וְ/שִׁשִּׁ֛ים	c/8346	HC/Acbpa
044fw	Num.26.25	אֶ֖לֶף	505	HAcbsa
04Q5r	Num.26.25	וּ/שְׁלֹ֥שׁ	c/7969	HC/Acfsa
04fR5	Num.26.25	מֵאֽוֹת	3967	HAcbpa
04cJn	Num.26.26	בְּנֵ֣י	1121 a	HNcmpc
04Jgv	Num.26.26	זְבוּלֻן֮	2074	HNp
04JLY	Num.26.26	לְ/מִשְׁפְּחֹתָ/ם֒	l/4940	HR/Ncfpc/Sp3mp
04q52	Num.26.26	לְ/סֶ֗רֶד	l/5624	HR/Np
04KmV	Num.26.26	מִשְׁפַּ֨חַת֙	4940	HNcfsc
04zSj	Num.26.26	הַ/סַּרְדִּ֔י	d/5625	HTd/Ngmsa
04qkb	Num.26.26	לְ/אֵל֕וֹן	l/356	HR/Np
04iBK	Num.26.26	מִשְׁפַּ֖חַת	4940	HNcfsc
04fr8	Num.26.26	הָ/אֵלֹנִ֑י	d/440	HTd/Ngmsa
04fXL	Num.26.26	לְ/יַ֨חְלְאֵ֔ל	l/3177	HR/Np
04mcQ	Num.26.26	מִשְׁפַּ֖חַת	4940	HNcfsc
04mTu	Num.26.26	הַ/יַּחְלְאֵלִֽי	d/3178	HTd/Ngmsa
04rCU	Num.26.27	אֵ֛לֶּה	428	HPdxcp
04GBo	Num.26.27	מִשְׁפְּחֹ֥ת	4940	HNcfpc
04eGq	Num.26.27	הַ/זְּבוּלֹנִ֖י	d/2075	HTd/Ngmsa
04Wfq	Num.26.27	לִ/פְקֻדֵי/הֶ֑ם	l/6485 a	HR/Vqsmpc/Sp3mp
04dJF	Num.26.27	שִׁשִּׁ֥ים	8346	HAcbpa
045hw	Num.26.27	אֶ֖לֶף	505	HAcbsa
048PJ	Num.26.27	וַ/חֲמֵ֥שׁ	c/2568	HC/Acfsa
04HKL	Num.26.27	מֵאֽוֹת	3967	HAcbpa
04NPw	Num.26.28	בְּנֵ֥י	1121 a	HNcmpc
045yE	Num.26.28	יוֹסֵ֖ף	3130	HNp
04woe	Num.26.28	לְ/מִשְׁפְּחֹתָ֑/ם	l/4940	HR/Ncfpc/Sp3mp
04A5D	Num.26.28	מְנַשֶּׁ֖ה	4519	HNp
04yLN	Num.26.28	וְ/אֶפְרָֽיִם	c/669	HC/Np
04VNd	Num.26.29	בְּנֵ֣י	1121 a	HNcmpc
04sCy	Num.26.29	מְנַשֶּׁ֗ה	4519	HNp
04zMA	Num.26.29	לְ/מָכִיר֙	l/4353	HR/Np
04JkC	Num.26.29	מִשְׁפַּ֣חַת	4940	HNcfsc
04oFg	Num.26.29	הַ/מָּכִירִ֔י	d/4354	HTd/Ngmsa
04YFY	Num.26.29	וּ/מָכִ֖יר	c/4353	HC/Np
04rmc	Num.26.29	הוֹלִ֣יד	3205	HVhp3ms
04nx9	Num.26.29	אֶת	853	HTo
04hDq	Num.26.29	גִּלְעָ֑ד	1568	HNp
045sa	Num.26.29	לְ/גִלְעָ֕ד	l/1568	HR/Np
04XfJ	Num.26.29	מִשְׁפַּ֖חַת	4940	HNcfsc
04Vtx	Num.26.29	הַ/גִּלְעָדִֽי	d/1569	HTd/Ngmsa
04EZc	Num.26.30	אֵ֚לֶּה	428	HPdxcp
04X68	Num.26.30	בְּנֵ֣י	1121 a	HNcmpc
04b7J	Num.26.30	גִלְעָ֔ד	1568	HNp
048ii	Num.26.30	אִיעֶ֕זֶר	372	HNp
04WYG	Num.26.30	מִשְׁפַּ֖חַת	4940	HNcfsc
043FB	Num.26.30	הָ/אִֽיעֶזְרִ֑י	d/373	HTd/Ngmsa
04nqa	Num.26.30	לְ/חֵ֕לֶק	l/2507	HR/Np
04MbE	Num.26.30	מִשְׁפַּ֖חַת	4940	HNcfsc
04j4K	Num.26.30	הַֽ/חֶלְקִֽי	d/2516	HTd/Ngmsa
04sQH	Num.26.31	וְ/אַ֨שְׂרִיאֵ֔ל	c/844	HC/Np
04FMR	Num.26.31	מִשְׁפַּ֖חַת	4940	HNcfsc
04oST	Num.26.31	הָֽ/אַשְׂרִֽאֵלִ֑י	d/845	HTd/Ngmsa
04FS3	Num.26.31	וְ/שֶׁ֕כֶם	c/7928	HC/Np
04oHM	Num.26.31	מִשְׁפַּ֖חַת	4940	HNcfsc
04Fz7	Num.26.31	הַ/שִּׁכְמִֽי	d/7930	HTd/Ngmsa
04MNm	Num.26.32	וּ/שְׁמִידָ֕ע	c/8061	HC/Np
045qX	Num.26.32	מִשְׁפַּ֖חַת	4940	HNcfsc
04zFj	Num.26.32	הַ/שְּׁמִידָעִ֑י	d/8062	HTd/Ngmsa
04JGy	Num.26.32	וְ/חֵ֕פֶר	c/2660 a	HC/Np
04Bbt	Num.26.32	מִשְׁפַּ֖חַת	4940	HNcfsc
04Cqk	Num.26.32	הַֽ/חֶפְרִֽי	d/2662	HTd/Ngmsa
04Mu8	Num.26.33	וּ/צְלָפְחָ֣ד	c/6765	HC/Np
04kJu	Num.26.33	בֶּן	1121 a	HNcmsc
043VV	Num.26.33	חֵ֗פֶר	2660 a	HNp
04yH2	Num.26.33	לֹא	3808	HTn
04xfs	Num.26.33	הָ֥יוּ	1961	HVqp3cp
04TB9	Num.26.33	ל֛/וֹ	l	HR/Sp3ms
04iDc	Num.26.33	בָּנִ֖ים	1121 a	HNcmpa
04rFV	Num.26.33	כִּ֣י	3588 b	HC
04CXE	Num.26.33	אִם	518 b	HC
04F4V	Num.26.33	בָּנ֑וֹת	1323	HNcfpa
04SnB	Num.26.33	וְ/שֵׁם֙	c/8034	HC/Ncmsc
04oJi	Num.26.33	בְּנ֣וֹת	1323	HNcfpc
04UDf	Num.26.33	צְלָפְחָ֔ד	6765	HNp
04UT7	Num.26.33	מַחְלָ֣ה	4244	HNp
04UDV	Num.26.33	וְ/נֹעָ֔ה	c/5270	HC/Np
04q6B	Num.26.33	חָגְלָ֥ה	2295	HNp
047HP	Num.26.33	מִלְכָּ֖ה	4435	HNp
04e3Z	Num.26.33	וְ/תִרְצָֽה	c/8656	HC/Np
04YGM	Num.26.34	אֵ֖לֶּה	428	HPdxcp
043K7	Num.26.34	מִשְׁפְּחֹ֣ת	4940	HNcfpc
04oMc	Num.26.34	מְנַשֶּׁ֑ה	4519	HNp
047Dh	Num.26.34	וּ/פְקֻ֣דֵי/הֶ֔ם	c/6485 a	HC/Vqsmpc/Sp3mp
04fbz	Num.26.34	שְׁנַ֧יִם	8147	HAcmda
04taF	Num.26.34	וַ/חֲמִשִּׁ֛ים	c/2572	HC/Acbpa
04agf	Num.26.34	אֶ֖לֶף	505	HAcbsa
04asz	Num.26.34	וּ/שְׁבַ֥ע	c/7651	HC/Acfsa
04FT9	Num.26.34	מֵאֽוֹת	3967	HAcbpa
04Ajr	Num.26.35	אֵ֣לֶּה	428	HPdxcp
04F41	Num.26.35	בְנֵי	1121 a	HNcmpc
04cHK	Num.26.35	אֶפְרַיִם֮	669	HNp
04grS	Num.26.35	לְ/מִשְׁפְּחֹתָ/ם֒	l/4940	HR/Ncfpc/Sp3mp
04WmE	Num.26.35	לְ/שׁוּתֶ֗לַח	l/7803	HR/Np
04Vaw	Num.26.35	מִשְׁפַּ֨חַת֙	4940	HNcfsc
04rJk	Num.26.35	הַ/שֻּׁ֣תַלְחִ֔י	d/8364	HTd/Ngmsa
04sQu	Num.26.35	לְ/בֶ֕כֶר	l/1071	HR/Np
046BN	Num.26.35	מִשְׁפַּ֖חַת	4940	HNcfsc
04q5f	Num.26.35	הַ/בַּכְרִ֑י	d/1076	HTd/Ngmsa
04WjT	Num.26.35	לְ/תַ֕חַן	l/8465	HR/Np
04EJ4	Num.26.35	מִשְׁפַּ֖חַת	4940	HNcfsc
04rQk	Num.26.35	הַֽ/תַּחֲנִֽי	d/8470	HTd/Ngmsa
04Uia	Num.26.36	וְ/אֵ֖לֶּה	c/428	HC/Pdxcp
04a3z	Num.26.36	בְּנֵ֣י	1121 a	HNcmpc
04r2a	Num.26.36	שׁוּתָ֑לַח	7803	HNp
04cS2	Num.26.36	לְ/עֵרָ֕ן	l/6197	HR/Np
042UF	Num.26.36	מִשְׁפַּ֖חַת	4940	HNcfsc
04eVH	Num.26.36	הָ/עֵרָנִֽי	d/6198	HTd/Ngmsa
04gdC	Num.26.37	אֵ֣לֶּה	428	HPdxcp
04Lmc	Num.26.37	מִשְׁפְּחֹ֤ת	4940	HNcfpc
04kwR	Num.26.37	בְּנֵי	1121 a	HNcmpc
04SY7	Num.26.37	אֶפְרַ֨יִם֙	669	HNp
04CQq	Num.26.37	לִ/פְקֻ֣דֵי/הֶ֔ם	l/6485 a	HR/Vqsmpc/Sp3mp
04Aca	Num.26.37	שְׁנַ֧יִם	8147	HAcmda
04GfN	Num.26.37	וּ/שְׁלֹשִׁ֛ים	c/7970	HC/Acbpa
04iQ1	Num.26.37	אֶ֖לֶף	505	HAcbsa
04GfH	Num.26.37	וַ/חֲמֵ֣שׁ	c/2568	HC/Acfsa
04Lkk	Num.26.37	מֵא֑וֹת	3967	HAcbpa
04tUT	Num.26.37	אֵ֥לֶּה	428	HPdxcp
0466F	Num.26.37	בְנֵי	1121 a	HNcmpc
04izu	Num.26.37	יוֹסֵ֖ף	3130	HNp
043d8	Num.26.37	לְ/מִשְׁפְּחֹתָֽ/ם	l/4940	HR/Ncfpc/Sp3mp
04zsu	Num.26.38	בְּנֵ֣י	1121 a	HNcmpc
046wr	Num.26.38	בִנְיָמִן֮	1144	HNp
046sU	Num.26.38	לְ/מִשְׁפְּחֹתָ/ם֒	l/4940	HR/Ncfpc/Sp3mp
04DrQ	Num.26.38	לְ/בֶ֗לַע	l/1106 a	HR/Np
04ndU	Num.26.38	מִשְׁפַּ֨חַת֙	4940	HNcfsc
04D7Y	Num.26.38	הַ/בַּלְעִ֔י	d/1108	HTd/Ngmsa
04M8q	Num.26.38	לְ/אַשְׁבֵּ֕ל	l/788	HR/Np
04mZR	Num.26.38	מִשְׁפַּ֖חַת	4940	HNcfsc
04Jun	Num.26.38	הָֽ/אַשְׁבֵּלִ֑י	d/789	HTd/Ngmsa
04z7m	Num.26.38	לַ/אֲחִירָ֕ם	l/297	HR/Np
04Ppi	Num.26.38	מִשְׁפַּ֖חַת	4940	HNcfsc
04yF3	Num.26.38	הָ/אֲחִירָמִֽי	d/298	HTd/Ngmsa
04q7b	Num.26.39	לִ/שְׁפוּפָ֕ם	l/8197 a	HR/Np
04owm	Num.26.39	מִשְׁפַּ֖חַת	4940	HNcfsc
04JYv	Num.26.39	הַ/שּׁוּפָמִ֑י	d/7781	HTd/Ngmsa
04aZR	Num.26.39	לְ/חוּפָ֕ם	l/2349	HR/Np
04xTd	Num.26.39	מִשְׁפַּ֖חַת	4940	HNcfsc
04b5v	Num.26.39	הַ/חוּפָמִֽי	d/2350	HTd/Ngmsa
04d7c	Num.26.40	וַ/יִּהְי֥וּ	c/1961	HC/Vqw3mp
04rju	Num.26.40	בְנֵי	1121 a	HNcmpc
04Cvg	Num.26.40	בֶ֖לַע	1106 a	HNp
049pa	Num.26.40	אַ֣רְדְּ	714	HNp
04CUn	Num.26.40	וְ/נַעֲמָ֑ן	c/5283	HC/Np
041uG	Num.26.40	מִשְׁפַּ֨חַת֙	4940	HNcfsc
04nWR	Num.26.40	הָֽ/אַרְדִּ֔י	d/716	HTd/Ngmsa
04WA2	Num.26.40	לְ/נַֽעֲמָ֔ן	l/5283	HR/Np
04tjr	Num.26.40	מִשְׁפַּ֖חַת	4940	HNcfsc
04udL	Num.26.40	הַֽ/נַּעֲמִֽי	d/5280	HTd/Ngmsa
04JZ1	Num.26.41	אֵ֥לֶּה	428	HPdxcp
04RgC	Num.26.41	בְנֵי	1121 a	HNcmpc
04YoY	Num.26.41	בִנְיָמִ֖ן	1144	HNp
0444W	Num.26.41	לְ/מִשְׁפְּחֹתָ֑/ם	l/4940	HR/Ncfpc/Sp3mp
04Yjc	Num.26.41	וּ/פְקֻ֣דֵי/הֶ֔ם	c/6485 a	HC/Vqsmpc/Sp3mp
04YjH	Num.26.41	חֲמִשָּׁ֧ה	2568	HAcmsa
04jvf	Num.26.41	וְ/אַרְבָּעִ֛ים	c/705	HC/Acbpa
04vTo	Num.26.41	אֶ֖לֶף	505	HAcbsa
04QBc	Num.26.41	וְ/שֵׁ֥שׁ	c/8337	HC/Acfsa
04q8j	Num.26.41	מֵאֽוֹת	3967	HAcbpa
04c5F	Num.26.42	אֵ֤לֶּה	428	HPdxcp
04SZx	Num.26.42	בְנֵי	1121 a	HNcmpc
04fqE	Num.26.42	דָן֙	1835	HNp
04TKJ	Num.26.42	לְ/מִשְׁפְּחֹתָ֔/ם	l/4940	HR/Ncfpc/Sp3mp
04HyN	Num.26.42	לְ/שׁוּחָ֕ם	l/7748	HR/Np
04aRD	Num.26.42	מִשְׁפַּ֖חַת	4940	HNcfsc
04Rht	Num.26.42	הַ/שּׁוּחָמִ֑י	d/7749	HTd/Ngmsa
04Qkk	Num.26.42	אֵ֛לֶּה	428	HPdxcp
04eDa	Num.26.42	מִשְׁפְּחֹ֥ת	4940	HNcfpc
04pwz	Num.26.42	דָּ֖ן	1835	HNp
048LL	Num.26.42	לְ/מִשְׁפְּחֹתָֽ/ם	l/4940	HR/Ncfpc/Sp3mp
04bnA	Num.26.43	כָּל	3605	HNcmsc
04sBT	Num.26.43	מִשְׁפְּחֹ֥ת	4940	HNcfpc
04Vtp	Num.26.43	הַ/שּׁוּחָמִ֖י	d/7749	HTd/Ngmsa
04a1F	Num.26.43	לִ/פְקֻדֵי/הֶ֑ם	l/6485 a	HR/Vqsmpc/Sp3mp
04wCL	Num.26.43	אַרְבָּעָ֧ה	702	HAcmsa
04QUD	Num.26.43	וְ/שִׁשִּׁ֛ים	c/8346	HC/Acbpa
04Gn2	Num.26.43	אֶ֖לֶף	505	HAcbsa
04sxE	Num.26.43	וְ/אַרְבַּ֥ע	c/702	HC/Acfsa
04veK	Num.26.43	מֵאֽוֹת	3967	HAcbpa
04XJ1	Num.26.44	בְּנֵ֣י	1121 a	HNcmpc
04tnd	Num.26.44	אָשֵׁר֮	836	HNp
042qd	Num.26.44	לְ/מִשְׁפְּחֹתָ/ם֒	l/4940	HR/Ncfpc/Sp3mp
04KfG	Num.26.44	לְ/יִמְנָ֗ה	l/3232	HR/Np
04bU5	Num.26.44	מִשְׁפַּ֨חַת֙	4940	HNcfsc
04dE1	Num.26.44	הַ/יִּמְנָ֔ה	d/3232	HTd/Np
042Tn	Num.26.44	לְ/יִשְׁוִ֕י	l/3440	HR/Np
049xc	Num.26.44	מִשְׁפַּ֖חַת	4940	HNcfsc
04AoS	Num.26.44	הַ/יִּשְׁוִ֑י	d/3441	HTd/Ngmsa
04BBD	Num.26.44	לִ/בְרִיעָ֕ה	l/1283	HR/Np
04oSD	Num.26.44	מִשְׁפַּ֖חַת	4940	HNcfsc
04ANC	Num.26.44	הַ/בְּרִיעִֽי	d/1284	HTd/Ngmsa
04yxK	Num.26.45	לִ/בְנֵ֣י	l/1121 a	HR/Ncmpc
04KXV	Num.26.45	בְרִיעָ֔ה	1283	HNp
04MHJ	Num.26.45	לְ/חֶ֕בֶר	l/2268	HR/Np
048v1	Num.26.45	מִשְׁפַּ֖חַת	4940	HNcfsc
04H6Y	Num.26.45	הַֽ/חֶבְרִ֑י	d/2277	HTd/Ngmsa
04pYJ	Num.26.45	לְ/מַ֨לְכִּיאֵ֔ל	l/4439	HR/Np
042Vc	Num.26.45	מִשְׁפַּ֖חַת	4940	HNcfsc
04sqH	Num.26.45	הַ/מַּלְכִּיאֵלִֽי	d/4440	HTd/Ngmsa
04aSb	Num.26.46	וְ/שֵׁ֥ם	c/8034	HC/Ncmsc
04MJu	Num.26.46	בַּת	1323	HNcfsc
041dC	Num.26.46	אָשֵׁ֖ר	836	HNp
04XYP	Num.26.46	שָֽׂרַח	8294	HNp
04xSg	Num.26.47	אֵ֛לֶּה	428	HPdxcp
04Mrn	Num.26.47	מִשְׁפְּחֹ֥ת	4940	HNcfpc
04xSL	Num.26.47	בְּנֵי	1121 a	HNcmpc
04AST	Num.26.47	אָשֵׁ֖ר	836	HNp
04jve	Num.26.47	לִ/פְקֻדֵי/הֶ֑ם	l/6485 a	HR/Vqsmpc/Sp3mp
04gc7	Num.26.47	שְׁלֹשָׁ֧ה	7969	HAcmsa
044AD	Num.26.47	וַ/חֲמִשִּׁ֛ים	c/2572	HC/Acbpa
04mPs	Num.26.47	אֶ֖לֶף	505	HAcbsa
04zrE	Num.26.47	וְ/אַרְבַּ֥ע	c/702	HC/Acfsa
04P4x	Num.26.47	מֵאֽוֹת	3967	HAcbpa
04KeG	Num.26.48	בְּנֵ֤י	1121 a	HNcmpc
0457j	Num.26.48	נַפְתָּלִי֙	5321	HNp
04q4X	Num.26.48	לְ/מִשְׁפְּחֹתָ֔/ם	l/4940	HR/Ncfpc/Sp3mp
04UZE	Num.26.48	לְ/יַ֨חְצְאֵ֔ל	l/3183	HR/Np
046Fp	Num.26.48	מִשְׁפַּ֖חַת	4940	HNcfsc
04R6H	Num.26.48	הַ/יַּחְצְאֵלִ֑י	d/3184	HTd/Ngmsa
04tz4	Num.26.48	לְ/גוּנִ֕י	l/1476	HR/Np
04tP9	Num.26.48	מִשְׁפַּ֖חַת	4940	HNcfsc
04zd8	Num.26.48	הַ/גּוּנִֽי	d/1477	HTd/Ngmsa
04evq	Num.26.49	לְ/יֵ֕צֶר	l/3337	HR/Np
04uQK	Num.26.49	מִשְׁפַּ֖חַת	4940	HNcfsc
04VmQ	Num.26.49	הַ/יִּצְרִ֑י	d/3340	HTd/Ngmsa
04N5m	Num.26.49	לְ/שִׁלֵּ֕ם	l/8006	HR/Np
045W8	Num.26.49	מִשְׁפַּ֖חַת	4940	HNcfsc
04cDA	Num.26.49	הַ/שִּׁלֵּמִֽי	d/8016	HTd/Ngmsa
04tm9	Num.26.50	אֵ֛לֶּה	428	HPdxcp
049Tb	Num.26.50	מִשְׁפְּחֹ֥ת	4940	HNcfpc
04nDP	Num.26.50	נַפְתָּלִ֖י	5321	HNp
045jz	Num.26.50	לְ/מִשְׁפְּחֹתָ֑/ם	l/4940	HR/Ncfpc/Sp3mp
04oTs	Num.26.50	וּ/פְקֻ֣דֵי/הֶ֔ם	c/6485 a	HC/Vqsmpc/Sp3mp
04c3Z	Num.26.50	חֲמִשָּׁ֧ה	2568	HAcmsa
04YN2	Num.26.50	וְ/אַרְבָּעִ֛ים	c/705	HC/Acbpa
04xEd	Num.26.50	אֶ֖לֶף	505	HAcbsa
04QmT	Num.26.50	וְ/אַרְבַּ֥ע	c/702	HC/Acfsa
046iT	Num.26.50	מֵאֽוֹת	3967	HAcbpa
04L7x	Num.26.51	אֵ֗לֶּה	428	HPdxcp
04W1c	Num.26.51	פְּקוּדֵי֙	6485 a	HVqsmpc
04EwZ	Num.26.51	בְּנֵ֣י	1121 a	HNcmpc
04wM3	Num.26.51	יִשְׂרָאֵ֔ל	3478	HNp
04dCp	Num.26.51	שֵׁשׁ	8337	HAcfsa
04ivg	Num.26.51	מֵא֥וֹת	3967	HAcbpa
04Y4F	Num.26.51	אֶ֖לֶף	505	HAcbsa
04ygV	Num.26.51	וָ/אָ֑לֶף	c/505	HC/Acbsa
04z4X	Num.26.51	שְׁבַ֥ע	7651	HAcfsa
04yN6	Num.26.51	מֵא֖וֹת	3967	HAcbpa
04i84	Num.26.51	וּ/שְׁלֹשִֽׁים	c/7970	HC/Acbpa
04V1L	Num.26.52	וַ/יְדַבֵּ֥ר	c/1696	HC/Vpw3ms
04Y5Z	Num.26.52	יְהוָ֖ה	3068	HNp
045LB	Num.26.52	אֶל	413	HR
043Vm	Num.26.52	מֹשֶׁ֥ה	4872	HNp
04P2g	Num.26.52	לֵּ/אמֹֽר	l/559	HR/Vqc
04Duv	Num.26.53	לָ/אֵ֗לֶּה	l/428	HR/Pdxcp
04fVc	Num.26.53	תֵּחָלֵ֥ק	2505 a	HVNi3fs
04tt5	Num.26.53	הָ/אָ֛רֶץ	d/776	HTd/Ncbsa
04Cjr	Num.26.53	בְּ/נַחֲלָ֖ה	b/5159	HR/Ncfsa
04Z8S	Num.26.53	בְּ/מִסְפַּ֥ר	b/4557	HR/Ncmsc
04zLQ	Num.26.53	שֵׁמֽוֹת	8034	HNcmpa
04Hmj	Num.26.54	לָ/רַ֗ב	l/7227 a	HRd/Aamsa
04hu2	Num.26.54	תַּרְבֶּה֙	7235 a	HVhi2ms
04AiB	Num.26.54	נַחֲלָת֔/וֹ	5159	HNcfsc/Sp3ms
04Fem	Num.26.54	וְ/לַ/מְעַ֕ט	c/l/4592	HC/Rd/Aamsa
04KBj	Num.26.54	תַּמְעִ֖יט	4591	HVhi2ms
04oaV	Num.26.54	נַחֲלָת֑/וֹ	5159	HNcfsc/Sp3ms
04erH	Num.26.54	אִ֚ישׁ	376	HNcmsa
04Ujr	Num.26.54	לְ/פִ֣י	l/6310	HR/Ncmsc
04ytK	Num.26.54	פְקֻדָ֔י/ו	6485 a	HVqsmpc/Sp3ms
04vaa	Num.26.54	יֻתַּ֖ן	5414	HVHi3ms
04J3v	Num.26.54	נַחֲלָתֽ/וֹ	5159	HNcfsc/Sp3ms
04A35	Num.26.55	אַךְ	389	HTa
04TzT	Num.26.55	בְּ/גוֹרָ֕ל	b/1486	HR/Ncmsa
04tgR	Num.26.55	יֵחָלֵ֖ק	2505 a	HVNi3ms
04KUc	Num.26.55	אֶת	853	HTo
04pwv	Num.26.55	הָ/אָ֑רֶץ	d/776	HTd/Ncbsa
04p6F	Num.26.55	לִ/שְׁמ֥וֹת	l/8034	HR/Ncmpc
04f4D	Num.26.55	מַטּוֹת	4294	HNcmpc
04BZQ	Num.26.55	אֲבֹתָ֖/ם	1	HNcmpc/Sp3mp
04wYZ	Num.26.55	יִנְחָֽלוּ	5157	HVqi3mp
044mV	Num.26.56	עַל	5921 a	HR
04gaZ	Num.26.56	פִּי֙	6310	HNcmsc
04c1d	Num.26.56	הַ/גּוֹרָ֔ל	d/1486	HTd/Ncmsa
04mKZ	Num.26.56	תֵּחָלֵ֖ק	2505 a	HVNi3fs
04iAd	Num.26.56	נַחֲלָת֑/וֹ	5159	HNcfsc/Sp3ms
04Txm	Num.26.56	בֵּ֥ין	996	HR
04Xgj	Num.26.56	רַ֖ב	7227 a	HAamsa
04ufW	Num.26.56	לִ/מְעָֽט	l/4592	HR/Aamsa
04s5d	Num.26.57	וְ/אֵ֨לֶּה	c/428	HC/Pdxcp
04j66	Num.26.57	פְקוּדֵ֣י	6485 a	HVqsmpc
04LMw	Num.26.57	הַ/לֵּוִי֮	d/3881	HTd/Ngmsa
0465r	Num.26.57	לְ/מִשְׁפְּחֹתָ/ם֒	l/4940	HR/Ncfpc/Sp3mp
048Ft	Num.26.57	לְ/גֵרְשׁ֗וֹן	l/1648	HR/Np
04CnH	Num.26.57	מִשְׁפַּ֨חַת֙	4940	HNcfsc
04XiN	Num.26.57	הַ/גֵּ֣רְשֻׁנִּ֔י	d/1649	HTd/Ngmsa
04aCj	Num.26.57	לִ/קְהָ֕ת	l/6955	HR/Np
04pnG	Num.26.57	מִשְׁפַּ֖חַת	4940	HNcfsc
04nS1	Num.26.57	הַ/קְּהָתִ֑י	d/6956	HTd/Ngmsa
04ZKF	Num.26.57	לִ/מְרָרִ֕י	l/4847	HR/Np
04vFE	Num.26.57	מִשְׁפַּ֖חַת	4940	HNcfsc
04znW	Num.26.57	הַ/מְּרָרִֽי	d/4848	HTd/Ngmsa
04SpV	Num.26.58	אֵ֣לֶּה	428	HPdxcp
04a57	Num.26.58	מִשְׁפְּחֹ֣ת	4940	HNcfpc
047eS	Num.26.58	לֵוִ֗י	3881	HNp
04oaX	Num.26.58	מִשְׁפַּ֨חַת	4940	HNcfsc
04bxJ	Num.26.58	הַ/לִּבְנִ֜י	d/3846	HTd/Ngmsa
04W4L	Num.26.58	מִשְׁפַּ֤חַת	4940	HNcfsc
04HnG	Num.26.58	הַֽ/חֶבְרֹנִי֙	d/2276	HTd/Ngmsa
04fQb	Num.26.58	מִשְׁפַּ֤חַת	4940	HNcfsc
04c5G	Num.26.58	הַ/מַּחְלִי֙	d/4250	HTd/Ngmsa
047Hc	Num.26.58	מִשְׁפַּ֣חַת	4940	HNcfsc
04zUt	Num.26.58	הַ/מּוּשִׁ֔י	d/4188	HTd/Ngmsa
047fp	Num.26.58	מִשְׁפַּ֖חַת	4940	HNcfsc
04mRt	Num.26.58	הַ/קָּרְחִ֑י	d/7145	HTd/Ngmsa
04mJe	Num.26.58	וּ/קְהָ֖ת	c/6955	HC/Np
04djy	Num.26.58	הוֹלִ֥ד	3205	HVhp3ms
04BDH	Num.26.58	אֶת	853	HTo
04E5y	Num.26.58	עַמְרָֽם	6019	HNp
0413M	Num.26.59	וְ/שֵׁ֣ם	c/8034	HC/Ncmsc
045aa	Num.26.59	אֵ֣שֶׁת	802	HNcfsc
04tyY	Num.26.59	עַמְרָ֗ם	6019	HNp
04pe8	Num.26.59	יוֹכֶ֨בֶד֙	3115	HNp
046gH	Num.26.59	בַּת	1323	HNcfsc
04FcE	Num.26.59	לֵוִ֔י	3878	HNp
04uLX	Num.26.59	אֲשֶׁ֨ר	834 a	HTr
04aAc	Num.26.59	יָלְדָ֥ה	3205	HVqp3fs
04EdD	Num.26.59	אֹתָ֛/הּ	853	HTo/Sp3fs
04umf	Num.26.59	לְ/לֵוִ֖י	l/3878	HR/Np
04H7M	Num.26.59	בְּ/מִצְרָ֑יִם	b/4714	HR/Np
04BQ6	Num.26.59	וַ/תֵּ֣לֶד	c/3205	HC/Vqw3fs
0449e	Num.26.59	לְ/עַמְרָ֗ם	l/6019	HR/Np
04eLz	Num.26.59	אֶֽת	853	HTo
04TTx	Num.26.59	אַהֲרֹן֙	175	HNp
041nU	Num.26.59	וְ/אֶת	c/853	HC/To
04TKa	Num.26.59	מֹשֶׁ֔ה	4872	HNp
04GpQ	Num.26.59	וְ/אֵ֖ת	c/853	HC/To
04iW1	Num.26.59	מִרְיָ֥ם	4813	HNp
045it	Num.26.59	אֲחֹתָֽ/ם	269	HNcfsc/Sp3mp
04uYs	Num.26.60	וַ/יִּוָּלֵ֣ד	c/3205	HC/VNw3ms
04iox	Num.26.60	לְ/אַהֲרֹ֔ן	l/175	HR/Np
04uf2	Num.26.60	אֶת	853	HTo
04LA6	Num.26.60	נָדָ֖ב	5070	HNp
04bXE	Num.26.60	וְ/אֶת	c/853	HC/To
04nr3	Num.26.60	אֲבִיה֑וּא	30	HNp
04rek	Num.26.60	אֶת	853	HTo
04jeS	Num.26.60	אֶלְעָזָ֖ר	499	HNp
048ff	Num.26.60	וְ/אֶת	c/853	HC/To
04Vsg	Num.26.60	אִיתָמָֽר	385	HNp
042JF	Num.26.61	וַ/יָּ֥מָת	c/4191	HC/Vqw3ms
04FEc	Num.26.61	נָדָ֖ב	5070	HNp
04rrg	Num.26.61	וַ/אֲבִיה֑וּא	c/30	HC/Np
04R26	Num.26.61	בְּ/הַקְרִיבָ֥/ם	b/7126	HR/Vhc/Sp3mp
04Tog	Num.26.61	אֵשׁ	784	HNcbsa
04gds	Num.26.61	זָרָ֖ה	2114 a	HAafsa
04PB9	Num.26.61	לִ/פְנֵ֥י	l/6440	HR/Ncbpc
0461Y	Num.26.61	יְהוָֽה	3068	HNp
04cGF	Num.26.62	וַ/יִּהְי֣וּ	c/1961	HC/Vqw3mp
04Yis	Num.26.62	פְקֻדֵי/הֶ֗ם	6485 a	HVqsmpc/Sp3mp
04Szh	Num.26.62	שְׁלֹשָׁ֤ה	7969	HAcmsa
04n5U	Num.26.62	וְ/עֶשְׂרִים֙	c/6242	HC/Acbpa
04azV	Num.26.62	אֶ֔לֶף	505	HAcbsa
0462s	Num.26.62	כָּל	3605	HNcmsc
04hY7	Num.26.62	זָכָ֖ר	2145	HAamsa
04k6Z	Num.26.62	מִ/בֶּן	m/1121 a	HR/Ncmsc
04Utm	Num.26.62	חֹ֣דֶשׁ	2320	HNcmsa
04SpF	Num.26.62	וָ/מָ֑עְלָ/ה	c/4605	HC/D/Sd
04NT2	Num.26.62	כִּ֣י	3588 a	HC
04Tj4	Num.26.62	לֹ֣א	3808	HTn
04Zyo	Num.26.62	הָתְפָּקְד֗וּ	6485 a	HVup3cp
04x1j	Num.26.62	בְּ/תוֹךְ֙	b/8432	HR/Ncmsc
04WiY	Num.26.62	בְּנֵ֣י	1121 a	HNcmpc
04XNU	Num.26.62	יִשְׂרָאֵ֔ל	3478	HNp
043de	Num.26.62	כִּ֠י	3588 a	HC
047Ei	Num.26.62	לֹא	3808	HTn
04C6x	Num.26.62	נִתַּ֤ן	5414	HVNp3ms
04p2N	Num.26.62	לָ/הֶם֙	l	HR/Sp3mp
04TFr	Num.26.62	נַחֲלָ֔ה	5159	HNcfsa
04AZR	Num.26.62	בְּ/ת֖וֹךְ	b/8432	HR/Ncmsc
04e5H	Num.26.62	בְּנֵ֥י	1121 a	HNcmpc
043Wt	Num.26.62	יִשְׂרָאֵֽל	3478	HNp
04dnd	Num.26.63	אֵ֚לֶּה	428	HPdxcp
04oJo	Num.26.63	פְּקוּדֵ֣י	6485 a	HVqsmpc
041DD	Num.26.63	מֹשֶׁ֔ה	4872	HNp
04Gnb	Num.26.63	וְ/אֶלְעָזָ֖ר	c/499	HC/Np
045Up	Num.26.63	הַ/כֹּהֵ֑ן	d/3548	HTd/Ncmsa
04Mko	Num.26.63	אֲשֶׁ֨ר	834 a	HTr
04Ggo	Num.26.63	פָּֽקְד֜וּ	6485 a	HVqp3cp
04uzJ	Num.26.63	אֶת	853	HTo
04LnS	Num.26.63	בְּנֵ֤י	1121 a	HNcmpc
04MKJ	Num.26.63	יִשְׂרָאֵל֙	3478	HNp
04Ycy	Num.26.63	בְּ/עַֽרְבֹ֣ת	b/6160	HR/Ncfpc
04nUn	Num.26.63	מוֹאָ֔ב	4124	HNp
04Bnc	Num.26.63	עַ֖ל	5921 a	HR
04nsA	Num.26.63	יַרְדֵּ֥ן	3383	HNp
04roM	Num.26.63	יְרֵחֽוֹ	3405	HNp
04Fb5	Num.26.64	וּ/בְ/אֵ֨לֶּה֙	c/b/428	HC/R/Pdxcp
048ft	Num.26.64	לֹא	3808	HTn
043c2	Num.26.64	הָ֣יָה	1961	HVqp3ms
04PDC	Num.26.64	אִ֔ישׁ	376	HNcmsa
04M7i	Num.26.64	מִ/פְּקוּדֵ֣י	m/6485 a	HR/Vqsmpc
04VDQ	Num.26.64	מֹשֶׁ֔ה	4872	HNp
04zZ1	Num.26.64	וְ/אַהֲרֹ֖ן	c/175	HC/Np
04AkK	Num.26.64	הַ/כֹּהֵ֑ן	d/3548	HTd/Ncmsa
04jHo	Num.26.64	אֲשֶׁ֥ר	834 a	HTr
04BoX	Num.26.64	פָּקְד֛וּ	6485 a	HVqp3cp
04vw5	Num.26.64	אֶת	853	HTo
04oGY	Num.26.64	בְּנֵ֥י	1121 a	HNcmpc
04iAz	Num.26.64	יִשְׂרָאֵ֖ל	3478	HNp
04VZU	Num.26.64	בְּ/מִדְבַּ֥ר	b/4057 b	HR/Ncmsc
04JDK	Num.26.64	סִינָֽי	5514	HNp
04yyd	Num.26.65	כִּֽי	3588 a	HC
04tif	Num.26.65	אָמַ֤ר	559	HVqp3ms
04w4Y	Num.26.65	יְהוָה֙	3068	HNp
04Xup	Num.26.65	לָ/הֶ֔ם	l	HR/Sp3mp
042UZ	Num.26.65	מ֥וֹת	4191	HVqa
04hez	Num.26.65	יָמֻ֖תוּ	4191	HVqi3mp
04LnE	Num.26.65	בַּ/מִּדְבָּ֑ר	b/4057 b	HRd/Ncmsa
046ZN	Num.26.65	וְ/לֹא	c/3808	HC/Tn
048VB	Num.26.65	נוֹתַ֤ר	3498	HVNp3ms
04JA5	Num.26.65	מֵ/הֶם֙	m	HR/Sp3mp
0499i	Num.26.65	אִ֔ישׁ	376	HNcmsa
04D2P	Num.26.65	כִּ֚י	3588 b	HC
047P5	Num.26.65	אִם	518 b	HC
046am	Num.26.65	כָּלֵ֣ב	3612	HNp
04gjg	Num.26.65	בֶּן	1121 a	HNcmsc
04VPM	Num.26.65	יְפֻנֶּ֔ה	3312	HNp
04BcX	Num.26.65	וִ/יהוֹשֻׁ֖עַ	c/3091	HC/Np
04Hnb	Num.26.65	בִּן	1121 a	HNcmsc
046mL	Num.26.65	נֽוּן	5126	HNp
04WUT	Num.27.1	וַ/תִּקְרַ֜בְנָה	c/7126	HC/Vqw3fp
04BGz	Num.27.1	בְּנ֣וֹת	1323	HNcfpc
04WYZ	Num.27.1	צְלָפְחָ֗ד	6765	HNp
04zQP	Num.27.1	בֶּן	1121 a	HNcmsc
04FH2	Num.27.1	חֵ֤פֶר	2660 a	HNp
04pBT	Num.27.1	בֶּן	1121 a	HNcmsc
04tuS	Num.27.1	גִּלְעָד֙	1568	HNp
04YpS	Num.27.1	בֶּן	1121 a	HNcmsc
045wt	Num.27.1	מָכִ֣יר	4353	HNp
04wee	Num.27.1	בֶּן	1121 a	HNcmsc
04TLG	Num.27.1	מְנַשֶּׁ֔ה	4519	HNp
041Tm	Num.27.1	לְ/מִשְׁפְּחֹ֖ת	l/4940	HR/Ncfpc
046vW	Num.27.1	מְנַשֶּׁ֣ה	4519	HNp
04ZsD	Num.27.1	בֶן	1121 a	HNcmsc
04JYt	Num.27.1	יוֹסֵ֑ף	3130	HNp
04ivT	Num.27.1	וְ/אֵ֨לֶּה֙	c/428	HC/Pdxcp
04tkX	Num.27.1	שְׁמ֣וֹת	8034	HNcmpc
04cEe	Num.27.1	בְּנֹתָ֔י/ו	1323	HNcfpc/Sp3ms
04NyF	Num.27.1	מַחְלָ֣ה	4244	HNp
04Jn9	Num.27.1	נֹעָ֔ה	5270	HNp
04SDx	Num.27.1	וְ/חָגְלָ֥ה	c/2295	HC/Np
04xLk	Num.27.1	וּ/מִלְכָּ֖ה	c/4435	HC/Np
04VnY	Num.27.1	וְ/תִרְצָֽה	c/8656	HC/Np
04zxL	Num.27.2	וַֽ/תַּעֲמֹ֜דְנָה	c/5975	HC/Vqw3fp
04yh4	Num.27.2	לִ/פְנֵ֣י	l/6440	HR/Ncbpc
04dw2	Num.27.2	מֹשֶׁ֗ה	4872	HNp
04PjV	Num.27.2	וְ/לִ/פְנֵי֙	c/l/6440	HC/R/Ncbpc
04u6r	Num.27.2	אֶלְעָזָ֣ר	499	HNp
04Tua	Num.27.2	הַ/כֹּהֵ֔ן	d/3548	HTd/Ncmsa
04q4m	Num.27.2	וְ/לִ/פְנֵ֥י	c/l/6440	HC/R/Ncbpc
04RYp	Num.27.2	הַ/נְּשִׂיאִ֖ם	d/5387 a	HTd/Ncmpa
04Myk	Num.27.2	וְ/כָל	c/3605	HC/Ncmsc
04azP	Num.27.2	הָ/עֵדָ֑ה	d/5712	HTd/Ncfsa
04zrS	Num.27.2	פֶּ֥תַח	6607	HNcmsc
044iQ	Num.27.2	אֹֽהֶל	168	HNcmsc
04LkR	Num.27.2	מוֹעֵ֖ד	4150	HNcmsa
04m7t	Num.27.2	לֵ/אמֹֽר	l/559	HR/Vqc
04TWP	Num.27.3	אָבִי/נוּ֮	1	HNcmsc/Sp1cp
042Ny	Num.27.3	מֵ֣ת	4191	HVqp3ms
04MgK	Num.27.3	בַּ/מִּדְבָּר֒	b/4057 b	HRd/Ncmsa
04u89	Num.27.3	וְ/ה֨וּא	c/1931	HC/Pp3ms
04zS5	Num.27.3	לֹא	3808	HTn
04peW	Num.27.3	הָיָ֜ה	1961	HVqp3ms
04ks1	Num.27.3	בְּ/ת֣וֹךְ	b/8432	HR/Ncmsc
04HPH	Num.27.3	הָ/עֵדָ֗ה	d/5712	HTd/Ncfsa
04PwP	Num.27.3	הַ/נּוֹעָדִ֛ים	d/3259	HTd/VNrmpa
04w37	Num.27.3	עַל	5921 a	HR
04edk	Num.27.3	יְהוָ֖ה	3068	HNp
04LDv	Num.27.3	בַּ/עֲדַת	b/5712	HR/Ncfsc
043qJ	Num.27.3	קֹ֑רַח	7141	HNp
0488s	Num.27.3	כִּֽי	3588 a	HC
0494v	Num.27.3	בְ/חֶטְא֣/וֹ	b/2399	HR/Ncmsc/Sp3ms
04VFD	Num.27.3	מֵ֔ת	4191	HVqp3ms
0489K	Num.27.3	וּ/בָנִ֖ים	c/1121 a	HC/Ncmpa
048hv	Num.27.3	לֹא	3808	HTn
04pTK	Num.27.3	הָ֥יוּ	1961	HVqp3cp
04Rix	Num.27.3	לֽ/וֹ	l	HR/Sp3ms
04tax	Num.27.4	לָ֣/מָּה	l/4100	HR/Ti
04dYC	Num.27.4	יִגָּרַ֤ע	1639	HVNi3ms
04zug	Num.27.4	שֵׁם	8034	HNcmsc
04e5y	Num.27.4	אָבִ֨י/נוּ֙	1	HNcmsc/Sp1cp
04pKG	Num.27.4	מִ/תּ֣וֹךְ	m/8432	HR/Ncmsc
04NwQ	Num.27.4	מִשְׁפַּחְתּ֔/וֹ	4940	HNcfsc/Sp3ms
04AWa	Num.27.4	כִּ֛י	3588 a	HC
044gH	Num.27.4	אֵ֥ין	369	HTn
04MUW	Num.27.4	ל֖/וֹ	l	HR/Sp3ms
045Hc	Num.27.4	בֵּ֑ן	1121 a	HNcmsa
041fg	Num.27.4	תְּנָ/ה	5414	HVqv2ms/Sh
04dd8	Num.27.4	לָּ֣/נוּ	l	HR/Sp1cp
04oMS	Num.27.4	אֲחֻזָּ֔ה	272	HNcfsa
04h6p	Num.27.4	בְּ/ת֖וֹךְ	b/8432	HR/Ncmsc
04iaC	Num.27.4	אֲחֵ֥י	251	HNcmpc
04Tve	Num.27.4	אָבִֽי/נוּ	1	HNcmsc/Sp1cp
04XkU	Num.27.5	וַ/יַּקְרֵ֥ב	c/7126	HC/Vhw3ms
04ga6	Num.27.5	מֹשֶׁ֛ה	4872	HNp
041sG	Num.27.5	אֶת	853	HTo
04DbS	Num.27.5	מִשְׁפָּטָ֖/ן	4941	HNcmsc/Sp3fp
04EX3	Num.27.5	לִ/פְנֵ֥י	l/6440	HR/Ncbpc
04vV1	Num.27.5	יְהוָֽה	3068	HNp
04TgW	Num.27.6	וַ/יֹּ֥אמֶר	c/559	HC/Vqw3ms
04h45	Num.27.6	יְהוָ֖ה	3068	HNp
04fo7	Num.27.6	אֶל	413	HR
04jzD	Num.27.6	מֹשֶׁ֥ה	4872	HNp
04nC5	Num.27.6	לֵּ/אמֹֽר	l/559	HR/Vqc
04WeN	Num.27.7	כֵּ֗ן	3651 a	HTm
04av4	Num.27.7	בְּנ֣וֹת	1323	HNcfpc
04SvH	Num.27.7	צְלָפְחָד֮	6765	HNp
04o89	Num.27.7	דֹּבְרֹת֒	1696	HVqrfpa
04XZQ	Num.27.7	נָתֹ֨ן	5414	HVqa
04kv8	Num.27.7	תִּתֵּ֤ן	5414	HVqi2ms
04YBk	Num.27.7	לָ/הֶם֙	l	HR/Sp3mp
04TdR	Num.27.7	אֲחֻזַּ֣ת	272	HNcfsc
04oaY	Num.27.7	נַחֲלָ֔ה	5159	HNcfsa
04aBd	Num.27.7	בְּ/ת֖וֹךְ	b/8432	HR/Ncmsc
04Cc4	Num.27.7	אֲחֵ֣י	251	HNcmpc
04jcN	Num.27.7	אֲבִי/הֶ֑ם	1	HNcmsc/Sp3mp
04WLo	Num.27.7	וְ/הַֽעֲבַרְתָּ֛	c/5674 a	HC/Vhq2ms
048cp	Num.27.7	אֶת	853	HTo
04vj4	Num.27.7	נַחֲלַ֥ת	5159	HNcfsc
049hh	Num.27.7	אֲבִי/הֶ֖ן	1	HNcmsc/Sp3fp
04bCu	Num.27.7	לָ/הֶֽן	l	HR/Sp3fp
04276	Num.27.8	וְ/אֶל	c/413	HC/R
04vFH	Num.27.8	בְּנֵ֥י	1121 a	HNcmpc
04uyN	Num.27.8	יִשְׂרָאֵ֖ל	3478	HNp
04SAa	Num.27.8	תְּדַבֵּ֣ר	1696	HVpi2ms
04GYU	Num.27.8	לֵ/אמֹ֑ר	l/559	HR/Vqc
04Q9z	Num.27.8	אִ֣ישׁ	376	HNcmsa
046wc	Num.27.8	כִּֽי	3588 a	HC
044q8	Num.27.8	יָמ֗וּת	4191	HVqi3ms
04dBW	Num.27.8	וּ/בֵן֙	c/1121 a	HC/Ncmsa
04Qg7	Num.27.8	אֵ֣ין	369	HTn
04bvk	Num.27.8	ל֔/וֹ	l	HR/Sp3ms
04rRc	Num.27.8	וְ/הַֽעֲבַרְתֶּ֥ם	c/5674 a	HC/Vhq2mp
048RM	Num.27.8	אֶת	853	HTo
04Sp7	Num.27.8	נַחֲלָת֖/וֹ	5159	HNcfsc/Sp3ms
044mz	Num.27.8	לְ/בִתּֽ/וֹ	l/1323	HR/Ncfsc/Sp3ms
04vkS	Num.27.9	וְ/אִם	c/518 a	HC/C
04mZn	Num.27.9	אֵ֥ין	369	HTn
04yFP	Num.27.9	ל֖/וֹ	l	HR/Sp3ms
041RM	Num.27.9	בַּ֑ת	1323	HNcfsa
04yW8	Num.27.9	וּ/נְתַתֶּ֥ם	c/5414	HC/Vqq2mp
04fAj	Num.27.9	אֶת	853	HTo
043vF	Num.27.9	נַחֲלָת֖/וֹ	5159	HNcfsc/Sp3ms
04fGj	Num.27.9	לְ/אֶחָי/ו	l/251	HR/Ncmpc/Sp3ms
04sUu	Num.27.10	וְ/אִם	c/518 a	HC/C
04kfm	Num.27.10	אֵ֥ין	369	HTn
04Lt1	Num.27.10	ל֖/וֹ	l	HR/Sp3ms
04Jz7	Num.27.10	אַחִ֑ים	251	HNcmpa
04Kwe	Num.27.10	וּ/נְתַתֶּ֥ם	c/5414	HC/Vqq2mp
04w78	Num.27.10	אֶת	853	HTo
04dSD	Num.27.10	נַחֲלָת֖/וֹ	5159	HNcfsc/Sp3ms
042u5	Num.27.10	לַ/אֲחֵ֥י	l/251	HR/Ncmpc
04tLk	Num.27.10	אָבִֽי/ו	1	HNcmsc/Sp3ms
042aG	Num.27.11	וְ/אִם	c/518 a	HC/C
04wgJ	Num.27.11	אֵ֣ין	369	HTn
04Uik	Num.27.11	אַחִים֮	251	HNcmpa
04AHF	Num.27.11	לְ/אָבִי/ו֒	l/1	HR/Ncmsc/Sp3ms
04ffD	Num.27.11	וּ/נְתַתֶּ֣ם	c/5414	HC/Vqq2mp
04MV5	Num.27.11	אֶת	853	HTo
04efi	Num.27.11	נַחֲלָת֗/וֹ	5159	HNcfsc/Sp3ms
04dEn	Num.27.11	לִ/שְׁאֵר֞/וֹ	l/7607	HR/Ncmsc/Sp3ms
04RJR	Num.27.11	הַ/קָּרֹ֥ב	d/7138	HTd/Aamsa
04CSj	Num.27.11	אֵלָ֛י/ו	413	HR/Sp3ms
04Rer	Num.27.11	מִ/מִּשְׁפַּחְתּ֖/וֹ	m/4940	HR/Ncfsc/Sp3ms
04H3T	Num.27.11	וְ/יָרַ֣שׁ	c/3423	HC/Vqq3ms
04kfu	Num.27.11	אֹתָ֑/הּ	853	HTo/Sp3fs
04K5e	Num.27.11	וְֽ/הָ֨יְתָ֜ה	c/1961	HC/Vqq3fs
041jJ	Num.27.11	לִ/בְנֵ֤י	l/1121 a	HR/Ncmpc
04MQK	Num.27.11	יִשְׂרָאֵל֙	3478	HNp
04yd9	Num.27.11	לְ/חֻקַּ֣ת	l/2708	HR/Ncbsc
04G5H	Num.27.11	מִשְׁפָּ֔ט	4941	HNcmsa
04WCw	Num.27.11	כַּ/אֲשֶׁ֛ר	k/834 d	HR/Tr
04cXU	Num.27.11	צִוָּ֥ה	6680	HVpp3ms
04xF3	Num.27.11	יְהוָ֖ה	3068	HNp
04hSt	Num.27.11	אֶת	853	HTo
041k6	Num.27.11	מֹשֶֽׁה	4872	HNp
04gpE	Num.27.12	וַ/יֹּ֤אמֶר	c/559	HC/Vqw3ms
04Njg	Num.27.12	יְהוָה֙	3068	HNp
04KqF	Num.27.12	אֶל	413	HR
04Cth	Num.27.12	מֹשֶׁ֔ה	4872	HNp
04PE6	Num.27.12	עֲלֵ֛ה	5927	HVqv2ms
04kuL	Num.27.12	אֶל	413	HR
04a5e	Num.27.12	הַ֥ר	2022	HNcmsc
04fK8	Num.27.12	הָ/עֲבָרִ֖ים	d/5682	HTd/Np
04NLp	Num.27.12	הַ/זֶּ֑ה	d/2088	HTd/Pdxms
04dD3	Num.27.12	וּ/רְאֵה֙	c/7200	HC/Vqv2ms
04yys	Num.27.12	אֶת	853	HTo
04CW6	Num.27.12	הָ/אָ֔רֶץ	d/776	HTd/Ncbsa
04qkF	Num.27.12	אֲשֶׁ֥ר	834 a	HTr
04aTU	Num.27.12	נָתַ֖תִּי	5414	HVqp1cs
04R6q	Num.27.12	לִ/בְנֵ֥י	l/1121 a	HR/Ncmpc
04Zwe	Num.27.12	יִשְׂרָאֵֽל	3478	HNp
04z3S	Num.27.13	וְ/רָאִ֣יתָה	c/7200	HC/Vqq2ms
04dY7	Num.27.13	אֹתָ֔/הּ	853	HTo/Sp3fs
04KzT	Num.27.13	וְ/נֶאֱסַפְתָּ֥	c/622	HC/VNq2ms
04wc7	Num.27.13	אֶל	413	HR
04NsJ	Num.27.13	עַמֶּ֖י/ךָ	5971 b	HNcmpc/Sp2ms
04nob	Num.27.13	גַּם	1571	HTa
04TUK	Num.27.13	אָ֑תָּה	859 a	HPp2ms
04Xmz	Num.27.13	כַּ/אֲשֶׁ֥ר	k/834 d	HR/Tr
04nXY	Num.27.13	נֶאֱסַ֖ף	622	HVNp3ms
04YTe	Num.27.13	אַהֲרֹ֥ן	175	HNp
04Tf1	Num.27.13	אָחִֽי/ךָ	251	HNcmsc/Sp2ms
04a5y	Num.27.14	כַּ/אֲשֶׁר֩	k/834 d	HR/Tr
04yon	Num.27.14	מְרִיתֶ֨ם	4784	HVqp2mp
04DMd	Num.27.14	פִּ֜/י	6310	HNcmsc/Sp1cs
04qbq	Num.27.14	בְּ/מִדְבַּר	b/4057 b	HR/Ncmsc
04Vzu	Num.27.14	צִ֗ן	6790	HNp
04xVc	Num.27.14	בִּ/מְרִיבַת֙	b/4808	HR/Ncfsc
04Aiw	Num.27.14	הָֽ/עֵדָ֔ה	d/5712	HTd/Ncfsa
04p7J	Num.27.14	לְ/הַקְדִּישֵׁ֥/נִי	l/6942	HR/Vhc/Sp1cs
044Lf	Num.27.14	בַ/מַּ֖יִם	b/4325	HRd/Ncmpa
04HAL	Num.27.14	לְ/עֵינֵי/הֶ֑ם	l/5869 a	HR/Ncbdc/Sp3mp
04HfQ	Num.27.14	הֵ֛ם	1992	HPp3mp
04xzy	Num.27.14	מֵֽי	4325	HNcmpc
04LZM	Num.27.14	מְרִיבַ֥ת	4809	HNp
04ohM	Num.27.14	קָדֵ֖שׁ	6946	HNp
04P6u	Num.27.14	מִדְבַּר	4057 b	HNcmsc
04Rzb	Num.27.14	צִֽן	6790	HNp
046WD	Num.27.15	וַ/יְדַבֵּ֣ר	c/1696	HC/Vpw3ms
045XD	Num.27.15	מֹשֶׁ֔ה	4872	HNp
04p35	Num.27.15	אֶל	413	HR
04a2S	Num.27.15	יְהוָ֖ה	3068	HNp
04ZtH	Num.27.15	לֵ/אמֹֽר	l/559	HR/Vqc
04XmL	Num.27.16	יִפְקֹ֣ד	6485 a	HVqi3ms
04oak	Num.27.16	יְהוָ֔ה	3068	HNp
04kH9	Num.27.16	אֱלֹהֵ֥י	430	HNcmpc
04yBS	Num.27.16	הָ/רוּחֹ֖ת	d/7307	HTd/Ncbpa
04JfZ	Num.27.16	לְ/כָל	l/3605	HR/Ncmsc
04SuH	Num.27.16	בָּשָׂ֑ר	1320	HNcmsa
04syb	Num.27.16	אִ֖ישׁ	376	HNcmsa
04k5p	Num.27.16	עַל	5921 a	HR
04MPV	Num.27.16	הָ/עֵדָֽה	d/5712	HTd/Ncfsa
04Yuz	Num.27.17	אֲשֶׁר	834 a	HTr
04Qyj	Num.27.17	יֵצֵ֣א	3318	HVqi3ms
04ckY	Num.27.17	לִ/פְנֵי/הֶ֗ם	l/6440	HR/Ncbpc/Sp3mp
04VP4	Num.27.17	וַ/אֲשֶׁ֤ר	c/834 a	HC/Tr
04zye	Num.27.17	יָבֹא֙	935	HVqi3ms
04ksM	Num.27.17	לִ/פְנֵי/הֶ֔ם	l/6440	HR/Ncbpc/Sp3mp
04faJ	Num.27.17	וַ/אֲשֶׁ֥ר	c/834 a	HC/Tr
04HBJ	Num.27.17	יוֹצִיאֵ֖/ם	3318	HVhi3ms/Sp3mp
04tiC	Num.27.17	וַ/אֲשֶׁ֣ר	c/834 a	HC/Tr
043P7	Num.27.17	יְבִיאֵ֑/ם	935	HVhi3ms/Sp3mp
04ANV	Num.27.17	וְ/לֹ֤א	c/3808	HC/Tn
04ALK	Num.27.17	תִהְיֶה֙	1961	HVqi3fs
04NfA	Num.27.17	עֲדַ֣ת	5712	HNcfsc
04Y9r	Num.27.17	יְהוָ֔ה	3068	HNp
04GLX	Num.27.17	כַּ/צֹּ֕אן	k/6629	HRd/Ncbsa
04WzM	Num.27.17	אֲשֶׁ֥ר	834 a	HTr
04TYq	Num.27.17	אֵין	369	HTn
04oP4	Num.27.17	לָ/הֶ֖ם	l	HR/Sp3mp
04qMJ	Num.27.17	רֹעֶֽה	7462 b	HVqrmsa
04Tpp	Num.27.18	וַ/יֹּ֨אמֶר	c/559	HC/Vqw3ms
049zg	Num.27.18	יְהוָ֜ה	3068	HNp
04yJX	Num.27.18	אֶל	413	HR
04nwp	Num.27.18	מֹשֶׁ֗ה	4872	HNp
04eaA	Num.27.18	קַח	3947	HVqv2ms
04B3T	Num.27.18	לְ/ךָ֙	l	HR/Sp2ms
04WXq	Num.27.18	אֶת	853	HTo
04qVy	Num.27.18	יְהוֹשֻׁ֣עַ	3091	HNp
04X7q	Num.27.18	בִּן	1121 a	HNcmsc
04qui	Num.27.18	נ֔וּן	5126	HNp
04ubC	Num.27.18	אִ֖ישׁ	376	HNcmsa
04pa4	Num.27.18	אֲשֶׁר	834 a	HTr
04AQt	Num.27.18	ר֣וּחַ	7307	HNcbsa
04now	Num.27.18	בּ֑/וֹ	b	HR/Sp3ms
04FXk	Num.27.18	וְ/סָמַכְתָּ֥	c/5564	HC/Vqq2ms
04WLh	Num.27.18	אֶת	853	HTo
04dfo	Num.27.18	יָדְ/ךָ֖	3027	HNcbsc/Sp2ms
04rES	Num.27.18	עָלָֽי/ו	5921 a	HR/Sp3ms
04DAV	Num.27.19	וְ/הַֽעֲמַדְתָּ֣	c/5975	HC/Vhq2ms
04y1x	Num.27.19	אֹת֗/וֹ	853	HTo/Sp3ms
043Db	Num.27.19	לִ/פְנֵי֙	l/6440	HR/Ncbpc
04MVF	Num.27.19	אֶלְעָזָ֣ר	499	HNp
04Uj5	Num.27.19	הַ/כֹּהֵ֔ן	d/3548	HTd/Ncmsa
04qeu	Num.27.19	וְ/לִ/פְנֵ֖י	c/l/6440	HC/R/Ncbpc
04PAM	Num.27.19	כָּל	3605	HNcmsc
04cvo	Num.27.19	הָ/עֵדָ֑ה	d/5712	HTd/Ncfsa
04BzB	Num.27.19	וְ/צִוִּיתָ֥ה	c/6680	HC/Vpq2ms
04PwH	Num.27.19	אֹת֖/וֹ	853	HTo/Sp3ms
043qA	Num.27.19	לְ/עֵינֵי/הֶֽם	l/5869 a	HR/Ncbdc/Sp3mp
04J84	Num.27.20	וְ/נָתַתָּ֥ה	c/5414	HC/Vqq2ms
04oVs	Num.27.20	מֵ/הֽוֹדְ/ךָ֖	m/1935	HR/Ncmsc/Sp2ms
04ZDj	Num.27.20	עָלָ֑י/ו	5921 a	HR/Sp3ms
04kEE	Num.27.20	לְמַ֣עַן	4616	HR
04FcP	Num.27.20	יִשְׁמְע֔וּ	8085	HVqi3mp
04jgJ	Num.27.20	כָּל	3605	HNcmsc
0451g	Num.27.20	עֲדַ֖ת	5712	HNcfsc
04Nm1	Num.27.20	בְּנֵ֥י	1121 a	HNcmpc
04TWv	Num.27.20	יִשְׂרָאֵֽל	3478	HNp
04stM	Num.27.21	וְ/לִ/פְנֵ֨י	c/l/6440	HC/R/Ncbpc
04N4B	Num.27.21	אֶלְעָזָ֤ר	499	HNp
042Wa	Num.27.21	הַ/כֹּהֵן֙	d/3548	HTd/Ncmsa
048mM	Num.27.21	יַעֲמֹ֔ד	5975	HVqi3ms
04egy	Num.27.21	וְ/שָׁ֥אַל	c/7592	HC/Vqq3ms
04XYS	Num.27.21	ל֛/וֹ	l	HR/Sp3ms
04doK	Num.27.21	בְּ/מִשְׁפַּ֥ט	b/4941	HR/Ncmsc
04wo3	Num.27.21	הָ/אוּרִ֖ים	d/224	HTd/Ncmpa
04UQM	Num.27.21	לִ/פְנֵ֣י	l/6440	HR/Ncbpc
048qk	Num.27.21	יְהוָ֑ה	3068	HNp
04hAR	Num.27.21	עַל	5921 a	HR
04YFo	Num.27.21	פִּ֨י/ו	6310	HNcmsc/Sp3ms
047r6	Num.27.21	יֵצְא֜וּ	3318	HVqi3mp
04Umb	Num.27.21	וְ/עַל	c/5921 a	HC/R
04uuo	Num.27.21	פִּ֣י/ו	6310	HNcmsc/Sp3ms
04bDs	Num.27.21	יָבֹ֗אוּ	935	HVqi3mp
04Qen	Num.27.21	ה֛וּא	1931	HPp3ms
04Xe2	Num.27.21	וְ/כָל	c/3605	HC/Ncmsc
04kJs	Num.27.21	בְּנֵי	1121 a	HNcmpc
04P5j	Num.27.21	יִשְׂרָאֵ֥ל	3478	HNp
04ZTo	Num.27.21	אִתּ֖/וֹ	854	HR/Sp3ms
04Vmy	Num.27.21	וְ/כָל	c/3605	HC/Ncmsc
04zG3	Num.27.21	הָ/עֵדָֽה	d/5712	HTd/Ncfsa
04GBJ	Num.27.22	וַ/יַּ֣עַשׂ	c/6213 a	HC/Vqw3ms
04UGN	Num.27.22	מֹשֶׁ֔ה	4872	HNp
04pWa	Num.27.22	כַּ/אֲשֶׁ֛ר	k/834 d	HR/Tr
04psm	Num.27.22	צִוָּ֥ה	6680	HVpp3ms
04oGb	Num.27.22	יְהוָ֖ה	3068	HNp
047UP	Num.27.22	אֹת֑/וֹ	853	HTo/Sp3ms
04iKq	Num.27.22	וַ/יִּקַּ֣ח	c/3947	HC/Vqw3ms
041sn	Num.27.22	אֶת	853	HTo
04yfG	Num.27.22	יְהוֹשֻׁ֗עַ	3091	HNp
04Tfh	Num.27.22	וַ/יַּֽעֲמִדֵ֨/הוּ֙	c/5975	HC/Vhw3ms/Sp3ms
04AzH	Num.27.22	לִ/פְנֵי֙	l/6440	HR/Ncbpc
04JvB	Num.27.22	אֶלְעָזָ֣ר	499	HNp
04WTH	Num.27.22	הַ/כֹּהֵ֔ן	d/3548	HTd/Ncmsa
04LRw	Num.27.22	וְ/לִ/פְנֵ֖י	c/l/6440	HC/R/Ncbpc
04Z9W	Num.27.22	כָּל	3605	HNcmsc
044WA	Num.27.22	הָ/עֵדָֽה	d/5712	HTd/Ncfsa
04Xmm	Num.27.23	וַ/יִּסְמֹ֧ךְ	c/5564	HC/Vqw3ms
04P4w	Num.27.23	אֶת	853	HTo
04sLZ	Num.27.23	יָדָ֛י/ו	3027	HNcbdc/Sp3ms
04deJ	Num.27.23	עָלָ֖י/ו	5921 a	HR/Sp3ms
04d24	Num.27.23	וַ/יְצַוֵּ֑/הוּ	c/6680	HC/Vpw3ms/Sp3ms
04TPJ	Num.27.23	כַּ/אֲשֶׁ֛ר	k/834 d	HR/Tr
04Gjo	Num.27.23	דִּבֶּ֥ר	1696	HVpp3ms
04FrP	Num.27.23	יְהוָ֖ה	3068	HNp
049Jc	Num.27.23	בְּ/יַד	b/3027	HR/Ncbsc
04uCZ	Num.27.23	מֹשֶֽׁה	4872	HNp
04XAT	Num.28.1	וַ/יְדַבֵּ֥ר	c/1696	HC/Vpw3ms
041DF	Num.28.1	יְהוָ֖ה	3068	HNp
04Bh3	Num.28.1	אֶל	413	HR
04eTr	Num.28.1	מֹשֶׁ֥ה	4872	HNp
04ks2	Num.28.1	לֵּ/אמֹֽר	l/559	HR/Vqc
04uA4	Num.28.2	צַ֚ו	6680	HVpv2ms
04ShW	Num.28.2	אֶת	853	HTo
04k88	Num.28.2	בְּנֵ֣י	1121 a	HNcmpc
04PiS	Num.28.2	יִשְׂרָאֵ֔ל	3478	HNp
04xJN	Num.28.2	וְ/אָמַרְתָּ֖	c/559	HC/Vqq2ms
04Y2n	Num.28.2	אֲלֵ/הֶ֑ם	413	HR/Sp3mp
04Jmy	Num.28.2	אֶת	853	HTo
04GbY	Num.28.2	קָרְבָּנִ֨/י	7133 a	HNcmsc/Sp1cs
04Zwd	Num.28.2	לַחְמִ֜/י	3899	HNcbsc/Sp1cs
04FTW	Num.28.2	לְ/אִשַּׁ֗/י	l/801	HR/Ncmpc/Sp1cs
04WPw	Num.28.2	רֵ֚יחַ	7381	HNcmsc
04s8U	Num.28.2	נִֽיחֹחִ֔/י	5207	HNcmsc/Sp1cs
049jH	Num.28.2	תִּשְׁמְר֕וּ	8104	HVqi2mp
04ZJk	Num.28.2	לְ/הַקְרִ֥יב	l/7126	HR/Vhc
04aaq	Num.28.2	לִ֖/י	l	HR/Sp1cs
04D9J	Num.28.2	בְּ/מוֹעֲדֽ/וֹ	b/4150	HR/Ncmsc/Sp3ms
04At4	Num.28.3	וְ/אָמַרְתָּ֣	c/559	HC/Vqq2ms
04pFw	Num.28.3	לָ/הֶ֔ם	l	HR/Sp3mp
04pAn	Num.28.3	זֶ֚ה	2088	HPdxms
04V8L	Num.28.3	הָֽ/אִשֶּׁ֔ה	d/801	HTd/Ncmsa
04SFr	Num.28.3	אֲשֶׁ֥ר	834 a	HTr
04pAx	Num.28.3	תַּקְרִ֖יבוּ	7126	HVhi2mp
046L8	Num.28.3	לַ/יהוָ֑ה	l/3068	HR/Np
04EuB	Num.28.3	כְּבָשִׂ֨ים	3532	HNcmpa
04Eip	Num.28.3	בְּנֵֽי	1121 a	HNcmpc
04G8i	Num.28.3	שָׁנָ֧ה	8141	HNcfsa
04yLr	Num.28.3	תְמִימִ֛ם	8549	HAampa
04D3Q	Num.28.3	שְׁנַ֥יִם	8147	HAcmda
04gLX	Num.28.3	לַ/יּ֖וֹם	l/3117	HRd/Ncmsa
04Rmf	Num.28.3	עֹלָ֥ה	5930 a	HNcfsa
04tit	Num.28.3	תָמִֽיד	8548	HNcmsa
04hSB	Num.28.4	אֶת	853	HTo
04tFY	Num.28.4	הַ/כֶּ֥בֶשׂ	d/3532	HTd/Ncmsa
04Rr1	Num.28.4	אֶחָ֖ד	259	HAcmsa
04Hbx	Num.28.4	תַּעֲשֶׂ֣ה	6213 a	HVqi2ms
04etn	Num.28.4	בַ/בֹּ֑קֶר	b/1242	HRd/Ncmsa
04JAN	Num.28.4	וְ/אֵת֙	c/853	HC/To
04R6s	Num.28.4	הַ/כֶּ֣בֶשׂ	d/3532	HTd/Ncmsa
04Wy4	Num.28.4	הַ/שֵּׁנִ֔י	d/8145	HTd/Aomsa
04869	Num.28.4	תַּעֲשֶׂ֖ה	6213 a	HVqi2ms
04954	Num.28.4	בֵּ֥ין	996	HR
04wLC	Num.28.4	הָֽ/עַרְבָּֽיִם	d/6153	HTd/Ncmda
04ZBr	Num.28.5	וַ/עֲשִׂירִ֧ית	c/6224	HC/Aofsc
04zbk	Num.28.5	הָ/אֵיפָ֛ה	d/374	HTd/Ncfsa
04o1G	Num.28.5	סֹ֖לֶת	5560	HNcfsa
04DM7	Num.28.5	לְ/מִנְחָ֑ה	l/4503	HR/Ncfsa
04D7s	Num.28.5	בְּלוּלָ֛ה	1101 a	HVqsfsa
04exS	Num.28.5	בְּ/שֶׁ֥מֶן	b/8081	HR/Ncmsc
04xpZ	Num.28.5	כָּתִ֖ית	3795	HAamsa
04x95	Num.28.5	רְבִיעִ֥ת	7243	HAofsc
04qX6	Num.28.5	הַ/הִֽין	d/1969	HTd/Ncmsa
04eNN	Num.28.6	עֹלַ֖ת	5930 a	HNcfsc
04PWp	Num.28.6	תָּמִ֑יד	8548	HNcmsa
043LH	Num.28.6	הָ/עֲשֻׂיָה֙	d/6213 a	HTd/Vqsfsa
04ecq	Num.28.6	בְּ/הַ֣ר	b/2022	HR/Ncmsc
04hUd	Num.28.6	סִינַ֔י	5514	HNp
0452X	Num.28.6	לְ/רֵ֣יחַ	l/7381	HR/Ncmsc
047WR	Num.28.6	נִיחֹ֔חַ	5207	HNcmsa
049yL	Num.28.6	אִשֶּׁ֖ה	801	HNcmsa
04nZ2	Num.28.6	לַֽ/יהוָֽה	l/3068	HR/Np
04sk9	Num.28.7	וְ/נִסְכּ/וֹ֙	c/5262	HC/Ncmsc/Sp3ms
04FK9	Num.28.7	רְבִיעִ֣ת	7243	HAofsc
046dr	Num.28.7	הַ/הִ֔ין	d/1969	HTd/Ncmsa
04UCY	Num.28.7	לַ/כֶּ֖בֶשׂ	l/3532	HRd/Ncmsa
04fgw	Num.28.7	הָ/אֶחָ֑ד	d/259	HTd/Acmsa
04nVy	Num.28.7	בַּ/קֹּ֗דֶשׁ	b/6944	HRd/Ncmsa
04KPw	Num.28.7	הַסֵּ֛ךְ	5258 a	HVha
04pjN	Num.28.7	נֶ֥סֶךְ	5262	HNcmsc
04DLD	Num.28.7	שֵׁכָ֖ר	7941	HNcmsa
04Jf1	Num.28.7	לַ/יהוָֽה	l/3068	HR/Np
043YY	Num.28.8	וְ/אֵת֙	c/853	HC/To
045np	Num.28.8	הַ/כֶּ֣בֶשׂ	d/3532	HTd/Ncmsa
04kyD	Num.28.8	הַ/שֵּׁנִ֔י	d/8145	HTd/Aomsa
04cTB	Num.28.8	תַּעֲשֶׂ֖ה	6213 a	HVqi2ms
04xdg	Num.28.8	בֵּ֣ין	996	HR
04Rp3	Num.28.8	הָֽ/עַרְבָּ֑יִם	d/6153	HTd/Ncmda
04riy	Num.28.8	כְּ/מִנְחַ֨ת	k/4503	HR/Ncfsc
0465F	Num.28.8	הַ/בֹּ֤קֶר	d/1242	HTd/Ncmsa
04qmk	Num.28.8	וּ/כְ/נִסְכּ/וֹ֙	c/k/5262	HC/R/Ncmsc/Sp3ms
04YgE	Num.28.8	תַּעֲשֶׂ֔ה	6213 a	HVqi2ms
04Q1E	Num.28.8	אִשֵּׁ֛ה	801	HNcmsc
04Y3X	Num.28.8	רֵ֥יחַ	7381	HNcmsc
04nBU	Num.28.8	נִיחֹ֖חַ	5207	HNcmsa
04Ske	Num.28.8	לַ/יהוָֽה	l/3068	HR/Np
04QPL	Num.28.9	וּ/בְ/יוֹם֙	c/b/3117	HC/R/Ncmsc
04B38	Num.28.9	הַ/שַּׁבָּ֔ת	d/7676	HTd/Ncbsa
04x1b	Num.28.9	שְׁנֵֽי	8147	HAcmdc
04did	Num.28.9	כְבָשִׂ֥ים	3532	HNcmpa
04Deu	Num.28.9	בְּנֵֽי	1121 a	HNcmpc
04qP1	Num.28.9	שָׁנָ֖ה	8141	HNcfsa
04uJL	Num.28.9	תְּמִימִ֑ם	8549	HAampa
041or	Num.28.9	וּ/שְׁנֵ֣י	c/8147	HC/Acmdc
04G5Y	Num.28.9	עֶשְׂרֹנִ֗ים	6241	HNcmpa
04jjU	Num.28.9	סֹ֧לֶת	5560	HNcfsa
04Ky9	Num.28.9	מִנְחָ֛ה	4503	HNcfsa
04Put	Num.28.9	בְּלוּלָ֥ה	1101 a	HVqsfsa
04XUT	Num.28.9	בַ/שֶּׁ֖מֶן	b/8081	HRd/Ncmsa
04ZHS	Num.28.9	וְ/נִסְכּֽ/וֹ	c/5262	HC/Ncmsc/Sp3ms
04DWS	Num.28.10	עֹלַ֥ת	5930 a	HNcfsc
04Un6	Num.28.10	שַׁבַּ֖ת	7676	HNcbsc
04W9g	Num.28.10	בְּ/שַׁבַּתּ֑/וֹ	b/7676	HR/Ncbsc/Sp3ms
04v7u	Num.28.10	עַל	5921 a	HR
04SkA	Num.28.10	עֹלַ֥ת	5930 a	HNcfsc
04LWh	Num.28.10	הַ/תָּמִ֖יד	d/8548	HTd/Ncmsa
04VKZ	Num.28.10	וְ/נִסְכָּֽ/הּ	c/5262	HC/Ncmsc/Sp3fs
04ruf	Num.28.11	וּ/בְ/רָאשֵׁי֙	c/b/7218 a	HC/R/Ncmpc
04Am2	Num.28.11	חָדְשֵׁי/כֶ֔ם	2320	HNcmpc/Sp2mp
04Cnp	Num.28.11	תַּקְרִ֥יבוּ	7126	HVhi2mp
04X1b	Num.28.11	עֹלָ֖ה	5930 a	HNcfsa
04ALi	Num.28.11	לַ/יהוָ֑ה	l/3068	HR/Np
04Ssy	Num.28.11	פָּרִ֨ים	6499	HNcmpa
04DPE	Num.28.11	בְּנֵֽי	1121 a	HNcmpc
04zuZ	Num.28.11	בָקָ֤ר	1241	HNcbsa
04qAF	Num.28.11	שְׁנַ֨יִם֙	8147	HAcmda
04NmV	Num.28.11	וְ/אַ֣יִל	c/352 a	HC/Ncmsa
04ycd	Num.28.11	אֶחָ֔ד	259	HAcmsa
04ZJr	Num.28.11	כְּבָשִׂ֧ים	3532	HNcmpa
04Nuf	Num.28.11	בְּנֵי	1121 a	HNcmpc
04HA5	Num.28.11	שָׁנָ֛ה	8141	HNcfsa
04SBt	Num.28.11	שִׁבְעָ֖ה	7651	HAcmsa
044cJ	Num.28.11	תְּמִימִֽם	8549	HAampa
04mT3	Num.28.12	וּ/שְׁלֹשָׁ֣ה	c/7969	HC/Acmsa
04kgZ	Num.28.12	עֶשְׂרֹנִ֗ים	6241	HNcmpa
04TiG	Num.28.12	סֹ֤לֶת	5560	HNcfsa
04KCi	Num.28.12	מִנְחָה֙	4503	HNcfsa
04zQa	Num.28.12	בְּלוּלָ֣ה	1101 a	HVqsfsa
04avz	Num.28.12	בַ/שֶּׁ֔מֶן	b/8081	HRd/Ncmsa
04vVQ	Num.28.12	לַ/פָּ֖ר	l/6499	HRd/Ncmsa
04cwr	Num.28.12	הָ/אֶחָ֑ד	d/259	HTd/Acmsa
04mS4	Num.28.12	וּ/שְׁנֵ֣י	c/8147	HC/Acmdc
04eRj	Num.28.12	עֶשְׂרֹנִ֗ים	6241	HNcmpa
048XF	Num.28.12	סֹ֤לֶת	5560	HNcfsa
04RL4	Num.28.12	מִנְחָה֙	4503	HNcfsa
04G2B	Num.28.12	בְּלוּלָ֣ה	1101 a	HVqsfsa
04QpK	Num.28.12	בַ/שֶּׁ֔מֶן	b/8081	HRd/Ncmsa
04AxC	Num.28.12	לָ/אַ֖יִל	l/352 a	HRd/Ncmsa
049h6	Num.28.12	הָֽ/אֶחָֽד	d/259	HTd/Acmsa
04hXP	Num.28.13	וְ/עִשָּׂרֹ֣ן	c/6241	HC/Ncmsa
048qi	Num.28.13	עִשָּׂר֗וֹן	6241	HNcmsc
04Kqz	Num.28.13	סֹ֤לֶת	5560	HNcfsa
04ggm	Num.28.13	מִנְחָה֙	4503	HNcfsa
04Qza	Num.28.13	בְּלוּלָ֣ה	1101 a	HVqsfsa
04krk	Num.28.13	בַ/שֶּׁ֔מֶן	b/8081	HRd/Ncmsa
04b4n	Num.28.13	לַ/כֶּ֖בֶשׂ	l/3532	HRd/Ncmsa
04Jia	Num.28.13	הָ/אֶחָ֑ד	d/259	HTd/Acmsa
04Y9M	Num.28.13	עֹלָה֙	5930 a	HNcfsa
04nLA	Num.28.13	רֵ֣יחַ	7381	HNcmsc
04jmt	Num.28.13	נִיחֹ֔חַ	5207	HNcmsa
04SEK	Num.28.13	אִשֶּׁ֖ה	801	HNcmsa
04X8E	Num.28.13	לַ/יהוָֽה	l/3068	HR/Np
04XV3	Num.28.14	וְ/נִסְכֵּי/הֶ֗ם	c/5262	HC/Ncmpc/Sp3mp
048FL	Num.28.14	חֲצִ֣י	2677	HNcmsc
04Rmg	Num.28.14	הַ/הִין֩	d/1969	HTd/Ncmsa
04TKu	Num.28.14	יִהְיֶ֨ה	1961	HVqi3ms
04d9C	Num.28.14	לַ/פָּ֜ר	l/6499	HRd/Ncmsa
047Ec	Num.28.14	וּ/שְׁלִישִׁ֧ת	c/7992	HC/Aofsc
04zGZ	Num.28.14	הַ/הִ֣ין	d/1969	HTd/Ncmsa
04KRo	Num.28.14	לָ/אַ֗יִל	l/352 a	HRd/Ncmsa
0471x	Num.28.14	וּ/רְבִיעִ֥ת	c/7243	HC/Aofsc
04Xvr	Num.28.14	הַ/הִ֛ין	d/1969	HTd/Ncmsa
04XjM	Num.28.14	לַ/כֶּ֖בֶשׂ	l/3532	HRd/Ncmsa
04xov	Num.28.14	יָ֑יִן	3196	HNcmsa
04aVX	Num.28.14	זֹ֣את	2063	HPdxfs
04MAP	Num.28.14	עֹלַ֥ת	5930 a	HNcfsc
044FL	Num.28.14	חֹ֨דֶשׁ֙	2320	HNcmsa
04ntc	Num.28.14	בְּ/חָדְשׁ֔/וֹ	b/2320	HR/Ncmsc/Sp3ms
04uwH	Num.28.14	לְ/חָדְשֵׁ֖י	l/2320	HR/Ncmpc
04ahq	Num.28.14	הַ/שָּׁנָֽה	d/8141	HTd/Ncfsa
04gn7	Num.28.15	וּ/שְׂעִ֨יר	c/8163 b	HC/Ncmsc
04qcT	Num.28.15	עִזִּ֥ים	5795	HNcfpa
04QmJ	Num.28.15	אֶחָ֛ד	259	HAcmsa
04j7A	Num.28.15	לְ/חַטָּ֖את	l/2403 b	HR/Ncfsa
04Lt5	Num.28.15	לַ/יהוָ֑ה	l/3068	HR/Np
04hXj	Num.28.15	עַל	5921 a	HR
04WnM	Num.28.15	עֹלַ֧ת	5930 a	HNcfsc
04TFN	Num.28.15	הַ/תָּמִ֛יד	d/8548	HTd/Ncmsa
04Zeq	Num.28.15	יֵעָשֶׂ֖ה	6213 a	HVNi3ms
04ov2	Num.28.15	וְ/נִסְכּֽ/וֹ	c/5262	HC/Ncmsc/Sp3ms
04f18	Num.28.16	וּ/בַ/חֹ֣דֶשׁ	c/b/2320	HC/Rd/Ncmsa
04NLh	Num.28.16	הָ/רִאשׁ֗וֹן	d/7223	HTd/Aomsa
04JWS	Num.28.16	בְּ/אַרְבָּעָ֥ה	b/702	HR/Acmsa
04Vdv	Num.28.16	עָשָׂ֛ר	6240	HAcmsa
04Fnw	Num.28.16	י֖וֹם	3117	HNcmsa
04N4r	Num.28.16	לַ/חֹ֑דֶשׁ	l/2320	HRd/Ncmsa
04Fov	Num.28.16	פֶּ֖סַח	6453	HNcmsa
041Bi	Num.28.16	לַ/יהוָֽה	l/3068	HR/Np
04vJ9	Num.28.17	וּ/בַ/חֲמִשָּׁ֨ה	c/b/2568	HC/Rd/Acfsa
047BK	Num.28.17	עָשָׂ֥ר	6240	HAcmsa
04VGu	Num.28.17	י֛וֹם	3117	HNcmsa
04GdN	Num.28.17	לַ/חֹ֥דֶשׁ	l/2320	HRd/Ncmsa
04V6G	Num.28.17	הַ/זֶּ֖ה	d/2088	HTd/Pdxms
04tuT	Num.28.17	חָ֑ג	2282	HNcmsa
04WDG	Num.28.17	שִׁבְעַ֣ת	7651	HAcmsc
04odV	Num.28.17	יָמִ֔ים	3117	HNcmpa
04HHT	Num.28.17	מַצּ֖וֹת	4682	HNcfpa
04eaU	Num.28.17	יֵאָכֵֽל	398	HVNi3ms
04kqM	Num.28.18	בַּ/יּ֥וֹם	b/3117	HRd/Ncmsa
04WxM	Num.28.18	הָ/רִאשׁ֖וֹן	d/7223	HTd/Aomsa
042LJ	Num.28.18	מִקְרָא	4744	HNcmsc
04Gis	Num.28.18	קֹ֑דֶשׁ	6944	HNcmsa
04K7N	Num.28.18	כָּל	3605	HNcmsc
047rd	Num.28.18	מְלֶ֥אכֶת	4399	HNcfsc
04CZf	Num.28.18	עֲבֹדָ֖ה	5656	HNcfsa
04wVM	Num.28.18	לֹ֥א	3808	HTn
04HVY	Num.28.18	תַעֲשֽׂוּ	6213 a	HVqi2mp
04mjC	Num.28.19	וְ/הִקְרַבְתֶּ֨ם	c/7126	HC/Vhq2mp
04ddu	Num.28.19	אִשֶּׁ֤ה	801	HNcmsa
04uji	Num.28.19	עֹלָה֙	5930 a	HNcfsa
04Vo7	Num.28.19	לַֽ/יהוָ֔ה	l/3068	HR/Np
042w6	Num.28.19	פָּרִ֧ים	6499	HNcmpa
04p6v	Num.28.19	בְּנֵי	1121 a	HNcmpc
04rpi	Num.28.19	בָקָ֛ר	1241	HNcbsa
04zrY	Num.28.19	שְׁנַ֖יִם	8147	HAcmda
04n67	Num.28.19	וְ/אַ֣יִל	c/352 a	HC/Ncmsa
04mZS	Num.28.19	אֶחָ֑ד	259	HAcmsa
04XwD	Num.28.19	וְ/שִׁבְעָ֤ה	c/7651	HC/Acmsa
04b4B	Num.28.19	כְבָשִׂים֙	3532	HNcmpa
0458u	Num.28.19	בְּנֵ֣י	1121 a	HNcmpc
046kN	Num.28.19	שָׁנָ֔ה	8141	HNcfsa
04hWa	Num.28.19	תְּמִימִ֖ם	8549	HAampa
04ASY	Num.28.19	יִהְי֥וּ	1961	HVqi3mp
04HYe	Num.28.19	לָ/כֶֽם	l	HR/Sp2mp
04zHS	Num.28.20	וּ/מִ֨נְחָתָ֔/ם	c/4503	HC/Ncfsc/Sp3mp
04REW	Num.28.20	סֹ֖לֶת	5560	HNcfsa
04DRB	Num.28.20	בְּלוּלָ֣ה	1101 a	HVqsfsa
04Y9x	Num.28.20	בַ/שָּׁ֑מֶן	b/8081	HRd/Ncmsa
04B5n	Num.28.20	שְׁלֹשָׁ֨ה	7969	HAcmsa
04c6c	Num.28.20	עֶשְׂרֹנִ֜ים	6241	HNcmpa
04VWb	Num.28.20	לַ/פָּ֗ר	l/6499	HRd/Ncmsa
04MA9	Num.28.20	וּ/שְׁנֵ֧י	c/8147	HC/Acmdc
04dcR	Num.28.20	עֶשְׂרֹנִ֛ים	6241	HNcmpa
04YrN	Num.28.20	לָ/אַ֖יִל	l/352 a	HRd/Ncmsa
043ra	Num.28.20	תַּעֲשֽׂוּ	6213 a	HVqi2mp
04NJV	Num.28.21	עִשָּׂר֤וֹן	6241	HNcmsa
04BGx	Num.28.21	עִשָּׂרוֹן֙	6241	HNcmsa
04eE3	Num.28.21	תַּעֲשֶׂ֔ה	6213 a	HVqi2ms
04cMP	Num.28.21	לַ/כֶּ֖בֶשׂ	l/3532	HRd/Ncmsa
04SDh	Num.28.21	הָ/אֶחָ֑ד	d/259	HTd/Acmsa
04nD7	Num.28.21	לְ/שִׁבְעַ֖ת	l/7651	HR/Acmsc
04Rk8	Num.28.21	הַ/כְּבָשִֽׂים	d/3532	HTd/Ncmpa
047bt	Num.28.22	וּ/שְׂעִ֥יר	c/8163 b	HC/Ncmsc
04REU	Num.28.22	חַטָּ֖את	2403 b	HNcfsa
047jo	Num.28.22	אֶחָ֑ד	259	HAcmsa
04tiQ	Num.28.22	לְ/כַפֵּ֖ר	l/3722 a	HR/Vpc
04VDp	Num.28.22	עֲלֵי/כֶֽם	5921 a	HR/Sp2mp
04uaG	Num.28.23	מִ/לְּ/בַד֙	m/l/905	HR/R/Ncmsc
04zh5	Num.28.23	עֹלַ֣ת	5930 a	HNcfsc
04iE8	Num.28.23	הַ/בֹּ֔קֶר	d/1242	HTd/Ncmsa
04kWs	Num.28.23	אֲשֶׁ֖ר	834 a	HTr
04JS2	Num.28.23	לְ/עֹלַ֣ת	l/5930 a	HR/Ncfsc
04UTq	Num.28.23	הַ/תָּמִ֑יד	d/8548	HTd/Ncmsa
04tpb	Num.28.23	תַּעֲשׂ֖וּ	6213 a	HVqi2mp
046i2	Num.28.23	אֶת	853	HTo
04vLw	Num.28.23	אֵֽלֶּה	428	HPdxcp
04XzD	Num.28.24	כָּ/אֵ֜לֶּה	k/428	HR/Pdxcp
04s5t	Num.28.24	תַּעֲשׂ֤וּ	6213 a	HVqi2mp
04U5X	Num.28.24	לַ/יּוֹם֙	l/3117	HRd/Ncmsa
042UN	Num.28.24	שִׁבְעַ֣ת	7651	HAcmsc
04Ss1	Num.28.24	יָמִ֔ים	3117	HNcmpa
04K7M	Num.28.24	לֶ֛חֶם	3899	HNcbsa
04HG8	Num.28.24	אִשֵּׁ֥ה	801	HNcmsc
04X6P	Num.28.24	רֵֽיחַ	7381	HNcmsc
04dvV	Num.28.24	נִיחֹ֖חַ	5207	HNcmsa
04HNV	Num.28.24	לַ/יהוָ֑ה	l/3068	HR/Np
04e6x	Num.28.24	עַל	5921 a	HR
04Chi	Num.28.24	עוֹלַ֧ת	5930 a	HNcfsc
04LJr	Num.28.24	הַ/תָּמִ֛יד	d/8548	HTd/Ncmsa
04gif	Num.28.24	יֵעָשֶׂ֖ה	6213 a	HVNi3ms
04Mzn	Num.28.24	וְ/נִסְכּֽ/וֹ	c/5262	HC/Ncmsc/Sp3ms
04pgt	Num.28.25	וּ/בַ/יּוֹם֙	c/b/3117	HC/Rd/Ncmsa
04T82	Num.28.25	הַ/שְּׁבִיעִ֔י	d/7637	HTd/Aomsa
04uKA	Num.28.25	מִקְרָא	4744	HNcmsc
042FH	Num.28.25	קֹ֖דֶשׁ	6944	HNcmsa
047D9	Num.28.25	יִהְיֶ֣ה	1961	HVqi3ms
04Xdq	Num.28.25	לָ/כֶ֑ם	l	HR/Sp2mp
04pNo	Num.28.25	כָּל	3605	HNcmsc
04H65	Num.28.25	מְלֶ֥אכֶת	4399	HNcfsc
04ubq	Num.28.25	עֲבֹדָ֖ה	5656	HNcfsa
04svn	Num.28.25	לֹ֥א	3808	HTn
04vHT	Num.28.25	תַעֲשֽׂוּ	6213 a	HVqi2mp
04E3a	Num.28.26	וּ/בְ/י֣וֹם	c/b/3117	HC/R/Ncmsc
04TTL	Num.28.26	הַ/בִּכּוּרִ֗ים	d/1061	HTd/Ncbpa
04xno	Num.28.26	בְּ/הַקְרִ֨יבְ/כֶ֜ם	b/7126	HR/Vhc/Sp2mp
04syT	Num.28.26	מִנְחָ֤ה	4503	HNcfsa
042wr	Num.28.26	חֲדָשָׁה֙	2319	HAafsa
04tjE	Num.28.26	לַֽ/יהוָ֔ה	l/3068	HR/Np
04in1	Num.28.26	בְּ/שָׁבֻעֹ֖תֵי/כֶ֑ם	b/7620	HR/Ncmpc/Sp2mp
04F2K	Num.28.26	מִֽקְרָא	4744	HNcmsc
04h7m	Num.28.26	קֹ֨דֶשׁ֙	6944	HNcmsa
04Pfv	Num.28.26	יִהְיֶ֣ה	1961	HVqi3ms
04UPh	Num.28.26	לָ/כֶ֔ם	l	HR/Sp2mp
04ypp	Num.28.26	כָּל	3605	HNcmsc
04FtE	Num.28.26	מְלֶ֥אכֶת	4399	HNcfsc
04PZQ	Num.28.26	עֲבֹדָ֖ה	5656	HNcfsa
04kWG	Num.28.26	לֹ֥א	3808	HTn
04z1W	Num.28.26	תַעֲשֽׂוּ	6213 a	HVqi2mp
04wSw	Num.28.27	וְ/הִקְרַבְתֶּ֨ם	c/7126	HC/Vhq2mp
04jar	Num.28.27	עוֹלָ֜ה	5930 a	HNcfsa
04Tpk	Num.28.27	לְ/רֵ֤יחַ	l/7381	HR/Ncmsc
04Gjq	Num.28.27	נִיחֹ֨חַ֙	5207	HNcmsa
04n8W	Num.28.27	לַֽ/יהוָ֔ה	l/3068	HR/Np
04mPd	Num.28.27	פָּרִ֧ים	6499	HNcmpa
04Vbd	Num.28.27	בְּנֵי	1121 a	HNcmpc
04H2d	Num.28.27	בָקָ֛ר	1241	HNcbsa
04eDw	Num.28.27	שְׁנַ֖יִם	8147	HAcmda
04ZxE	Num.28.27	אַ֣יִל	352 a	HNcmsa
04pw2	Num.28.27	אֶחָ֑ד	259	HAcmsa
04RS3	Num.28.27	שִׁבְעָ֥ה	7651	HAcmsa
04Tmq	Num.28.27	כְבָשִׂ֖ים	3532	HNcmpa
04Q96	Num.28.27	בְּנֵ֥י	1121 a	HNcmpc
041RT	Num.28.27	שָׁנָֽה	8141	HNcfsa
04Qjq	Num.28.28	וּ/מִנְחָתָ֔/ם	c/4503	HC/Ncfsc/Sp3mp
04e5C	Num.28.28	סֹ֖לֶת	5560	HNcfsa
04yGy	Num.28.28	בְּלוּלָ֣ה	1101 a	HVqsfsa
04X3s	Num.28.28	בַ/שָּׁ֑מֶן	b/8081	HRd/Ncmsa
04Yb4	Num.28.28	שְׁלֹשָׁ֤ה	7969	HAcmsa
045d4	Num.28.28	עֶשְׂרֹנִים֙	6241	HNcmpa
04rnk	Num.28.28	לַ/פָּ֣ר	l/6499	HRd/Ncmsa
04dLn	Num.28.28	הָֽ/אֶחָ֔ד	d/259	HTd/Acmsa
04xkR	Num.28.28	שְׁנֵי֙	8147	HAcmdc
04VmR	Num.28.28	עֶשְׂרֹנִ֔ים	6241	HNcmpa
04ZYc	Num.28.28	לָ/אַ֖יִל	l/352 a	HRd/Ncmsa
04hZA	Num.28.28	הָ/אֶחָֽד	d/259	HTd/Acmsa
045E4	Num.28.29	עִשָּׂרוֹן֙	6241	HNcmsa
04QFP	Num.28.29	עִשָּׂר֔וֹן	6241	HNcmsa
04mo6	Num.28.29	לַ/כֶּ֖בֶשׂ	l/3532	HRd/Ncmsa
04Atc	Num.28.29	הָ/אֶחָ֑ד	d/259	HTd/Acmsa
04Yx8	Num.28.29	לְ/שִׁבְעַ֖ת	l/7651	HR/Acmsc
04YwD	Num.28.29	הַ/כְּבָשִֽׂים	d/3532	HTd/Ncmpa
048Ut	Num.28.30	שְׂעִ֥יר	8163 b	HNcmsc
04DDd	Num.28.30	עִזִּ֖ים	5795	HNcfpa
04eWa	Num.28.30	אֶחָ֑ד	259	HAcmsa
04xvX	Num.28.30	לְ/כַפֵּ֖ר	l/3722 a	HR/Vpc
04tha	Num.28.30	עֲלֵי/כֶֽם	5921 a	HR/Sp2mp
04Kev	Num.28.31	מִ/לְּ/בַ֞ד	m/l/905	HR/R/Ncmsc
04Mt9	Num.28.31	עֹלַ֧ת	5930 a	HNcfsc
04FLn	Num.28.31	הַ/תָּמִ֛יד	d/8548	HTd/Ncmsa
04R5x	Num.28.31	וּ/מִנְחָת֖/וֹ	c/4503	HC/Ncfsc/Sp3ms
04VtK	Num.28.31	תַּעֲשׂ֑וּ	6213 a	HVqi2mp
04HRP	Num.28.31	תְּמִימִ֥ם	8549	HAampa
04LMD	Num.28.31	יִהְיוּ	1961	HVqi3mp
04YZ7	Num.28.31	לָ/כֶ֖ם	l	HR/Sp2mp
04AXz	Num.28.31	וְ/נִסְכֵּי/הֶֽם	c/5262	HC/Ncmpc/Sp3mp
041WN	Num.29.1	וּ/בַ/חֹ֨דֶשׁ	c/b/2320	HC/Rd/Ncmsa
0455B	Num.29.1	הַ/שְּׁבִיעִ֜י	d/7637	HTd/Aomsa
04grY	Num.29.1	בְּ/אֶחָ֣ד	b/259	HR/Acmsa
04Fa2	Num.29.1	לַ/חֹ֗דֶשׁ	l/2320	HRd/Ncmsa
047JT	Num.29.1	מִֽקְרָא	4744	HNcmsc
04b2W	Num.29.1	קֹ֨דֶשׁ֙	6944	HNcmsa
04BTb	Num.29.1	יִהְיֶ֣ה	1961	HVqi3ms
04y1s	Num.29.1	לָ/כֶ֔ם	l	HR/Sp2mp
04z4n	Num.29.1	כָּל	3605	HNcmsc
04Ghz	Num.29.1	מְלֶ֥אכֶת	4399	HNcfsc
0416f	Num.29.1	עֲבֹדָ֖ה	5656	HNcfsa
04WZu	Num.29.1	לֹ֣א	3808	HTn
04MRJ	Num.29.1	תַעֲשׂ֑וּ	6213 a	HVqi2mp
04M4n	Num.29.1	י֥וֹם	3117	HNcmsc
04wrP	Num.29.1	תְּרוּעָ֖ה	8643	HNcfsa
04PSB	Num.29.1	יִהְיֶ֥ה	1961	HVqi3ms
04BCU	Num.29.1	לָ/כֶֽם	l	HR/Sp2mp
04fgg	Num.29.2	וַ/עֲשִׂיתֶ֨ם	c/6213 a	HC/Vqq2mp
04jHR	Num.29.2	עֹלָ֜ה	5930 a	HNcfsa
04MxV	Num.29.2	לְ/רֵ֤יחַ	l/7381	HR/Ncmsc
04r5p	Num.29.2	נִיחֹ֨חַ֙	5207	HNcmsa
046bs	Num.29.2	לַֽ/יהוָ֔ה	l/3068	HR/Np
04sfG	Num.29.2	פַּ֧ר	6499	HNcmsa
04e64	Num.29.2	בֶּן	1121 a	HNcmsc
04LpV	Num.29.2	בָּקָ֛ר	1241	HNcbsa
04msx	Num.29.2	אֶחָ֖ד	259	HAcmsa
04Jes	Num.29.2	אַ֣יִל	352 a	HNcmsa
046nd	Num.29.2	אֶחָ֑ד	259	HAcmsa
04cnD	Num.29.2	כְּבָשִׂ֧ים	3532	HNcmpa
04ahD	Num.29.2	בְּנֵי	1121 a	HNcmpc
04ft3	Num.29.2	שָׁנָ֛ה	8141	HNcfsa
04KLj	Num.29.2	שִׁבְעָ֖ה	7651	HAcmsa
04n4b	Num.29.2	תְּמִימִֽם	8549	HAampa
04xH7	Num.29.3	וּ/מִנְחָתָ֔/ם	c/4503	HC/Ncfsc/Sp3mp
04EPe	Num.29.3	סֹ֖לֶת	5560	HNcfsa
043hk	Num.29.3	בְּלוּלָ֣ה	1101 a	HVqsfsa
04LjJ	Num.29.3	בַ/שָּׁ֑מֶן	b/8081	HRd/Ncmsa
04Cj8	Num.29.3	שְׁלֹשָׁ֤ה	7969	HAcmsa
0457s	Num.29.3	עֶשְׂרֹנִים֙	6241	HNcmpa
04Gep	Num.29.3	לַ/פָּ֔ר	l/6499	HRd/Ncmsa
04baG	Num.29.3	שְׁנֵ֥י	8147	HAcmdc
04MkC	Num.29.3	עֶשְׂרֹנִ֖ים	6241	HNcmpa
04vDP	Num.29.3	לָ/אָֽיִל	l/352 a	HRd/Ncmsa
04wBm	Num.29.4	וְ/עִשָּׂר֣וֹן	c/6241	HC/Ncmsa
04Dik	Num.29.4	אֶחָ֔ד	259	HAcmsa
04k92	Num.29.4	לַ/כֶּ֖בֶשׂ	l/3532	HRd/Ncmsa
04PfP	Num.29.4	הָ/אֶחָ֑ד	d/259	HTd/Acmsa
04GHF	Num.29.4	לְ/שִׁבְעַ֖ת	l/7651	HR/Acmsc
04Sj4	Num.29.4	הַ/כְּבָשִֽׂים	d/3532	HTd/Ncmpa
04wkc	Num.29.5	וּ/שְׂעִיר	c/8163 b	HC/Ncmsc
043Jn	Num.29.5	עִזִּ֥ים	5795	HNcfpa
043AH	Num.29.5	אֶחָ֖ד	259	HAcmsa
04FR3	Num.29.5	חַטָּ֑את	2403 b	HNcfsa
04NPs	Num.29.5	לְ/כַפֵּ֖ר	l/3722 a	HR/Vpc
043cR	Num.29.5	עֲלֵי/כֶֽם	5921 a	HR/Sp2mp
04Csb	Num.29.6	מִ/לְּ/בַד֩	m/l/905	HR/R/Ncmsc
04Zau	Num.29.6	עֹלַ֨ת	5930 a	HNcfsc
04RdP	Num.29.6	הַ/חֹ֜דֶשׁ	d/2320	HTd/Ncmsa
04HJr	Num.29.6	וּ/מִנְחָתָ֗/הּ	c/4503	HC/Ncfsc/Sp3fs
049na	Num.29.6	וְ/עֹלַ֤ת	c/5930 a	HC/Ncfsc
04ibP	Num.29.6	הַ/תָּמִיד֙	d/8548	HTd/Ncmsa
04cyX	Num.29.6	וּ/מִנְחָתָ֔/הּ	c/4503	HC/Ncfsc/Sp3fs
04WSJ	Num.29.6	וְ/נִסְכֵּי/הֶ֖ם	c/5262	HC/Ncmpc/Sp3mp
04Qs8	Num.29.6	כְּ/מִשְׁפָּטָ֑/ם	k/4941	HR/Ncmsc/Sp3mp
04NjR	Num.29.6	לְ/רֵ֣יחַ	l/7381	HR/Ncmsc
04cWL	Num.29.6	נִיחֹ֔חַ	5207	HNcmsa
04GgJ	Num.29.6	אִשֶּׁ֖ה	801	HNcmsa
04XkR	Num.29.6	לַ/יהוָֽה	l/3068	HR/Np
04Lqv	Num.29.7	וּ/בֶ/עָשׂוֹר֩	c/b/6218	HC/Rd/Ncmsa
041VT	Num.29.7	לַ/חֹ֨דֶשׁ	l/2320	HRd/Ncmsa
04SdA	Num.29.7	הַ/שְּׁבִיעִ֜י	d/7637	HTd/Aomsa
04AJf	Num.29.7	הַ/זֶּ֗ה	d/2088	HTd/Pdxms
04U2h	Num.29.7	מִֽקְרָא	4744	HNcmsc
04fv7	Num.29.7	קֹ֨דֶשׁ֙	6944	HNcmsa
04qfU	Num.29.7	יִהְיֶ֣ה	1961	HVqi3ms
04R6p	Num.29.7	לָ/כֶ֔ם	l	HR/Sp2mp
04PNe	Num.29.7	וְ/עִנִּיתֶ֖ם	c/6031 b	HC/Vpq2mp
04pmU	Num.29.7	אֶת	853	HTo
04FWU	Num.29.7	נַפְשֹׁתֵי/כֶ֑ם	5315	HNcbpc/Sp2mp
04gXX	Num.29.7	כָּל	3605	HNcmsc
04Xto	Num.29.7	מְלָאכָ֖ה	4399	HNcfsa
04KNX	Num.29.7	לֹ֥א	3808	HTn
04vai	Num.29.7	תַעֲשֽׂוּ	6213 a	HVqi2mp
04Pg3	Num.29.8	וְ/הִקְרַבְתֶּ֨ם	c/7126	HC/Vhq2mp
04faY	Num.29.8	עֹלָ֤ה	5930 a	HNcfsa
04hLj	Num.29.8	לַֽ/יהוָה֙	l/3068	HR/Np
04btt	Num.29.8	רֵ֣יחַ	7381	HNcmsc
04v9h	Num.29.8	נִיחֹ֔חַ	5207	HNcmsa
04Zfk	Num.29.8	פַּ֧ר	6499	HNcmsa
04y8f	Num.29.8	בֶּן	1121 a	HNcmsc
04tJE	Num.29.8	בָּקָ֛ר	1241	HNcbsa
04ja5	Num.29.8	אֶחָ֖ד	259	HAcmsa
04h2W	Num.29.8	אַ֣יִל	352 a	HNcmsa
04w3j	Num.29.8	אֶחָ֑ד	259	HAcmsa
04RG2	Num.29.8	כְּבָשִׂ֤ים	3532	HNcmpa
04Nkm	Num.29.8	בְּנֵֽי	1121 a	HNcmpc
042os	Num.29.8	שָׁנָה֙	8141	HNcfsa
046QN	Num.29.8	שִׁבְעָ֔ה	7651	HAcmsa
048D2	Num.29.8	תְּמִימִ֖ם	8549	HAampa
045oV	Num.29.8	יִהְי֥וּ	1961	HVqi3mp
04SDA	Num.29.8	לָ/כֶֽם	l	HR/Sp2mp
04EED	Num.29.9	וּ/מִנְחָתָ֔/ם	c/4503	HC/Ncfsc/Sp3mp
04GSW	Num.29.9	סֹ֖לֶת	5560	HNcfsa
048RP	Num.29.9	בְּלוּלָ֣ה	1101 a	HVqsfsa
04Qx7	Num.29.9	בַ/שָּׁ֑מֶן	b/8081	HRd/Ncmsa
046D7	Num.29.9	שְׁלֹשָׁ֤ה	7969	HAcmsa
04DQw	Num.29.9	עֶשְׂרֹנִים֙	6241	HNcmpa
04jH1	Num.29.9	לַ/פָּ֔ר	l/6499	HRd/Ncmsa
04vvc	Num.29.9	שְׁנֵי֙	8147	HAcmdc
04Rxi	Num.29.9	עֶשְׂרֹנִ֔ים	6241	HNcmpa
04kHL	Num.29.9	לָ/אַ֖יִל	l/352 a	HRd/Ncmsa
041Qh	Num.29.9	הָ/אֶחָֽד	d/259	HTd/Acmsa
04Kud	Num.29.10	עִשָּׂרוֹן֙	6241	HNcmsa
04cgf	Num.29.10	עִשָּׂר֔וֹן	6241	HNcmsa
04wyb	Num.29.10	לַ/כֶּ֖בֶשׂ	l/3532	HRd/Ncmsa
04UG7	Num.29.10	הָ/אֶחָ֑ד	d/259	HTd/Acmsa
04CJE	Num.29.10	לְ/שִׁבְעַ֖ת	l/7651	HR/Acmsc
04ZLF	Num.29.10	הַ/כְּבָשִֽׂים	d/3532	HTd/Ncmpa
047pp	Num.29.11	שְׂעִיר	8163 b	HNcmsc
04CSn	Num.29.11	עִזִּ֥ים	5795	HNcfpa
04hmZ	Num.29.11	אֶחָ֖ד	259	HAcmsa
04jUx	Num.29.11	חַטָּ֑את	2403 b	HNcfsa
04M49	Num.29.11	מִ/לְּ/בַ֞ד	m/l/905	HR/R/Ncmsc
04CnU	Num.29.11	חַטַּ֤את	2403 b	HNcfsc
041sW	Num.29.11	הַ/כִּפֻּרִים֙	d/3725	HTd/Ncmpa
04P6P	Num.29.11	וְ/עֹלַ֣ת	c/5930 a	HC/Ncfsc
04tto	Num.29.11	הַ/תָּמִ֔יד	d/8548	HTd/Ncmsa
04P4t	Num.29.11	וּ/מִנְחָתָ֖/הּ	c/4503	HC/Ncfsc/Sp3fs
04Hiu	Num.29.11	וְ/נִסְכֵּי/הֶֽם	c/5262	HC/Ncmpc/Sp3mp
04gfm	Num.29.12	וּ/בַ/חֲמִשָּׁה֩	c/b/2568	HC/Rd/Acfsa
04ua2	Num.29.12	עָשָׂ֨ר	6240	HAcmsa
04EBF	Num.29.12	י֜וֹם	3117	HNcmsa
04i7Z	Num.29.12	לַ/חֹ֣דֶשׁ	l/2320	HRd/Ncmsa
04kBL	Num.29.12	הַ/שְּׁבִיעִ֗י	d/7637	HTd/Aomsa
04ae2	Num.29.12	מִֽקְרָא	4744	HNcmsc
04HS2	Num.29.12	קֹ֨דֶשׁ֙	6944	HNcmsa
043gm	Num.29.12	יִהְיֶ֣ה	1961	HVqi3ms
04d9y	Num.29.12	לָ/כֶ֔ם	l	HR/Sp2mp
04dds	Num.29.12	כָּל	3605	HNcmsc
04Tnf	Num.29.12	מְלֶ֥אכֶת	4399	HNcfsc
048BF	Num.29.12	עֲבֹדָ֖ה	5656	HNcfsa
04Lv6	Num.29.12	לֹ֣א	3808	HTn
04MtK	Num.29.12	תַעֲשׂ֑וּ	6213 a	HVqi2mp
04yAb	Num.29.12	וְ/חַגֹּתֶ֥ם	c/2287	HC/Vqq2mp
04TYU	Num.29.12	חַ֛ג	2282	HNcmsa
04iL2	Num.29.12	לַ/יהוָ֖ה	l/3068	HR/Np
04j8g	Num.29.12	שִׁבְעַ֥ת	7651	HAcmsc
04rBp	Num.29.12	יָמִֽים	3117	HNcmpa
04FHS	Num.29.13	וְ/הִקְרַבְתֶּ֨ם	c/7126	HC/Vhq2mp
049DB	Num.29.13	עֹלָ֜ה	5930 a	HNcfsa
04fp9	Num.29.13	אִשֵּׁ֨ה	801	HNcmsc
04m4z	Num.29.13	רֵ֤יחַ	7381	HNcmsc
04kw2	Num.29.13	נִיחֹ֨חַ֙	5207	HNcmsa
04CFC	Num.29.13	לַֽ/יהוָ֔ה	l/3068	HR/Np
04Muj	Num.29.13	פָּרִ֧ים	6499	HNcmpa
04h2p	Num.29.13	בְּנֵי	1121 a	HNcmpc
04mU5	Num.29.13	בָקָ֛ר	1241	HNcbsa
04ewS	Num.29.13	שְׁלֹשָׁ֥ה	7969	HAcmsa
04Qvw	Num.29.13	עָשָׂ֖ר	6240	HAcmsa
04ohw	Num.29.13	אֵילִ֣ם	352 a	HNcmpa
04EvD	Num.29.13	שְׁנָ֑יִם	8147	HAcmda
0481g	Num.29.13	כְּבָשִׂ֧ים	3532	HNcmpa
04ZdA	Num.29.13	בְּנֵֽי	1121 a	HNcmpc
04dNU	Num.29.13	שָׁנָ֛ה	8141	HNcfsa
04W8r	Num.29.13	אַרְבָּעָ֥ה	702	HAcmsa
04QGA	Num.29.13	עָשָׂ֖ר	6240	HAcmsa
04Zz5	Num.29.13	תְּמִימִ֥ם	8549	HAampa
04PSC	Num.29.13	יִהְיֽוּ	1961	HVqi3mp
04mQu	Num.29.14	וּ/מִנְחָתָ֔/ם	c/4503	HC/Ncfsc/Sp3mp
04ysQ	Num.29.14	סֹ֖לֶת	5560	HNcfsa
04Lxp	Num.29.14	בְּלוּלָ֣ה	1101 a	HVqsfsa
04Qqm	Num.29.14	בַ/שָּׁ֑מֶן	b/8081	HRd/Ncmsa
04ujF	Num.29.14	שְׁלֹשָׁ֨ה	7969	HAcmsa
046as	Num.29.14	עֶשְׂרֹנִ֜ים	6241	HNcmpa
04UwH	Num.29.14	לַ/פָּ֣ר	l/6499	HRd/Ncmsa
04BJz	Num.29.14	הָֽ/אֶחָ֗ד	d/259	HTd/Acmsa
04Ecy	Num.29.14	לִ/שְׁלֹשָׁ֤ה	l/7969	HR/Acmsa
04JcA	Num.29.14	עָשָׂר֙	6240	HAcmsa
04Cd5	Num.29.14	פָּרִ֔ים	6499	HNcmpa
0464H	Num.29.14	שְׁנֵ֤י	8147	HAcmdc
04ion	Num.29.14	עֶשְׂרֹנִים֙	6241	HNcmpa
04WQh	Num.29.14	לָ/אַ֣יִל	l/352 a	HRd/Ncmsa
0477c	Num.29.14	הָֽ/אֶחָ֔ד	d/259	HTd/Acmsa
04mMn	Num.29.14	לִ/שְׁנֵ֖י	l/8147	HR/Acmdc
04eee	Num.29.14	הָ/אֵילִֽם	d/352 a	HTd/Ncmpa
04pjk	Num.29.15	וְ/עִשָּׂרׄוֹן֙	c/6241	HC/Ncmsa
04qfg	Num.29.15	עִשָּׂר֔וֹן	6241	HNcmsa
04k9d	Num.29.15	לַ/כֶּ֖בֶשׂ	l/3532	HRd/Ncmsa
04Eh5	Num.29.15	הָ/אֶחָ֑ד	d/259	HTd/Acmsa
04Lz9	Num.29.15	לְ/אַרְבָּעָ֥ה	l/702	HR/Acmsa
04Vbk	Num.29.15	עָשָׂ֖ר	6240	HAcmsa
04A9X	Num.29.15	כְּבָשִֽׂים	3532	HNcmpa
04gGn	Num.29.16	וּ/שְׂעִיר	c/8163 b	HC/Ncmsc
04ASC	Num.29.16	עִזִּ֥ים	5795	HNcfpa
04hiY	Num.29.16	אֶחָ֖ד	259	HAcmsa
04eoE	Num.29.16	חַטָּ֑את	2403 b	HNcfsa
04KVo	Num.29.16	מִ/לְּ/בַד֙	m/l/905	HR/R/Ncmsc
04AKC	Num.29.16	עֹלַ֣ת	5930 a	HNcfsc
04YbU	Num.29.16	הַ/תָּמִ֔יד	d/8548	HTd/Ncmsa
04CBC	Num.29.16	מִנְחָתָ֖/הּ	4503	HNcfsc/Sp3fs
04d88	Num.29.16	וְ/נִסְכָּֽ/הּ	c/5262	HC/Ncmsc/Sp3fs
04NjE	Num.29.17	וּ/בַ/יּ֣וֹם	c/b/3117	HC/Rd/Ncmsa
041Dh	Num.29.17	הַ/שֵּׁנִ֗י	d/8145	HTd/Aomsa
04sTT	Num.29.17	פָּרִ֧ים	6499	HNcmpa
04CWX	Num.29.17	בְּנֵי	1121 a	HNcmpc
04zPJ	Num.29.17	בָקָ֛ר	1241	HNcbsa
04hdg	Num.29.17	שְׁנֵ֥ים	8147	HAcmda
04zsU	Num.29.17	עָשָׂ֖ר	6240	HAcmsa
04BAA	Num.29.17	אֵילִ֣ם	352 a	HNcmpa
04tBG	Num.29.17	שְׁנָ֑יִם	8147	HAcmda
04njA	Num.29.17	כְּבָשִׂ֧ים	3532	HNcmpa
04tjZ	Num.29.17	בְּנֵי	1121 a	HNcmpc
04PVB	Num.29.17	שָׁנָ֛ה	8141	HNcfsa
044jf	Num.29.17	אַרְבָּעָ֥ה	702	HAcmsa
04y9S	Num.29.17	עָשָׂ֖ר	6240	HAcmsa
04V59	Num.29.17	תְּמִימִֽם	8549	HAampa
04cYY	Num.29.18	וּ/מִנְחָתָ֣/ם	c/4503	HC/Ncfsc/Sp3mp
04oZZ	Num.29.18	וְ/נִסְכֵּי/הֶ֡ם	c/5262	HC/Ncmpc/Sp3mp
04fU2	Num.29.18	לַ֠/פָּרִים	l/6499	HRd/Ncmpa
04dCC	Num.29.18	לָ/אֵילִ֧ם	l/352 a	HRd/Ncmpa
04Fm3	Num.29.18	וְ/לַ/כְּבָשִׂ֛ים	c/l/3532	HC/Rd/Ncmpa
04R5E	Num.29.18	בְּ/מִסְפָּרָ֖/ם	b/4557	HR/Ncmsc/Sp3mp
04pdU	Num.29.18	כַּ/מִּשְׁפָּֽט	k/4941	HRd/Ncmsa
04Tjf	Num.29.19	וּ/שְׂעִיר	c/8163 b	HC/Ncmsc
04PME	Num.29.19	עִזִּ֥ים	5795	HNcfpa
04tma	Num.29.19	אֶחָ֖ד	259	HAcmsa
04c8B	Num.29.19	חַטָּ֑את	2403 b	HNcfsa
04kX5	Num.29.19	מִ/לְּ/בַד֙	m/l/905	HR/R/Ncmsc
04fG2	Num.29.19	עֹלַ֣ת	5930 a	HNcfsc
04PdY	Num.29.19	הַ/תָּמִ֔יד	d/8548	HTd/Ncmsa
04MNG	Num.29.19	וּ/מִנְחָתָ֖/הּ	c/4503	HC/Ncfsc/Sp3fs
04K67	Num.29.19	וְ/נִסְכֵּי/הֶֽם	c/5262	HC/Ncmpc/Sp3mp
04hVg	Num.29.20	וּ/בַ/יּ֧וֹם	c/b/3117	HC/Rd/Ncmsa
04PHn	Num.29.20	הַ/שְּׁלִישִׁ֛י	d/7992	HTd/Aomsa
04ueJ	Num.29.20	פָּרִ֥ים	6499	HNcmpa
048qc	Num.29.20	עַשְׁתֵּי	6249	HAobpc
04gKZ	Num.29.20	עָשָׂ֖ר	6240	HAcmsa
04Bbm	Num.29.20	אֵילִ֣ם	352 a	HNcmpa
04X1N	Num.29.20	שְׁנָ֑יִם	8147	HAcmda
04C7W	Num.29.20	כְּבָשִׂ֧ים	3532	HNcmpa
04nCz	Num.29.20	בְּנֵי	1121 a	HNcmpc
044Za	Num.29.20	שָׁנָ֛ה	8141	HNcfsa
04dwG	Num.29.20	אַרְבָּעָ֥ה	702	HAcmsa
04mMJ	Num.29.20	עָשָׂ֖ר	6240	HAcmsa
04Arh	Num.29.20	תְּמִימִֽם	8549	HAampa
04Swv	Num.29.21	וּ/מִנְחָתָ֣/ם	c/4503	HC/Ncfsc/Sp3mp
04iud	Num.29.21	וְ/נִסְכֵּי/הֶ֡ם	c/5262	HC/Ncmpc/Sp3mp
04gQV	Num.29.21	לַ֠/פָּרִים	l/6499	HRd/Ncmpa
045Y1	Num.29.21	לָ/אֵילִ֧ם	l/352 a	HRd/Ncmpa
04BLB	Num.29.21	וְ/לַ/כְּבָשִׂ֛ים	c/l/3532	HC/Rd/Ncmpa
04LkZ	Num.29.21	בְּ/מִסְפָּרָ֖/ם	b/4557	HR/Ncmsc/Sp3mp
04bHT	Num.29.21	כַּ/מִּשְׁפָּֽט	k/4941	HRd/Ncmsa
04aVR	Num.29.22	וּ/שְׂעִ֥יר	c/8163 b	HC/Ncmsc
04oPR	Num.29.22	חַטָּ֖את	2403 b	HNcfsa
04Mh4	Num.29.22	אֶחָ֑ד	259	HAcmsa
04dmL	Num.29.22	מִ/לְּ/בַד֙	m/l/905	HR/R/Ncmsc
04MaQ	Num.29.22	עֹלַ֣ת	5930 a	HNcfsc
048tw	Num.29.22	הַ/תָּמִ֔יד	d/8548	HTd/Ncmsa
04R8q	Num.29.22	וּ/מִנְחָתָ֖/הּ	c/4503	HC/Ncfsc/Sp3fs
04KWb	Num.29.22	וְ/נִסְכָּֽ/הּ	c/5262	HC/Ncmsc/Sp3fs
04Db1	Num.29.23	וּ/בַ/יּ֧וֹם	c/b/3117	HC/Rd/Ncmsa
04bq9	Num.29.23	הָ/רְבִיעִ֛י	d/7243	HTd/Aomsa
04e2p	Num.29.23	פָּרִ֥ים	6499	HNcmpa
04oDZ	Num.29.23	עֲשָׂרָ֖ה	6235	HAcmsa
044YJ	Num.29.23	אֵילִ֣ם	352 a	HNcmpa
04vo5	Num.29.23	שְׁנָ֑יִם	8147	HAcmda
04esg	Num.29.23	כְּבָשִׂ֧ים	3532	HNcmpa
04Fsu	Num.29.23	בְּנֵֽי	1121 a	HNcmpc
04nwi	Num.29.23	שָׁנָ֛ה	8141	HNcfsa
044ji	Num.29.23	אַרְבָּעָ֥ה	702	HAcmsa
04GNR	Num.29.23	עָשָׂ֖ר	6240	HAcmsa
04BmK	Num.29.23	תְּמִימִֽם	8549	HAampa
04oon	Num.29.24	מִנְחָתָ֣/ם	4503	HNcfsc/Sp3mp
04Ajm	Num.29.24	וְ/נִסְכֵּי/הֶ֡ם	c/5262	HC/Ncmpc/Sp3mp
04SP2	Num.29.24	לַ֠/פָּרִים	l/6499	HRd/Ncmpa
04k6M	Num.29.24	לָ/אֵילִ֧ם	l/352 a	HRd/Ncmpa
04uYE	Num.29.24	וְ/לַ/כְּבָשִׂ֛ים	c/l/3532	HC/Rd/Ncmpa
048K6	Num.29.24	בְּ/מִסְפָּרָ֖/ם	b/4557	HR/Ncmsc/Sp3mp
04wJw	Num.29.24	כַּ/מִּשְׁפָּֽט	k/4941	HRd/Ncmsa
04Cc1	Num.29.25	וּ/שְׂעִיר	c/8163 b	HC/Ncmsc
04iiM	Num.29.25	עִזִּ֥ים	5795	HNcfpa
04MTh	Num.29.25	אֶחָ֖ד	259	HAcmsa
048N2	Num.29.25	חַטָּ֑את	2403 b	HNcfsa
047Qr	Num.29.25	מִ/לְּ/בַד֙	m/l/905	HR/R/Ncmsc
04ptT	Num.29.25	עֹלַ֣ת	5930 a	HNcfsc
04Y67	Num.29.25	הַ/תָּמִ֔יד	d/8548	HTd/Ncmsa
04urx	Num.29.25	מִנְחָתָ֖/הּ	4503	HNcfsc/Sp3fs
04Mey	Num.29.25	וְ/נִסְכָּֽ/הּ	c/5262	HC/Ncmsc/Sp3fs
04FSp	Num.29.26	וּ/בַ/יּ֧וֹם	c/b/3117	HC/Rd/Ncmsa
04CZo	Num.29.26	הַ/חֲמִישִׁ֛י	d/2549	HTd/Aomsa
044eL	Num.29.26	פָּרִ֥ים	6499	HNcmpa
04Ete	Num.29.26	תִּשְׁעָ֖ה	8672	HAcmsa
049ck	Num.29.26	אֵילִ֣ם	352 a	HNcmpa
04D7U	Num.29.26	שְׁנָ֑יִם	8147	HAcmda
0484j	Num.29.26	כְּבָשִׂ֧ים	3532	HNcmpa
043Lq	Num.29.26	בְּנֵֽי	1121 a	HNcmpc
04qYF	Num.29.26	שָׁנָ֛ה	8141	HNcfsa
04EZs	Num.29.26	אַרְבָּעָ֥ה	702	HAcmsa
04daS	Num.29.26	עָשָׂ֖ר	6240	HAcmsa
04may	Num.29.26	תְּמִימִֽם	8549	HAampa
04DYY	Num.29.27	וּ/מִנְחָתָ֣/ם	c/4503	HC/Ncfsc/Sp3mp
04SpJ	Num.29.27	וְ/נִסְכֵּי/הֶ֡ם	c/5262	HC/Ncmpc/Sp3mp
04Z7E	Num.29.27	לַ֠/פָּרִים	l/6499	HRd/Ncmpa
0429M	Num.29.27	לָ/אֵילִ֧ם	l/352 a	HRd/Ncmpa
04ZZc	Num.29.27	וְ/לַ/כְּבָשִׂ֛ים	c/l/3532	HC/Rd/Ncmpa
04WMq	Num.29.27	בְּ/מִסְפָּרָ֖/ם	b/4557	HR/Ncmsc/Sp3mp
04Cjb	Num.29.27	כַּ/מִּשְׁפָּֽט	k/4941	HRd/Ncmsa
043UC	Num.29.28	וּ/שְׂעִ֥יר	c/8163 b	HC/Ncmsc
04s8J	Num.29.28	חַטָּ֖את	2403 b	HNcfsa
047rA	Num.29.28	אֶחָ֑ד	259	HAcmsa
04ZE6	Num.29.28	מִ/לְּ/בַד֙	m/l/905	HR/R/Ncmsc
04ZtY	Num.29.28	עֹלַ֣ת	5930 a	HNcfsc
04QRM	Num.29.28	הַ/תָּמִ֔יד	d/8548	HTd/Ncmsa
04BjJ	Num.29.28	וּ/מִנְחָתָ֖/הּ	c/4503	HC/Ncfsc/Sp3fs
04mXL	Num.29.28	וְ/נִסְכָּֽ/הּ	c/5262	HC/Ncmsc/Sp3fs
04Wd7	Num.29.29	וּ/בַ/יּ֧וֹם	c/b/3117	HC/Rd/Ncmsa
04YYf	Num.29.29	הַ/שִּׁשִּׁ֛י	d/8345	HTd/Aomsa
04sAn	Num.29.29	פָּרִ֥ים	6499	HNcmpa
04FvF	Num.29.29	שְׁמֹנָ֖ה	8083	HAcmsa
042iH	Num.29.29	אֵילִ֣ם	352 a	HNcmpa
04d9m	Num.29.29	שְׁנָ֑יִם	8147	HAcmda
04Bpo	Num.29.29	כְּבָשִׂ֧ים	3532	HNcmpa
04YNA	Num.29.29	בְּנֵי	1121 a	HNcmpc
04bJ4	Num.29.29	שָׁנָ֛ה	8141	HNcfsa
04NXE	Num.29.29	אַרְבָּעָ֥ה	702	HAcmsa
04CMw	Num.29.29	עָשָׂ֖ר	6240	HAcmsa
04Eki	Num.29.29	תְּמִימִֽם	8549	HAampa
043Po	Num.29.30	וּ/מִנְחָתָ֣/ם	c/4503	HC/Ncfsc/Sp3mp
04Rvn	Num.29.30	וְ/נִסְכֵּי/הֶ֡ם	c/5262	HC/Ncmpc/Sp3mp
04WyN	Num.29.30	לַ֠/פָּרִים	l/6499	HRd/Ncmpa
041ZF	Num.29.30	לָ/אֵילִ֧ם	l/352 a	HRd/Ncmpa
04wSo	Num.29.30	וְ/לַ/כְּבָשִׂ֛ים	c/l/3532	HC/Rd/Ncmpa
04pFs	Num.29.30	בְּ/מִסְפָּרָ֖/ם	b/4557	HR/Ncmsc/Sp3mp
04r8m	Num.29.30	כַּ/מִּשְׁפָּֽט	k/4941	HRd/Ncmsa
04UaC	Num.29.31	וּ/שְׂעִ֥יר	c/8163 b	HC/Ncmsc
04uBR	Num.29.31	חַטָּ֖את	2403 b	HNcfsa
049oh	Num.29.31	אֶחָ֑ד	259	HAcmsa
04ARo	Num.29.31	מִ/לְּ/בַד֙	m/l/905	HR/R/Ncmsc
04Gxh	Num.29.31	עֹלַ֣ת	5930 a	HNcfsc
04cah	Num.29.31	הַ/תָּמִ֔יד	d/8548	HTd/Ncmsa
04toK	Num.29.31	מִנְחָתָ֖/הּ	4503	HNcfsc/Sp3fs
04tSn	Num.29.31	וּ/נְסָכֶֽי/הָ	c/5262	HC/Ncmpc/Sp3fs
04Wyh	Num.29.32	וּ/בַ/יּ֧וֹם	c/b/3117	HC/Rd/Ncmsa
04wZ3	Num.29.32	הַ/שְּׁבִיעִ֛י	d/7637	HTd/Aomsa
043jP	Num.29.32	פָּרִ֥ים	6499	HNcmpa
045LU	Num.29.32	שִׁבְעָ֖ה	7651	HAcmsa
049xN	Num.29.32	אֵילִ֣ם	352 a	HNcmpa
04FDY	Num.29.32	שְׁנָ֑יִם	8147	HAcmda
04Aj4	Num.29.32	כְּבָשִׂ֧ים	3532	HNcmpa
04AkW	Num.29.32	בְּנֵי	1121 a	HNcmpc
04uiE	Num.29.32	שָׁנָ֛ה	8141	HNcfsa
04PYM	Num.29.32	אַרְבָּעָ֥ה	702	HAcmsa
04STV	Num.29.32	עָשָׂ֖ר	6240	HAcmsa
04ws2	Num.29.32	תְּמִימִֽם	8549	HAampa
04DSK	Num.29.33	וּ/מִנְחָתָ֣/ם	c/4503	HC/Ncfsc/Sp3mp
04CPR	Num.29.33	וְ/נִסְכֵּ/הֶ֡ם	c/5262	HC/Ncmpc/Sp3mp
04X1u	Num.29.33	לַ֠/פָּרִים	l/6499	HRd/Ncmpa
04EBz	Num.29.33	לָ/אֵילִ֧ם	l/352 a	HRd/Ncmpa
048r7	Num.29.33	וְ/לַ/כְּבָשִׂ֛ים	c/l/3532	HC/Rd/Ncmpa
04Dgw	Num.29.33	בְּ/מִסְפָּרָ֖/ם	b/4557	HR/Ncmsc/Sp3mp
0477t	Num.29.33	כְּ/מִשְׁפָּטָֽ/ם	k/4941	HR/Ncmsc/Sp3mp
046DN	Num.29.34	וּ/שְׂעִ֥יר	c/8163 b	HC/Ncmsc
04Au6	Num.29.34	חַטָּ֖את	2403 b	HNcfsa
04AdW	Num.29.34	אֶחָ֑ד	259	HAcmsa
04URP	Num.29.34	מִ/לְּ/בַד֙	m/l/905	HR/R/Ncmsc
04KcE	Num.29.34	עֹלַ֣ת	5930 a	HNcfsc
04fck	Num.29.34	הַ/תָּמִ֔יד	d/8548	HTd/Ncmsa
04KWZ	Num.29.34	מִנְחָתָ֖/הּ	4503	HNcfsc/Sp3fs
04GxF	Num.29.34	וְ/נִסְכָּֽ/הּ	c/5262	HC/Ncmsc/Sp3fs
04heY	Num.29.35	בַּ/יּוֹם֙	b/3117	HRd/Ncmsa
04Qp8	Num.29.35	הַ/שְּׁמִינִ֔י	d/8066	HTd/Aomsa
04i3M	Num.29.35	עֲצֶ֖רֶת	6116	HNcfsa
04CHY	Num.29.35	תִּהְיֶ֣ה	1961	HVqi3fs
044Nf	Num.29.35	לָ/כֶ֑ם	l	HR/Sp2mp
045L5	Num.29.35	כָּל	3605	HNcmsc
04enK	Num.29.35	מְלֶ֥אכֶת	4399	HNcfsc
04K5U	Num.29.35	עֲבֹדָ֖ה	5656	HNcfsa
04efE	Num.29.35	לֹ֥א	3808	HTn
04KYn	Num.29.35	תַעֲשֽׂוּ	6213 a	HVqi2mp
04BXC	Num.29.36	וְ/הִקְרַבְתֶּ֨ם	c/7126	HC/Vhq2mp
04rjU	Num.29.36	עֹלָ֜ה	5930 a	HNcfsa
04J3e	Num.29.36	אִשֵּׁ֨ה	801	HNcmsc
041sE	Num.29.36	רֵ֤יחַ	7381	HNcmsc
04kg7	Num.29.36	נִיחֹ֨חַ֙	5207	HNcmsa
04AFg	Num.29.36	לַֽ/יהוָ֔ה	l/3068	HR/Np
04bvx	Num.29.36	פַּ֥ר	6499	HNcmsa
04GfB	Num.29.36	אֶחָ֖ד	259	HAcmsa
044je	Num.29.36	אַ֣יִל	352 a	HNcmsa
04i7S	Num.29.36	אֶחָ֑ד	259	HAcmsa
04aow	Num.29.36	כְּבָשִׂ֧ים	3532	HNcmpa
049bQ	Num.29.36	בְּנֵי	1121 a	HNcmpc
04Yq9	Num.29.36	שָׁנָ֛ה	8141	HNcfsa
04uGN	Num.29.36	שִׁבְעָ֖ה	7651	HAcmsa
04FAy	Num.29.36	תְּמִימִֽם	8549	HAampa
04BG9	Num.29.37	מִנְחָתָ֣/ם	4503	HNcfsc/Sp3mp
04x4e	Num.29.37	וְ/נִסְכֵּי/הֶ֗ם	c/5262	HC/Ncmpc/Sp3mp
04Yqj	Num.29.37	לַ/פָּ֨ר	l/6499	HRd/Ncmsa
04NTm	Num.29.37	לָ/אַ֧יִל	l/352 a	HRd/Ncmsa
04hm4	Num.29.37	וְ/לַ/כְּבָשִׂ֛ים	c/l/3532	HC/Rd/Ncmpa
04xHs	Num.29.37	בְּ/מִסְפָּרָ֖/ם	b/4557	HR/Ncmsc/Sp3mp
04P9p	Num.29.37	כַּ/מִּשְׁפָּֽט	k/4941	HRd/Ncmsa
04QDF	Num.29.38	וּ/שְׂעִ֥יר	c/8163 b	HC/Ncmsc
04PxA	Num.29.38	חַטָּ֖את	2403 b	HNcfsa
044Kq	Num.29.38	אֶחָ֑ד	259	HAcmsa
04eWp	Num.29.38	מִ/לְּ/בַד֙	m/l/905	HR/R/Ncmsc
04ERL	Num.29.38	עֹלַ֣ת	5930 a	HNcfsc
041QN	Num.29.38	הַ/תָּמִ֔יד	d/8548	HTd/Ncmsa
04b7N	Num.29.38	וּ/מִנְחָתָ֖/הּ	c/4503	HC/Ncfsc/Sp3fs
042Lq	Num.29.38	וְ/נִסְכָּֽ/הּ	c/5262	HC/Ncmsc/Sp3fs
04k6u	Num.29.39	אֵ֛לֶּה	428	HPdxcp
04GH2	Num.29.39	תַּעֲשׂ֥וּ	6213 a	HVqi2mp
04FCm	Num.29.39	לַ/יהוָ֖ה	l/3068	HR/Np
04XiL	Num.29.39	בְּ/מוֹעֲדֵי/כֶ֑ם	b/4150	HR/Ncmpc/Sp2mp
04tAh	Num.29.39	לְ/בַ֨ד	l/905	HR/Ncmsa
04ckt	Num.29.39	מִ/נִּדְרֵי/כֶ֜ם	m/5088	HR/Ncmpc/Sp2mp
043hn	Num.29.39	וְ/נִדְבֹתֵי/כֶ֗ם	c/5071	HC/Ncfpc/Sp2mp
04PT7	Num.29.39	לְ/עֹלֹֽתֵי/כֶם֙	l/5930 a	HR/Ncfpc/Sp2mp
04WGv	Num.29.39	וּ/לְ/מִנְחֹ֣תֵי/כֶ֔ם	c/l/4503	HC/R/Ncfpc/Sp2mp
04DwC	Num.29.39	וּ/לְ/נִסְכֵּי/כֶ֖ם	c/l/5262	HC/R/Ncmpc/Sp2mp
04HXr	Num.29.39	וּ/לְ/שַׁלְמֵי/כֶֽם	c/l/8002	HC/R/Ncmpc/Sp2mp
04nA4	Num.30.1	וַ/יֹּ֥אמֶר	c/559	HC/Vqw3ms
04FFy	Num.30.1	מֹשֶׁ֖ה	4872	HNp
04WTq	Num.30.1	אֶל	413	HR
04hbs	Num.30.1	בְּנֵ֣י	1121 a	HNcmpc
0463S	Num.30.1	יִשְׂרָאֵ֑ל	3478	HNp
04fX1	Num.30.1	כְּ/כֹ֛ל	k/3605	HR/Ncmsa
04KVY	Num.30.1	אֲשֶׁר	834 a	HTr
04UAj	Num.30.1	צִוָּ֥ה	6680	HVpp3ms
04mgd	Num.30.1	יְהוָ֖ה	3068	HNp
04Vnb	Num.30.1	אֶת	853	HTo
04trY	Num.30.1	מֹשֶֽׁה	4872	HNp
04aK5	Num.30.2	וַ/יְדַבֵּ֤ר	c/1696	HC/Vpw3ms
04okA	Num.30.2	מֹשֶׁה֙	4872	HNp
045H7	Num.30.2	אֶל	413	HR
046GM	Num.30.2	רָאשֵׁ֣י	7218 a	HNcmpc
046Ep	Num.30.2	הַ/מַּטּ֔וֹת	d/4294	HTd/Ncmpa
04GQh	Num.30.2	לִ/בְנֵ֥י	l/1121 a	HR/Ncmpc
04oLz	Num.30.2	יִשְׂרָאֵ֖ל	3478	HNp
04Jvw	Num.30.2	לֵ/אמֹ֑ר	l/559	HR/Vqc
04o7k	Num.30.2	זֶ֣ה	2088	HPdxms
04Mgn	Num.30.2	הַ/דָּבָ֔ר	d/1697	HTd/Ncmsa
04xS9	Num.30.2	אֲשֶׁ֖ר	834 a	HTr
04p8V	Num.30.2	צִוָּ֥ה	6680	HVpp3ms
04dgX	Num.30.2	יְהוָֽה	3068	HNp
04Pwe	Num.30.3	אִישׁ֩	376	HNcmsa
04D5n	Num.30.3	כִּֽי	3588 a	HC
04UV2	Num.30.3	יִדֹּ֨ר	5087	HVqi3ms
04f51	Num.30.3	נֶ֜דֶר	5088	HNcmsa
049pN	Num.30.3	לַֽ/יהוָ֗ה	l/3068	HR/Np
04sDi	Num.30.3	אֽוֹ	176 a	HC
04MKj	Num.30.3	הִשָּׁ֤בַע	7650	HVNa
04VPX	Num.30.3	שְׁבֻעָה֙	7621	HNcfsa
04Mwx	Num.30.3	לֶ/אְסֹ֤ר	l/631	HR/Vqc
04D2u	Num.30.3	אִסָּר֙	632	HNcmsa
04s62	Num.30.3	עַל	5921 a	HR
047JY	Num.30.3	נַפְשׁ֔/וֹ	5315	HNcbsc/Sp3ms
04qoF	Num.30.3	לֹ֥א	3808	HTn
04Nvz	Num.30.3	יַחֵ֖ל	2490 c	HVhi3ms
04mG4	Num.30.3	דְּבָר֑/וֹ	1697	HNcmsc/Sp3ms
04qdX	Num.30.3	כְּ/כָל	k/3605	HR/Ncmsc
041Rs	Num.30.3	הַ/יֹּצֵ֥א	d/3318	HTd/Vqrmsa
0446D	Num.30.3	מִ/פִּ֖י/ו	m/6310	HR/Ncmsc/Sp3ms
047Kq	Num.30.3	יַעֲשֶֽׂה	6213 a	HVqi3ms
04KbV	Num.30.4	וְ/אִשָּׁ֕ה	c/802	HC/Ncfsa
04BBe	Num.30.4	כִּֽי	3588 a	HC
04DST	Num.30.4	תִדֹּ֥ר	5087	HVqi3fs
04DQH	Num.30.4	נֶ֖דֶר	5088	HNcmsa
04EDQ	Num.30.4	לַ/יהוָ֑ה	l/3068	HR/Np
04XXm	Num.30.4	וְ/אָסְרָ֥ה	c/631	HC/Vqq3fs
04KwK	Num.30.4	אִסָּ֛ר	632	HNcmsa
04Zii	Num.30.4	בְּ/בֵ֥ית	b/1004 b	HR/Ncmsc
04uQR	Num.30.4	אָבִ֖י/הָ	1	HNcmsc/Sp3fs
04u39	Num.30.4	בִּ/נְעֻרֶֽי/הָ	b/5271 a	HR/Ncbpc/Sp3fs
04m9g	Num.30.5	וְ/שָׁמַ֨ע	c/8085	HC/Vqq3ms
04VXr	Num.30.5	אָבִ֜י/הָ	1	HNcmsc/Sp3fs
04iQV	Num.30.5	אֶת	853	HTo
042JV	Num.30.5	נִדְרָ֗/הּ	5088	HNcmsc/Sp3fs
049y8	Num.30.5	וֶֽ/אֱסָרָ/הּ֙	c/632	HC/Ncmsc/Sp3fs
04HPu	Num.30.5	אֲשֶׁ֣ר	834 a	HTr
04ooa	Num.30.5	אָֽסְרָ֣ה	631	HVqp3fs
04oNZ	Num.30.5	עַל	5921 a	HR
04FRX	Num.30.5	נַפְשָׁ֔/הּ	5315	HNcbsc/Sp3fs
04125	Num.30.5	וְ/הֶחֱרִ֥ישׁ	c/2790 b	HC/Vhq3ms
048eG	Num.30.5	לָ֖/הּ	l	HR/Sp3fs
04EbF	Num.30.5	אָבִ֑י/הָ	1	HNcmsc/Sp3fs
044Jo	Num.30.5	וְ/קָ֨מוּ֙	c/6965 b	HC/Vqq3cp
04Rgq	Num.30.5	כָּל	3605	HNcmsc
04pUz	Num.30.5	נְדָרֶ֔י/הָ	5088	HNcmpc/Sp3fs
04GbB	Num.30.5	וְ/כָל	c/3605	HC/Ncmsc
042Eu	Num.30.5	אִסָּ֛ר	632	HNcmsa
04Vys	Num.30.5	אֲשֶׁר	834 a	HTr
04mpZ	Num.30.5	אָסְרָ֥ה	631	HVqp3fs
048G9	Num.30.5	עַל	5921 a	HR
04TsV	Num.30.5	נַפְשָׁ֖/הּ	5315	HNcbsc/Sp3fs
04idq	Num.30.5	יָקֽוּם	6965 b	HVqi3ms
04FLj	Num.30.6	וְ/אִם	c/518 a	HC/C
04exb	Num.30.6	הֵנִ֨יא	5106	HVhp3ms
04aAR	Num.30.6	אָבִ֣י/הָ	1	HNcmsc/Sp3fs
04fqY	Num.30.6	אֹתָ/הּ֮	853	HTo/Sp3fs
04nan	Num.30.6	בְּ/י֣וֹם	b/3117	HR/Ncmsc
04DHb	Num.30.6	שָׁמְע/וֹ֒	8085	HVqc/Sp3ms
04iuD	Num.30.6	כָּל	3605	HNcmsc
04hZm	Num.30.6	נְדָרֶ֗י/הָ	5088	HNcmpc/Sp3fs
047xK	Num.30.6	וֶֽ/אֱסָרֶ֛י/הָ	c/632	HC/Ncmpc/Sp3fs
04s5p	Num.30.6	אֲשֶׁר	834 a	HTr
0455c	Num.30.6	אָסְרָ֥ה	631	HVqp3fs
049hm	Num.30.6	עַל	5921 a	HR
04bwL	Num.30.6	נַפְשָׁ֖/הּ	5315	HNcbsc/Sp3fs
04tFq	Num.30.6	לֹ֣א	3808	HTn
04Dkd	Num.30.6	יָק֑וּם	6965 b	HVqi3ms
04PWV	Num.30.6	וַֽ/יהוָה֙	c/3068	HC/Np
049v2	Num.30.6	יִֽסְלַח	5545	HVqi3ms
04c5v	Num.30.6	לָ֔/הּ	l	HR/Sp3fs
045WL	Num.30.6	כִּי	3588 a	HC
04JfN	Num.30.6	הֵנִ֥יא	5106	HVhp3ms
04VCc	Num.30.6	אָבִ֖י/הָ	1	HNcmsc/Sp3fs
04aeF	Num.30.6	אֹתָֽ/הּ	853	HTo/Sp3fs
046Xg	Num.30.7	וְ/אִם	c/518 a	HC/C
04Kx4	Num.30.7	הָי֤וֹ	1961	HVqa
04z9w	Num.30.7	תִֽהְיֶה֙	1961	HVqi3fs
04qNL	Num.30.7	לְ/אִ֔ישׁ	l/376	HR/Ncmsa
04W8k	Num.30.7	וּ/נְדָרֶ֖י/הָ	c/5088	HC/Ncmpc/Sp3fs
04CEX	Num.30.7	עָלֶ֑י/הָ	5921 a	HR/Sp3fs
04sDa	Num.30.7	א֚וֹ	176 a	HC
04PsQ	Num.30.7	מִבְטָ֣א	4008	HNcmsc
04MNk	Num.30.7	שְׂפָתֶ֔י/הָ	8193	HNcfdc/Sp3fs
04Fc2	Num.30.7	אֲשֶׁ֥ר	834 a	HTr
04Fz5	Num.30.7	אָסְרָ֖ה	631	HVqp3fs
048DJ	Num.30.7	עַל	5921 a	HR
04Lmg	Num.30.7	נַפְשָֽׁ/הּ	5315	HNcbsc/Sp3fs
04R4v	Num.30.8	וְ/שָׁמַ֥ע	c/8085	HC/Vqq3ms
04Ut7	Num.30.8	אִישָׁ֛/הּ	376	HNcmsc/Sp3fs
04Xof	Num.30.8	בְּ/י֥וֹם	b/3117	HR/Ncmsc
045uC	Num.30.8	שָׁמְע֖/וֹ	8085	HVqc/Sp3ms
04EAw	Num.30.8	וְ/הֶחֱרִ֣ישׁ	c/2790 b	HC/Vhq3ms
04tQm	Num.30.8	לָ֑/הּ	l	HR/Sp3fs
04DRQ	Num.30.8	וְ/קָ֣מוּ	c/6965 b	HC/Vqq3cp
04pNN	Num.30.8	נְדָרֶ֗י/הָ	5088	HNcmpc/Sp3fs
04gBT	Num.30.8	וֶֽ/אֱסָרֶ֛/הָ	c/632	HC/Ncmpc/Sp3fs
04Jk1	Num.30.8	אֲשֶׁר	834 a	HTr
04Hn8	Num.30.8	אָסְרָ֥ה	631	HVqp3fs
04Zse	Num.30.8	עַל	5921 a	HR
04riF	Num.30.8	נַפְשָׁ֖/הּ	5315	HNcbsc/Sp3fs
04RmD	Num.30.8	יָקֻֽמוּ	6965 b	HVqi3mp
04pEW	Num.30.9	וְ֠/אִם	c/518 a	HC/C
04fvs	Num.30.9	בְּ/י֨וֹם	b/3117	HR/Ncmsc
049N5	Num.30.9	שְׁמֹ֣עַ	8085	HVqc
04R7n	Num.30.9	אִישָׁ/הּ֮	376	HNcmsc/Sp3fs
04NCi	Num.30.9	יָנִ֣יא	5106	HVhi3ms
04ejZ	Num.30.9	אוֹתָ/הּ֒	853	HTo/Sp3fs
04ntv	Num.30.9	וְ/הֵפֵ֗ר	c/6565 a	HC/Vhq3ms
04A17	Num.30.9	אֶת	853	HTo
04DrV	Num.30.9	נִדְרָ/הּ֙	5088	HNcmsc/Sp3fs
04tHP	Num.30.9	אֲשֶׁ֣ר	834 a	HTr
04pNL	Num.30.9	עָלֶ֔י/הָ	5921 a	HR/Sp3fs
04K8f	Num.30.9	וְ/אֵת֙	c/853	HC/To
04M2d	Num.30.9	מִבְטָ֣א	4008	HNcmsc
04HUj	Num.30.9	שְׂפָתֶ֔י/הָ	8193	HNcfdc/Sp3fs
04AkQ	Num.30.9	אֲשֶׁ֥ר	834 a	HTr
04qKA	Num.30.9	אָסְרָ֖ה	631	HVqp3fs
04UvS	Num.30.9	עַל	5921 a	HR
04byr	Num.30.9	נַפְשָׁ֑/הּ	5315	HNcbsc/Sp3fs
04UE2	Num.30.9	וַ/יהוָ֖ה	c/3068	HC/Np
04D7w	Num.30.9	יִֽסְלַֽח	5545	HVqi3ms
04Yz1	Num.30.9	לָֽ/הּ	l	HR/Sp3fs
04m9p	Num.30.10	וְ/נֵ֥דֶר	c/5088	HC/Ncmsc
04ih8	Num.30.10	אַלְמָנָ֖ה	490	HNcfsa
048hZ	Num.30.10	וּ/גְרוּשָׁ֑ה	c/1644	HC/Vqsfsa
04k4b	Num.30.10	כֹּ֛ל	3605	HNcmsa
04ZXj	Num.30.10	אֲשֶׁר	834 a	HTr
04SRr	Num.30.10	אָסְרָ֥ה	631	HVqp3fs
04Vun	Num.30.10	עַל	5921 a	HR
04cyh	Num.30.10	נַפְשָׁ֖/הּ	5315	HNcbsc/Sp3fs
04AQ3	Num.30.10	יָק֥וּם	6965 b	HVqi3ms
04NWB	Num.30.10	עָלֶֽי/הָ	5921 a	HR/Sp3fs
041of	Num.30.11	וְ/אִם	c/518 a	HC/C
049Sr	Num.30.11	בֵּ֥ית	1004 b	HNcmsc
042wD	Num.30.11	אִישָׁ֖/הּ	376	HNcmsc/Sp3fs
049Ms	Num.30.11	נָדָ֑רָה	5087	HVqp3fs
04GM9	Num.30.11	אֽוֹ	176 a	HC
04K43	Num.30.11	אָסְרָ֥ה	631	HVqp3fs
04Nh3	Num.30.11	אִסָּ֛ר	632	HNcmsa
04Pay	Num.30.11	עַל	5921 a	HR
04tpq	Num.30.11	נַפְשָׁ֖/הּ	5315	HNcbsc/Sp3fs
041f1	Num.30.11	בִּ/שְׁבֻעָֽה	b/7621	HR/Ncfsa
04kVM	Num.30.12	וְ/שָׁמַ֤ע	c/8085	HC/Vqq3ms
04bsZ	Num.30.12	אִישָׁ/הּ֙	376	HNcmsc/Sp3fs
04TEL	Num.30.12	וְ/הֶחֱרִ֣שׁ	c/2790 b	HC/Vhq3ms
04ytb	Num.30.12	לָ֔/הּ	l	HR/Sp3fs
043ey	Num.30.12	לֹ֥א	3808	HTn
04RmL	Num.30.12	הֵנִ֖יא	5106	HVhp3ms
04ci2	Num.30.12	אֹתָ֑/הּ	853	HTo/Sp3fs
04a1E	Num.30.12	וְ/קָ֨מוּ֙	c/6965 b	HC/Vqq3cp
049Ga	Num.30.12	כָּל	3605	HNcmsc
04ZVW	Num.30.12	נְדָרֶ֔י/הָ	5088	HNcmpc/Sp3fs
04w7w	Num.30.12	וְ/כָל	c/3605	HC/Ncmsc
049mv	Num.30.12	אִסָּ֛ר	632	HNcmsa
04nRN	Num.30.12	אֲשֶׁר	834 a	HTr
04vJe	Num.30.12	אָסְרָ֥ה	631	HVqp3fs
04iPK	Num.30.12	עַל	5921 a	HR
04n6v	Num.30.12	נַפְשָׁ֖/הּ	5315	HNcbsc/Sp3fs
04V76	Num.30.12	יָקֽוּם	6965 b	HVqi3ms
04g48	Num.30.13	וְ/אִם	c/518 a	HC/C
04enX	Num.30.13	הָפֵר֩	6565 a	HVha
049J8	Num.30.13	יָפֵ֨ר	6565 a	HVhi3ms
04Gat	Num.30.13	אֹתָ֥/ם	853	HTo/Sp3mp
04kwx	Num.30.13	אִישָׁ/הּ֮	376	HNcmsc/Sp3fs
04CFi	Num.30.13	בְּ/י֣וֹם	b/3117	HR/Ncmsc
04Ksw	Num.30.13	שָׁמְע/וֹ֒	8085	HVqc/Sp3ms
04s23	Num.30.13	כָּל	3605	HNcmsc
04ir2	Num.30.13	מוֹצָ֨א	4161	HNcmsc
04nKr	Num.30.13	שְׂפָתֶ֧י/הָ	8193	HNcfdc/Sp3fs
04Wfu	Num.30.13	לִ/נְדָרֶ֛י/הָ	l/5088	HR/Ncmpc/Sp3fs
04UgW	Num.30.13	וּ/לְ/אִסַּ֥ר	c/l/632	HC/R/Ncmsc
04eLU	Num.30.13	נַפְשָׁ֖/הּ	5315	HNcbsc/Sp3fs
04WcU	Num.30.13	לֹ֣א	3808	HTn
04ynw	Num.30.13	יָק֑וּם	6965 b	HVqi3ms
04FA8	Num.30.13	אִישָׁ֣/הּ	376	HNcmsc/Sp3fs
042Hj	Num.30.13	הֲפֵרָ֔/ם	6565 a	HVhp3ms/Sp3mp
04x4P	Num.30.13	וַ/יהוָ֖ה	c/3068	HC/Np
04NmG	Num.30.13	יִֽסְלַֽח	5545	HVqi3ms
04M3w	Num.30.13	לָֽ/הּ	l	HR/Sp3fs
04yJa	Num.30.14	כָּל	3605	HNcmsc
04uhf	Num.30.14	נֵ֛דֶר	5088	HNcmsa
04dks	Num.30.14	וְ/כָל	c/3605	HC/Ncmsc
04ouy	Num.30.14	שְׁבֻעַ֥ת	7621	HNcfsc
04ehD	Num.30.14	אִסָּ֖ר	632	HNcmsa
04KPB	Num.30.14	לְ/עַנֹּ֣ת	l/6031 b	HR/Vpc
04P7d	Num.30.14	נָ֑פֶשׁ	5315	HNcbsa
04kAs	Num.30.14	אִישָׁ֥/הּ	376	HNcmsc/Sp3fs
04Fsp	Num.30.14	יְקִימֶ֖/נּוּ	6965 b	HVhi3ms/Sp3ms
048eB	Num.30.14	וְ/אִישָׁ֥/הּ	c/376	HC/Ncmsc/Sp3fs
04rzb	Num.30.14	יְפֵרֶֽ/נּוּ	6565 a	HVhi3ms/Sp3ms
04zyM	Num.30.15	וְ/אִם	c/518 a	HC/C
04ReG	Num.30.15	הַחֲרֵשׁ֩	2790 b	HVha
04fwY	Num.30.15	יַחֲרִ֨ישׁ	2790 b	HVhi3ms
04SRg	Num.30.15	לָ֥/הּ	l	HR/Sp3fs
04cko	Num.30.15	אִישָׁ/הּ֮	376	HNcmsc/Sp3fs
04fcp	Num.30.15	מִ/יּ֣וֹם	m/3117	HR/Ncmsa
04ZBs	Num.30.15	אֶל	413	HR
046Z7	Num.30.15	יוֹם֒	3117	HNcmsa
049vP	Num.30.15	וְ/הֵקִים֙	c/6965 b	HC/Vhq3ms
04SoK	Num.30.15	אֶת	853	HTo
04BZe	Num.30.15	כָּל	3605	HNcmsc
04nkd	Num.30.15	נְדָרֶ֔י/הָ	5088	HNcmpc/Sp3fs
042g5	Num.30.15	א֥וֹ	176 a	HC
04222	Num.30.15	אֶת	853	HTo
04pom	Num.30.15	כָּל	3605	HNcmsc
04gQa	Num.30.15	אֱסָרֶ֖י/הָ	632	HNcmpc/Sp3fs
04FPt	Num.30.15	אֲשֶׁ֣ר	834 a	HTr
04si5	Num.30.15	עָלֶ֑י/הָ	5921 a	HR/Sp3fs
04ehc	Num.30.15	הֵקִ֣ים	6965 b	HVhp3ms
04QET	Num.30.15	אֹתָ֔/ם	853	HTo/Sp3mp
04wtK	Num.30.15	כִּי	3588 a	HC
04WWz	Num.30.15	הֶחֱרִ֥שׁ	2790 b	HVhp3ms
04K8N	Num.30.15	לָ֖/הּ	l	HR/Sp3fs
04JnB	Num.30.15	בְּ/י֥וֹם	b/3117	HR/Ncmsc
04sSb	Num.30.15	שָׁמְעֽ/וֹ	8085	HVqc/Sp3ms
04C3r	Num.30.16	וְ/אִם	c/518 a	HC/C
04Uet	Num.30.16	הָפֵ֥ר	6565 a	HVha
04QiC	Num.30.16	יָפֵ֛ר	6565 a	HVhi3ms
04HGx	Num.30.16	אֹתָ֖/ם	853	HTo/Sp3mp
04z2e	Num.30.16	אַחֲרֵ֣י	310 a	HR
046Mg	Num.30.16	שָׁמְע֑/וֹ	8085	HVqc/Sp3ms
04FGy	Num.30.16	וְ/נָשָׂ֖א	c/5375	HC/Vqq3ms
04nAJ	Num.30.16	אֶת	853	HTo
04uD2	Num.30.16	עֲוֺנָֽ/הּ	5771	HNcbsc/Sp3fs
04Mza	Num.30.17	אֵ֣לֶּה	428	HPdxcp
04Nnd	Num.30.17	הַֽ/חֻקִּ֗ים	d/2706	HTd/Ncmpa
04fC6	Num.30.17	אֲשֶׁ֨ר	834 a	HTr
04Cxm	Num.30.17	צִוָּ֤ה	6680	HVpp3ms
04F22	Num.30.17	יְהוָה֙	3068	HNp
04LpP	Num.30.17	אֶת	853	HTo
04tUL	Num.30.17	מֹשֶׁ֔ה	4872	HNp
04k7V	Num.30.17	בֵּ֥ין	996	HR
046uY	Num.30.17	אִ֖ישׁ	376	HNcmsa
04H6H	Num.30.17	לְ/אִשְׁתּ֑/וֹ	l/802	HR/Ncfsc/Sp3ms
04fj8	Num.30.17	בֵּֽין	996	HR
04V5L	Num.30.17	אָ֣ב	1	HNcmsa
04L6Q	Num.30.17	לְ/בִתּ֔/וֹ	l/1323	HR/Ncfsc/Sp3ms
04R5T	Num.30.17	בִּ/נְעֻרֶ֖י/הָ	b/5271 a	HR/Ncbpc/Sp3fs
04smN	Num.30.17	בֵּ֥ית	1004 b	HNcmsc
04USM	Num.30.17	אָבִֽי/הָ	1	HNcmsc/Sp3fs
0491S	Num.31.1	וַ/יְדַבֵּ֥ר	c/1696	HC/Vpw3ms
04kEf	Num.31.1	יְהוָ֖ה	3068	HNp
04em7	Num.31.1	אֶל	413	HR
04B4o	Num.31.1	מֹשֶׁ֥ה	4872	HNp
04JhZ	Num.31.1	לֵּ/אמֹֽר	l/559	HR/Vqc
04bga	Num.31.2	נְקֹ֗ם	5358	HVqv2ms
047bY	Num.31.2	נִקְמַת֙	5360	HNcfsc
04QB6	Num.31.2	בְּנֵ֣י	1121 a	HNcmpc
049Lx	Num.31.2	יִשְׂרָאֵ֔ל	3478	HNp
04ccD	Num.31.2	מֵ/אֵ֖ת	m/854	HR/R
04m7G	Num.31.2	הַ/מִּדְיָנִ֑ים	d/4084	HTd/Ngmpa
04otq	Num.31.2	אַחַ֖ר	310 a	HR
04QYy	Num.31.2	תֵּאָסֵ֥ף	622	HVNi2ms
04hX1	Num.31.2	אֶל	413	HR
04Zc5	Num.31.2	עַמֶּֽי/ךָ	5971 b	HNcmpc/Sp2ms
04Wpy	Num.31.3	וַ/יְדַבֵּ֤ר	c/1696	HC/Vpw3ms
04BVC	Num.31.3	מֹשֶׁה֙	4872	HNp
04N7c	Num.31.3	אֶל	413	HR
04imt	Num.31.3	הָ/עָ֣ם	d/5971 a	HTd/Ncmsa
04cV5	Num.31.3	לֵ/אמֹ֔ר	l/559	HR/Vqc
04DKm	Num.31.3	הֵחָלְצ֧וּ	2502 b	HVNv2mp
04PYg	Num.31.3	מֵ/אִתְּ/כֶ֛ם	m/854	HR/R/Sp2mp
0414c	Num.31.3	אֲנָשִׁ֖ים	376	HNcmpa
043L3	Num.31.3	לַ/צָּבָ֑א	l/6635 a	HRd/Ncbsa
04NP1	Num.31.3	וְ/יִהְיוּ֙	c/1961	HC/Vqi3mp
04tLg	Num.31.3	עַל	5921 a	HR
04j2P	Num.31.3	מִדְיָ֔ן	4080	HNp
04t81	Num.31.3	לָ/תֵ֥ת	l/5414	HR/Vqc
04h5A	Num.31.3	נִקְמַת	5360	HNcfsc
04NAd	Num.31.3	יְהוָ֖ה	3068	HNp
04VQE	Num.31.3	בְּ/מִדְיָֽן	b/4080	HR/Np
04Nrc	Num.31.4	אֶ֚לֶף	505	HAcbsa
04vYR	Num.31.4	לַ/מַּטֶּ֔ה	l/4294	HRd/Ncmsa
04L7e	Num.31.4	אֶ֖לֶף	505	HAcbsa
04xhJ	Num.31.4	לַ/מַּטֶּ֑ה	l/4294	HRd/Ncmsa
04bvt	Num.31.4	לְ/כֹל֙	l/3605	HR/Ncmsc
041xx	Num.31.4	מַטּ֣וֹת	4294	HNcmpc
046eW	Num.31.4	יִשְׂרָאֵ֔ל	3478	HNp
04uxf	Num.31.4	תִּשְׁלְח֖וּ	7971	HVqi2mp
04vLL	Num.31.4	לַ/צָּבָֽא	l/6635 a	HRd/Ncbsa
04Wnx	Num.31.5	וַ/יִּמָּֽסְרוּ֙	c/4560	HC/VNw3mp
04eyp	Num.31.5	מֵ/אַלְפֵ֣י	m/505	HR/Acbpc
04Rqu	Num.31.5	יִשְׂרָאֵ֔ל	3478	HNp
04aSL	Num.31.5	אֶ֖לֶף	505	HAcbsa
04UeV	Num.31.5	לַ/מַּטֶּ֑ה	l/4294	HRd/Ncmsa
04BBV	Num.31.5	שְׁנֵים	8147	HAcmda
049Jv	Num.31.5	עָשָׂ֥ר	6240	HAcmsa
04hEG	Num.31.5	אֶ֖לֶף	505	HAcbsa
04GnM	Num.31.5	חֲלוּצֵ֥י	2502 b	HVqsmpc
0499c	Num.31.5	צָבָֽא	6635 a	HNcbsa
04S7P	Num.31.6	וַ/יִּשְׁלַ֨ח	c/7971	HC/Vqw3ms
04ZdL	Num.31.6	אֹתָ֥/ם	853	HTo/Sp3mp
04Dd6	Num.31.6	מֹשֶׁ֛ה	4872	HNp
0414S	Num.31.6	אֶ֥לֶף	505	HAcbsa
04Hms	Num.31.6	לַ/מַּטֶּ֖ה	l/4294	HRd/Ncmsa
04Ynh	Num.31.6	לַ/צָּבָ֑א	l/6635 a	HRd/Ncbsa
04Y5R	Num.31.6	אֹ֠תָ/ם	853	HTo/Sp3mp
041iU	Num.31.6	וְ/אֶת	c/853	HC/To
04jhs	Num.31.6	פִּ֨ינְחָ֜ס	6372	HNp
04hfC	Num.31.6	בֶּן	1121 a	HNcmsc
04UAk	Num.31.6	אֶלְעָזָ֤ר	499	HNp
041wT	Num.31.6	הַ/כֹּהֵן֙	d/3548	HTd/Ncmsa
04eqw	Num.31.6	לַ/צָּבָ֔א	l/6635 a	HRd/Ncbsa
04MGT	Num.31.6	וּ/כְלֵ֥י	c/3627	HC/Ncmpc
046JN	Num.31.6	הַ/קֹּ֛דֶשׁ	d/6944	HTd/Ncmsa
04yuX	Num.31.6	וַ/חֲצֹצְר֥וֹת	c/2689	HC/Ncfpc
041Nj	Num.31.6	הַ/תְּרוּעָ֖ה	d/8643	HTd/Ncfsa
04ELE	Num.31.6	בְּ/יָדֽ/וֹ	b/3027	HR/Ncbsc/Sp3ms
043X1	Num.31.7	וַֽ/יִּצְבְּאוּ֙	c/6633	HC/Vqw3mp
04NtW	Num.31.7	עַל	5921 a	HR
045Ta	Num.31.7	מִדְיָ֔ן	4080	HNp
04Uy8	Num.31.7	כַּ/אֲשֶׁ֛ר	k/834 d	HR/Tr
04Vfn	Num.31.7	צִוָּ֥ה	6680	HVpp3ms
04yG4	Num.31.7	יְהוָ֖ה	3068	HNp
04bpG	Num.31.7	אֶת	853	HTo
04QVv	Num.31.7	מֹשֶׁ֑ה	4872	HNp
04kHb	Num.31.7	וַ/יַּֽהַרְג֖וּ	c/2026	HC/Vqw3mp
04pss	Num.31.7	כָּל	3605	HNcmsc
04y6V	Num.31.7	זָכָֽר	2145	HAamsa
048TT	Num.31.8	וְ/אֶת	c/853	HC/To
04gt7	Num.31.8	מַלְכֵ֨י	4428	HNcmpc
04dR3	Num.31.8	מִדְיָ֜ן	4080	HNp
04pmS	Num.31.8	הָרְג֣וּ	2026	HVqp3cp
04rdU	Num.31.8	עַל	5921 a	HR
04XHX	Num.31.8	חַלְלֵי/הֶ֗ם	2491 a	HAampc/Sp3mp
04HZ4	Num.31.8	אֶת	853	HTo
04phf	Num.31.8	אֱוִ֤י	189	HNp
04thj	Num.31.8	וְ/אֶת	c/853	HC/To
04Fgu	Num.31.8	רֶ֨קֶם֙	7552	HNp
04s59	Num.31.8	וְ/אֶת	c/853	HC/To
04mJ4	Num.31.8	צ֤וּר	6698	HNp
04mq1	Num.31.8	וְ/אֶת	c/853	HC/To
045wY	Num.31.8	חוּר֙	2354	HNp
04dRa	Num.31.8	וְ/אֶת	c/853	HC/To
045ba	Num.31.8	רֶ֔בַע	7254	HNp
04Kez	Num.31.8	חֲמֵ֖שֶׁת	2568	HAcmsc
04QFW	Num.31.8	מַלְכֵ֣י	4428	HNcmpc
047E1	Num.31.8	מִדְיָ֑ן	4080	HNp
04uQs	Num.31.8	וְ/אֵת֙	c/853	HC/To
04DVy	Num.31.8	בִּלְעָ֣ם	1109 a	HNp
049ax	Num.31.8	בֶּן	1121 a	HNcmsc
048xQ	Num.31.8	בְּע֔וֹר	1160	HNp
04xax	Num.31.8	הָרְג֖וּ	2026	HVqp3cp
04UrJ	Num.31.8	בֶּ/חָֽרֶב	b/2719	HRd/Ncfsa
04QfD	Num.31.9	וַ/יִּשְׁבּ֧וּ	c/7617	HC/Vqw3mp
049bG	Num.31.9	בְנֵי	1121 a	HNcmpc
04UNy	Num.31.9	יִשְׂרָאֵ֛ל	3478	HNp
04UXz	Num.31.9	אֶת	853	HTo
04xKb	Num.31.9	נְשֵׁ֥י	802	HNcfpc
04MJ2	Num.31.9	מִדְיָ֖ן	4080	HNp
04dj6	Num.31.9	וְ/אֶת	c/853	HC/To
045ca	Num.31.9	טַפָּ֑/ם	2945	HNcmsc/Sp3mp
0467J	Num.31.9	וְ/אֵ֨ת	c/853	HC/To
04qvy	Num.31.9	כָּל	3605	HNcmsc
04HKr	Num.31.9	בְּהֶמְתָּ֧/ם	929	HNcfsc/Sp3mp
04EFM	Num.31.9	וְ/אֶת	c/853	HC/To
04Z82	Num.31.9	כָּל	3605	HNcmsc
04g8w	Num.31.9	מִקְנֵ/הֶ֛ם	4735	HNcmsc/Sp3mp
04GY8	Num.31.9	וְ/אֶת	c/853	HC/To
04Xad	Num.31.9	כָּל	3605	HNcmsc
04FkD	Num.31.9	חֵילָ֖/ם	2428	HNcmsc/Sp3mp
043kN	Num.31.9	בָּזָֽזוּ	962	HVqp3cp
04CVF	Num.31.10	וְ/אֵ֤ת	c/853	HC/To
04YFH	Num.31.10	כָּל	3605	HNcmsc
04A6X	Num.31.10	עָרֵי/הֶם֙	5892 b	HNcfpc/Sp3mp
04csc	Num.31.10	בְּ/מ֣וֹשְׁבֹתָ֔/ם	b/4186	HR/Ncmpc/Sp3mp
04HGd	Num.31.10	וְ/אֵ֖ת	c/853	HC/To
04YoL	Num.31.10	כָּל	3605	HNcmsc
04hoh	Num.31.10	טִֽירֹתָ֑/ם	2918	HNcfpc/Sp3mp
04knm	Num.31.10	שָׂרְפ֖וּ	8313	HVqp3cp
04gaY	Num.31.10	בָּ/אֵֽשׁ	b/784	HRd/Ncbsa
04kaH	Num.31.11	וַ/יִּקְחוּ֙	c/3947	HC/Vqw3mp
0487n	Num.31.11	אֶת	853	HTo
04FHv	Num.31.11	כָּל	3605	HNcmsc
04Lq6	Num.31.11	הַ/שָּׁלָ֔ל	d/7998	HTd/Ncmsa
04Qc3	Num.31.11	וְ/אֵ֖ת	c/853	HC/To
04uUM	Num.31.11	כָּל	3605	HNcmsc
04F2x	Num.31.11	הַ/מַּלְק֑וֹחַ	d/4455 a	HTd/Ncmsa
04D4g	Num.31.11	בָּ/אָדָ֖ם	b/120	HRd/Ncmsa
04aDm	Num.31.11	וּ/בַ/בְּהֵמָֽה	c/b/929	HC/Rd/Ncfsa
043Qd	Num.31.12	וַ/יָּבִ֡אוּ	c/935	HC/Vhw3mp
04N9M	Num.31.12	אֶל	413	HR
04pMP	Num.31.12	מֹשֶׁה֩	4872	HNp
04FoR	Num.31.12	וְ/אֶל	c/413	HC/R
04zFx	Num.31.12	אֶלְעָזָ֨ר	499	HNp
04LSR	Num.31.12	הַ/כֹּהֵ֜ן	d/3548	HTd/Ncmsa
04H6c	Num.31.12	וְ/אֶל	c/413	HC/R
04oyW	Num.31.12	עֲדַ֣ת	5712	HNcfsc
045NW	Num.31.12	בְּנֵֽי	1121 a	HNcmpc
04NM6	Num.31.12	יִשְׂרָאֵ֗ל	3478	HNp
04iNv	Num.31.12	אֶת	853	HTo
04Smf	Num.31.12	הַ/שְּׁבִ֧י	d/7628 a	HTd/Ncbsa
04nwK	Num.31.12	וְ/אֶת	c/853	HC/To
04UEY	Num.31.12	הַ/מַּלְק֛וֹחַ	d/4455 a	HTd/Ncmsa
04q89	Num.31.12	וְ/אֶת	c/853	HC/To
04T93	Num.31.12	הַ/שָּׁלָ֖ל	d/7998	HTd/Ncmsa
04TzH	Num.31.12	אֶל	413	HR
047LU	Num.31.12	הַֽ/מַּחֲנֶ֑ה	d/4264	HTd/Ncbsa
04qPv	Num.31.12	אֶל	413	HR
046vN	Num.31.12	עַֽרְבֹ֣ת	6160	HNcfpc
04eN9	Num.31.12	מוֹאָ֔ב	4124	HNp
049FH	Num.31.12	אֲשֶׁ֖ר	834 a	HTr
04wtn	Num.31.12	עַל	5921 a	HR
04UqK	Num.31.12	יַרְדֵּ֥ן	3383	HNp
04Vif	Num.31.12	יְרֵחֽוֹ	3405	HNp
04tiY	Num.31.13	וַ/יֵּ֨צְא֜וּ	c/3318	HC/Vqw3mp
04dC9	Num.31.13	מֹשֶׁ֨ה	4872	HNp
04yuT	Num.31.13	וְ/אֶלְעָזָ֧ר	c/499	HC/Np
049HE	Num.31.13	הַ/כֹּהֵ֛ן	d/3548	HTd/Ncmsa
041JH	Num.31.13	וְ/כָל	c/3605	HC/Ncmsc
04da7	Num.31.13	נְשִׂיאֵ֥י	5387 a	HNcmpc
04cre	Num.31.13	הָ/עֵדָ֖ה	d/5712	HTd/Ncfsa
04CDx	Num.31.13	לִ/קְרָאתָ֑/ם	l/7125	HR/Vqc/Sp3mp
04nC8	Num.31.13	אֶל	413	HR
04tXF	Num.31.13	מִ/ח֖וּץ	m/2351	HR/Ncmsa
04c7T	Num.31.13	לַֽ/מַּחֲנֶֽה	l/4264	HRd/Ncbsa
04zT8	Num.31.14	וַ/יִּקְצֹ֣ף	c/7107	HC/Vqw3ms
04KSt	Num.31.14	מֹשֶׁ֔ה	4872	HNp
048q7	Num.31.14	עַ֖ל	5921 a	HR
04uRN	Num.31.14	פְּקוּדֵ֣י	6485 a	HVqsmpc
04GK7	Num.31.14	הֶ/חָ֑יִל	d/2428	HTd/Ncmsa
04DsT	Num.31.14	שָׂרֵ֤י	8269	HNcmpc
04HDg	Num.31.14	הָ/אֲלָפִים֙	d/505	HTd/Acbpa
04tey	Num.31.14	וְ/שָׂרֵ֣י	c/8269	HC/Ncmpc
04jSe	Num.31.14	הַ/מֵּא֔וֹת	d/3967	HTd/Acbpa
04AzV	Num.31.14	הַ/בָּאִ֖ים	d/935	HTd/Vqrmpa
04LVv	Num.31.14	מִ/צְּבָ֥א	m/6635 a	HR/Ncbsc
04Twt	Num.31.14	הַ/מִּלְחָמָֽה	d/4421	HTd/Ncfsa
04FpV	Num.31.15	וַ/יֹּ֥אמֶר	c/559	HC/Vqw3ms
04ZTF	Num.31.15	אֲלֵי/הֶ֖ם	413	HR/Sp3mp
04gSV	Num.31.15	מֹשֶׁ֑ה	4872	HNp
04YL9	Num.31.15	הַֽ/חִיִּיתֶ֖ם	d/2421	HTi/Vpp2mp
04sqW	Num.31.15	כָּל	3605	HNcmsc
04Z3K	Num.31.15	נְקֵבָֽה	5347	HNcfsa
04CP1	Num.31.16	הֵ֣ן	2005	HTm
042VA	Num.31.16	הֵ֜נָּה	2007	HPp3fp
04aYX	Num.31.16	הָי֨וּ	1961	HVqp3cp
04njq	Num.31.16	לִ/בְנֵ֤י	l/1121 a	HR/Ncmpc
04Rnv	Num.31.16	יִשְׂרָאֵל֙	3478	HNp
04PCr	Num.31.16	בִּ/דְבַ֣ר	b/1697	HR/Ncmsc
04A64	Num.31.16	בִּלְעָ֔ם	1109 a	HNp
048vJ	Num.31.16	לִ/מְסָר	l/4560	HR/Vqc
04Kxy	Num.31.16	מַ֥עַל	4604	HNcmsa
042J6	Num.31.16	בַּ/יהוָ֖ה	b/3068	HR/Np
045Bz	Num.31.16	עַל	5921 a	HR
04Bsz	Num.31.16	דְּבַר	1697	HNcmsc
04TAs	Num.31.16	פְּע֑וֹר	6465	HNp
04UQv	Num.31.16	וַ/תְּהִ֥י	c/1961	HC/Vqw3fs
04ZYA	Num.31.16	הַ/מַּגֵּפָ֖ה	d/4046	HTd/Ncfsa
04GTn	Num.31.16	בַּ/עֲדַ֥ת	b/5712	HR/Ncfsc
04Jpi	Num.31.16	יְהוָֽה	3068	HNp
04N26	Num.31.17	וְ/עַתָּ֕ה	c/6258	HC/D
04PyS	Num.31.17	הִרְג֥וּ	2026	HVqv2mp
043wE	Num.31.17	כָל	3605	HNcmsc
04BmC	Num.31.17	זָכָ֖ר	2145	HAamsa
04vbW	Num.31.17	בַּ/טָּ֑ף	b/2945	HRd/Ncmsa
04VUb	Num.31.17	וְ/כָל	c/3605	HC/Ncmsc
04FCa	Num.31.17	אִשָּׁ֗ה	802	HNcfsa
049YC	Num.31.17	יֹדַ֥עַת	3045	HVqrfsa
04Ub9	Num.31.17	אִ֛ישׁ	376	HNcmsa
0448w	Num.31.17	לְ/מִשְׁכַּ֥ב	l/4904	HR/Ncmsc
04kz8	Num.31.17	זָכָ֖ר	2145	HAamsa
04VVi	Num.31.17	הֲרֹֽגוּ	2026	HVqv2mp
04TZL	Num.31.18	וְ/כֹל֙	c/3605	HC/Ncmsc
04joC	Num.31.18	הַ/טַּ֣ף	d/2945	HTd/Ncmsa
04ZR6	Num.31.18	בַּ/נָּשִׁ֔ים	b/802	HRd/Ncfpa
04hAW	Num.31.18	אֲשֶׁ֥ר	834 a	HTr
0471f	Num.31.18	לֹא	3808	HTn
04zgE	Num.31.18	יָדְע֖וּ	3045	HVqp3cp
049GF	Num.31.18	מִשְׁכַּ֣ב	4904	HNcmsc
04CoT	Num.31.18	זָכָ֑ר	2145	HAamsa
049bv	Num.31.18	הַחֲי֖וּ	2421	HVhv2mp
04PEh	Num.31.18	לָ/כֶֽם	l	HR/Sp2mp
0449p	Num.31.19	וְ/אַתֶּ֗ם	c/859 d	HC/Pp2mp
04PNm	Num.31.19	חֲנ֛וּ	2583	HVqv2mp
04Hvn	Num.31.19	מִ/ח֥וּץ	m/2351	HR/Ncmsa
04kgY	Num.31.19	לַֽ/מַּחֲנֶ֖ה	l/4264	HRd/Ncbsa
04qhh	Num.31.19	שִׁבְעַ֣ת	7651	HAcmsc
04x1E	Num.31.19	יָמִ֑ים	3117	HNcmpa
04X9n	Num.31.19	כֹּל֩	3605	HNcmsa
047jF	Num.31.19	הֹרֵ֨ג	2026	HVqrmsa
04XJg	Num.31.19	נֶ֜פֶשׁ	5315	HNcbsa
04kRY	Num.31.19	וְ/כֹ֣ל	c/3605	HC/Ncmsa
04wwA	Num.31.19	נֹגֵ֣עַ	5060	HVqrmsa
04ecy	Num.31.19	בֶּֽ/חָלָ֗ל	b/2491 a	HRd/Aamsa
04KW6	Num.31.19	תִּֽתְחַטְּא֞וּ	2398	HVti2mp
04egZ	Num.31.19	בַּ/יּ֤וֹם	b/3117	HRd/Ncmsa
049zj	Num.31.19	הַ/שְּׁלִישִׁי֙	d/7992	HTd/Aomsa
04wDm	Num.31.19	וּ/בַ/יּ֣וֹם	c/b/3117	HC/Rd/Ncmsa
04XBL	Num.31.19	הַ/שְּׁבִיעִ֔י	d/7637	HTd/Aomsa
0491A	Num.31.19	אַתֶּ֖ם	859 d	HPp2mp
04ShR	Num.31.19	וּ/שְׁבִי/כֶֽם	c/7628 a	HC/Ncbsc/Sp2mp
04ofP	Num.31.20	וְ/כָל	c/3605	HC/Ncmsc
04Ucb	Num.31.20	בֶּ֧גֶד	899 b	HNcmsa
041kC	Num.31.20	וְ/כָל	c/3605	HC/Ncmsc
04NaD	Num.31.20	כְּלִי	3627	HNcmsc
04Se2	Num.31.20	ע֛וֹר	5785	HNcmsa
04zk8	Num.31.20	וְ/כָל	c/3605	HC/Ncmsc
04KF6	Num.31.20	מַעֲשֵׂ֥ה	4639	HNcmsc
04MQB	Num.31.20	עִזִּ֖ים	5795	HNcfpa
04qmg	Num.31.20	וְ/כָל	c/3605	HC/Ncmsc
04LhH	Num.31.20	כְּלִי	3627	HNcmsc
04haF	Num.31.20	עֵ֑ץ	6086	HNcmsa
044cc	Num.31.20	תִּתְחַטָּֽאוּ	2398	HVti2mp
042sJ	Num.31.21	וַ/יֹּ֨אמֶר	c/559	HC/Vqw3ms
04BAU	Num.31.21	אֶלְעָזָ֤ר	499	HNp
0442z	Num.31.21	הַ/כֹּהֵן֙	d/3548	HTd/Ncmsa
043nU	Num.31.21	אֶל	413	HR
04gs1	Num.31.21	אַנְשֵׁ֣י	376	HNcmpc
04mv1	Num.31.21	הַ/צָּבָ֔א	d/6635 a	HTd/Ncbsa
04KRK	Num.31.21	הַ/בָּאִ֖ים	d/935	HTd/Vqrmpa
047Vu	Num.31.21	לַ/מִּלְחָמָ֑ה	l/4421	HRd/Ncfsa
04bru	Num.31.21	זֹ֚את	2063	HPdxfs
04msw	Num.31.21	חֻקַּ֣ת	2708	HNcbsc
04cVr	Num.31.21	הַ/תּוֹרָ֔ה	d/8451	HTd/Ncfsa
04Qeo	Num.31.21	אֲשֶׁר	834 a	HTr
04tqQ	Num.31.21	צִוָּ֥ה	6680	HVpp3ms
04KDK	Num.31.21	יְהוָ֖ה	3068	HNp
04MYs	Num.31.21	אֶת	853	HTo
047Zb	Num.31.21	מֹשֶֽׁה	4872	HNp
04CeH	Num.31.22	אַ֥ךְ	389	HTa
04fs7	Num.31.22	אֶת	853	HTo
042Pc	Num.31.22	הַ/זָּהָ֖ב	d/2091	HTd/Ncmsa
044Wc	Num.31.22	וְ/אֶת	c/853	HC/To
043gW	Num.31.22	הַ/כָּ֑סֶף	d/3701	HTd/Ncmsa
04hnp	Num.31.22	אֶֽת	853	HTo
043iK	Num.31.22	הַ/נְּחֹ֨שֶׁת֙	d/5178 a	HTd/Ncfsa
04abT	Num.31.22	אֶת	853	HTo
04pRx	Num.31.22	הַ/בַּרְזֶ֔ל	d/1270	HTd/Ncmsa
04sbX	Num.31.22	אֶֽת	853	HTo
04Se6	Num.31.22	הַ/בְּדִ֖יל	d/913	HTd/Ncmsa
04kBR	Num.31.22	וְ/אֶת	c/853	HC/To
04JkL	Num.31.22	הָ/עֹפָֽרֶת	d/5777	HTd/Ncfsa
04AuN	Num.31.23	כָּל	3605	HNcmsc
04Abp	Num.31.23	דָּבָ֞ר	1697	HNcmsa
04kFN	Num.31.23	אֲשֶׁר	834 a	HTr
041nB	Num.31.23	יָבֹ֣א	935	HVqi3ms
04bub	Num.31.23	בָ/אֵ֗שׁ	b/784	HRd/Ncbsa
0492o	Num.31.23	תַּעֲבִ֤ירוּ	5674 a	HVhi2mp
04oSz	Num.31.23	בָ/אֵשׁ֙	b/784	HRd/Ncbsa
049HU	Num.31.23	וְ/טָהֵ֔ר	c/2891	HC/Vqq3ms
048Ee	Num.31.23	אַ֕ךְ	389	HTa
04ZPw	Num.31.23	בְּ/מֵ֥י	b/4325	HR/Ncmpc
04iVf	Num.31.23	נִדָּ֖ה	5079	HNcfsa
04Jap	Num.31.23	יִתְחַטָּ֑א	2398	HVti3ms
049ju	Num.31.23	וְ/כֹ֨ל	c/3605	HC/Ncmsa
04vEh	Num.31.23	אֲשֶׁ֧ר	834 a	HTr
04oKS	Num.31.23	לֹֽא	3808	HTn
042XX	Num.31.23	יָבֹ֛א	935	HVqi3ms
04Gk7	Num.31.23	בָּ/אֵ֖שׁ	b/784	HRd/Ncbsa
047pL	Num.31.23	תַּעֲבִ֥ירוּ	5674 a	HVhi2mp
04VK3	Num.31.23	בַ/מָּֽיִם	b/4325	HRd/Ncmpa
04Xmd	Num.31.24	וְ/כִבַּסְתֶּ֧ם	c/3526	HC/Vpq2mp
04dHy	Num.31.24	בִּגְדֵי/כֶ֛ם	899 b	HNcmpc/Sp2mp
04oDM	Num.31.24	בַּ/יּ֥וֹם	b/3117	HRd/Ncmsa
04QmQ	Num.31.24	הַ/שְּׁבִיעִ֖י	d/7637	HTd/Aomsa
04fEZ	Num.31.24	וּ/טְהַרְתֶּ֑ם	c/2891	HC/Vqq2mp
04ScY	Num.31.24	וְ/אַחַ֖ר	c/310 a	HC/D
04zF1	Num.31.24	תָּבֹ֥אוּ	935	HVqi2mp
042DY	Num.31.24	אֶל	413	HR
04V2X	Num.31.24	הַֽ/מַּחֲנֶֽה	d/4264	HTd/Ncbsa
04aoH	Num.31.25	וַ/יֹּ֥אמֶר	c/559	HC/Vqw3ms
04xTB	Num.31.25	יְהוָ֖ה	3068	HNp
04c9W	Num.31.25	אֶל	413	HR
045wE	Num.31.25	מֹשֶׁ֥ה	4872	HNp
04Twf	Num.31.25	לֵּ/אמֹֽר	l/559	HR/Vqc
04hHi	Num.31.26	שָׂ֗א	5375	HVqv2ms
04cvU	Num.31.26	אֵ֣ת	853	HTo
04yHD	Num.31.26	רֹ֤אשׁ	7218 a	HNcmsc
04BQ7	Num.31.26	מַלְק֨וֹחַ֙	4455 a	HNcmsc
04HVA	Num.31.26	הַ/שְּׁבִ֔י	d/7628 a	HTd/Ncbsa
04dTu	Num.31.26	בָּ/אָדָ֖ם	b/120	HRd/Ncmsa
04fK4	Num.31.26	וּ/בַ/בְּהֵמָ֑ה	c/b/929	HC/Rd/Ncfsa
04KUb	Num.31.26	אַתָּה֙	859 a	HPp2ms
04MaM	Num.31.26	וְ/אֶלְעָזָ֣ר	c/499	HC/Np
04HEm	Num.31.26	הַ/כֹּהֵ֔ן	d/3548	HTd/Ncmsa
04Cuf	Num.31.26	וְ/רָאשֵׁ֖י	c/7218 a	HC/Ncmpc
0456i	Num.31.26	אֲב֥וֹת	1	HNcmpc
04HtA	Num.31.26	הָ/עֵדָֽה	d/5712	HTd/Ncfsa
04DY4	Num.31.27	וְ/חָצִ֨יתָ֙	c/2673	HC/Vqq2ms
04VwJ	Num.31.27	אֶת	853	HTo
04RBP	Num.31.27	הַ/מַּלְק֔וֹחַ	d/4455 a	HTd/Ncmsa
04N5H	Num.31.27	בֵּ֚ין	996	HR
04wF2	Num.31.27	תֹּפְשֵׂ֣י	8610	HVqrmpc
04Ee7	Num.31.27	הַ/מִּלְחָמָ֔ה	d/4421	HTd/Ncfsa
04WPj	Num.31.27	הַ/יֹּצְאִ֖ים	d/3318	HTd/Vqrmpa
04NGD	Num.31.27	לַ/צָּבָ֑א	l/6635 a	HRd/Ncbsa
04rVy	Num.31.27	וּ/בֵ֖ין	c/996	HC/R
041sc	Num.31.27	כָּל	3605	HNcmsc
04pMJ	Num.31.27	הָ/עֵדָֽה	d/5712	HTd/Ncfsa
04JUP	Num.31.28	וַ/הֲרֵמֹתָ֨	c/7311 a	HC/Vhq2ms
04xzE	Num.31.28	מֶ֜כֶס	4371	HNcmsa
046Jh	Num.31.28	לַֽ/יהוָ֗ה	l/3068	HR/Np
04Lr7	Num.31.28	מֵ/אֵ֞ת	m/854	HR/R
04wZb	Num.31.28	אַנְשֵׁ֤י	376	HNcmpc
04fbm	Num.31.28	הַ/מִּלְחָמָה֙	d/4421	HTd/Ncfsa
04dL2	Num.31.28	הַ/יֹּצְאִ֣ים	d/3318	HTd/Vqrmpa
04Jnk	Num.31.28	לַ/צָּבָ֔א	l/6635 a	HRd/Ncbsa
04SGv	Num.31.28	אֶחָ֣ד	259	HAcmsa
04qEw	Num.31.28	נֶ֔פֶשׁ	5315	HNcbsa
04tWu	Num.31.28	מֵ/חֲמֵ֖שׁ	m/2568	HR/Acfsa
04B9Z	Num.31.28	הַ/מֵּא֑וֹת	d/3967	HTd/Acbpa
045yS	Num.31.28	מִן	4480 a	HR
043EJ	Num.31.28	הָ/אָדָם֙	d/120	HTd/Ncmsa
048K1	Num.31.28	וּ/מִן	c/4480 a	HC/R
047XQ	Num.31.28	הַ/בָּקָ֔ר	d/1241	HTd/Ncbsa
04WTG	Num.31.28	וּ/מִן	c/4480 a	HC/R
049PN	Num.31.28	הַ/חֲמֹרִ֖ים	d/2543	HTd/Ncbpa
04yLT	Num.31.28	וּ/מִן	c/4480 a	HC/R
04eXf	Num.31.28	הַ/צֹּֽאן	d/6629	HTd/Ncbsa
04JhX	Num.31.29	מִ/מַּֽחֲצִיתָ֖/ם	m/4276	HR/Ncfsc/Sp3mp
04X8T	Num.31.29	תִּקָּ֑חוּ	3947	HVqi2mp
044D5	Num.31.29	וְ/נָתַתָּ֛ה	c/5414	HC/Vqq2ms
04eFs	Num.31.29	לְ/אֶלְעָזָ֥ר	l/499	HR/Np
048f9	Num.31.29	הַ/כֹּהֵ֖ן	d/3548	HTd/Ncmsa
04knP	Num.31.29	תְּרוּמַ֥ת	8641	HNcfsc
04t1F	Num.31.29	יְהוָֽה	3068	HNp
04gB7	Num.31.30	וּ/מִ/מַּחֲצִ֨ת	c/m/4276	HC/R/Ncfsc
04MuJ	Num.31.30	בְּנֵֽי	1121 a	HNcmpc
04yGU	Num.31.30	יִשְׂרָאֵ֜ל	3478	HNp
04jBS	Num.31.30	תִּקַּ֣ח	3947	HVqi2ms
04xmn	Num.31.30	אֶחָ֣ד	259	HAcmsa
04uni	Num.31.30	אָחֻ֣ז	270	HVqsmsa
049vH	Num.31.30	מִן	4480 a	HR
045JN	Num.31.30	הַ/חֲמִשִּׁ֗ים	d/2572	HTd/Acbpa
043ii	Num.31.30	מִן	4480 a	HR
04rLF	Num.31.30	הָ/אָדָ֧ם	d/120	HTd/Ncmsa
04oE6	Num.31.30	מִן	4480 a	HR
04hZ5	Num.31.30	הַ/בָּקָ֛ר	d/1241	HTd/Ncbsa
04GMm	Num.31.30	מִן	4480 a	HR
04Pea	Num.31.30	הַ/חֲמֹרִ֥ים	d/2543	HTd/Ncbpa
04wD4	Num.31.30	וּ/מִן	c/4480 a	HC/R
04qs9	Num.31.30	הַ/צֹּ֖אן	d/6629	HTd/Ncbsa
04fnU	Num.31.30	מִ/כָּל	m/3605	HR/Ncmsc
04nXh	Num.31.30	הַ/בְּהֵמָ֑ה	d/929	HTd/Ncfsa
04xAp	Num.31.30	וְ/נָתַתָּ֤ה	c/5414	HC/Vqq2ms
04jfE	Num.31.30	אֹתָ/ם֙	853	HTo/Sp3mp
04nJH	Num.31.30	לַ/לְוִיִּ֔ם	l/3881	HRd/Ngmpa
04ChM	Num.31.30	שֹׁמְרֵ֕י	8104	HVqrmpc
04qKB	Num.31.30	מִשְׁמֶ֖רֶת	4931	HNcfsc
04huq	Num.31.30	מִשְׁכַּ֥ן	4908	HNcmsc
04JBt	Num.31.30	יְהוָֽה	3068	HNp
04Gzb	Num.31.31	וַ/יַּ֣עַשׂ	c/6213 a	HC/Vqw3ms
04Ks2	Num.31.31	מֹשֶׁ֔ה	4872	HNp
04e4v	Num.31.31	וְ/אֶלְעָזָ֖ר	c/499	HC/Np
04bMz	Num.31.31	הַ/כֹּהֵ֑ן	d/3548	HTd/Ncmsa
04mw3	Num.31.31	כַּ/אֲשֶׁ֛ר	k/834 d	HR/Tr
04HTJ	Num.31.31	צִוָּ֥ה	6680	HVpp3ms
04aUp	Num.31.31	יְהוָ֖ה	3068	HNp
04gTS	Num.31.31	אֶת	853	HTo
04UPq	Num.31.31	מֹשֶֽׁה	4872	HNp
04Wjr	Num.31.32	וַ/יְהִי֙	c/1961	HC/Vqw3ms
04vQV	Num.31.32	הַ/מַּלְק֔וֹחַ	d/4455 a	HTd/Ncmsa
04AHq	Num.31.32	יֶ֣תֶר	3499 a	HNcmsc
04A5h	Num.31.32	הַ/בָּ֔ז	d/957	HTd/Ncmsa
04qcL	Num.31.32	אֲשֶׁ֥ר	834 a	HTr
04DV1	Num.31.32	בָּזְז֖וּ	962	HVqp3cp
04SnS	Num.31.32	עַ֣ם	5971 a	HNcmsc
04jw1	Num.31.32	הַ/צָּבָ֑א	d/6635 a	HTd/Ncbsa
046TX	Num.31.32	צֹ֗אן	6629	HNcbsa
04dco	Num.31.32	שֵׁשׁ	8337	HAcfsa
04i2C	Num.31.32	מֵא֥וֹת	3967	HAcbpa
04BBo	Num.31.32	אֶ֛לֶף	505	HAcbsa
044sm	Num.31.32	וְ/שִׁבְעִ֥ים	c/7657	HC/Acbpa
04ZxZ	Num.31.32	אֶ֖לֶף	505	HAcbsa
04kwV	Num.31.32	וַ/חֲמֵֽשֶׁת	c/2568	HC/Acmsc
04uZZ	Num.31.32	אֲלָפִֽים	505	HAcbpa
049HJ	Num.31.33	וּ/בָקָ֕ר	c/1241	HC/Ncbsa
04irc	Num.31.33	שְׁנַ֥יִם	8147	HAcmda
04H8U	Num.31.33	וְ/שִׁבְעִ֖ים	c/7657	HC/Acbpa
04VMs	Num.31.33	אָֽלֶף	505	HAcbsa
04Kvq	Num.31.34	וַ/חֲמֹרִ֕ים	c/2543	HC/Ncbpa
04ZwH	Num.31.34	אֶחָ֥ד	259	HAcmsa
04LWa	Num.31.34	וְ/שִׁשִּׁ֖ים	c/8346	HC/Acbpa
04B8h	Num.31.34	אָֽלֶף	505	HAcbsa
04bgi	Num.31.35	וְ/נֶ֣פֶשׁ	c/5315	HC/Ncbsc
042kB	Num.31.35	אָדָ֔ם	120	HNcmsa
04vuj	Num.31.35	מִן	4480 a	HR
04vTn	Num.31.35	הַ֨/נָּשִׁ֔ים	d/802	HTd/Ncfpa
04gW3	Num.31.35	אֲשֶׁ֥ר	834 a	HTr
04f1A	Num.31.35	לֹֽא	3808	HTn
04UVx	Num.31.35	יָדְע֖וּ	3045	HVqp3cp
04yP8	Num.31.35	מִשְׁכַּ֣ב	4904	HNcmsc
04CJz	Num.31.35	זָכָ֑ר	2145	HAamsa
04Wtd	Num.31.35	כָּל	3605	HNcmsc
04LaU	Num.31.35	נֶ֕פֶשׁ	5315	HNcbsa
04E4D	Num.31.35	שְׁנַ֥יִם	8147	HAcmda
0425D	Num.31.35	וּ/שְׁלֹשִׁ֖ים	c/7970	HC/Acbpa
04W8v	Num.31.35	אָֽלֶף	505	HAcbsa
04gvU	Num.31.36	וַ/תְּהִי֙	c/1961	HC/Vqw3fs
04d6B	Num.31.36	הַֽ/מֶּחֱצָ֔ה	d/4275	HTd/Ncfsa
04wUz	Num.31.36	חֵ֕לֶק	2506 a	HNcmsc
04DUq	Num.31.36	הַ/יֹּצְאִ֖ים	d/3318	HTd/Vqrmpa
04jtK	Num.31.36	בַּ/צָּבָ֑א	b/6635 a	HRd/Ncbsa
04dbg	Num.31.36	מִסְפַּ֣ר	4557	HNcmsc
04XE3	Num.31.36	הַ/צֹּ֗אן	d/6629	HTd/Ncbsa
045Ae	Num.31.36	שְׁלֹשׁ	7969	HAcfsa
045LF	Num.31.36	מֵא֥וֹת	3967	HAcbpa
04EnA	Num.31.36	אֶ֨לֶף֙	505	HAcbsa
04qo9	Num.31.36	וּ/שְׁלֹשִׁ֣ים	c/7970	HC/Acbpa
042Ze	Num.31.36	אֶ֔לֶף	505	HAcbsa
04VLD	Num.31.36	וְ/שִׁבְעַ֥ת	c/7651	HC/Acmsc
043qz	Num.31.36	אֲלָפִ֖ים	505	HAcbpa
04pN5	Num.31.36	וַ/חֲמֵ֥שׁ	c/2568	HC/Acfsa
048Rn	Num.31.36	מֵאֽוֹת	3967	HAcbpa
04BbZ	Num.31.37	וַ/יְהִ֛י	c/1961	HC/Vqw3ms
04tiT	Num.31.37	הַ/מֶּ֥כֶס	d/4371	HTd/Ncmsa
04JoR	Num.31.37	לַֽ/יהוָ֖ה	l/3068	HR/Np
04mjR	Num.31.37	מִן	4480 a	HR
04p6B	Num.31.37	הַ/צֹּ֑אן	d/6629	HTd/Ncbsa
0414q	Num.31.37	שֵׁ֥שׁ	8337	HAcfsa
04qL2	Num.31.37	מֵא֖וֹת	3967	HAcbpa
04BDU	Num.31.37	חָמֵ֥שׁ	2568	HAcfsa
04fAD	Num.31.37	וְ/שִׁבְעִֽים	c/7657	HC/Acbpa
04dAs	Num.31.38	וְ/הַ֨/בָּקָ֔ר	c/d/1241	HC/Td/Ncbsa
04YU3	Num.31.38	שִׁשָּׁ֥ה	8337	HAcmsa
04FWw	Num.31.38	וּ/שְׁלֹשִׁ֖ים	c/7970	HC/Acbpa
04GqE	Num.31.38	אָ֑לֶף	505	HAcbsa
04j8b	Num.31.38	וּ/מִכְסָ֥/ם	c/4371	HC/Ncmsc/Sp3mp
04qW8	Num.31.38	לַ/יהוָ֖ה	l/3068	HR/Np
041MY	Num.31.38	שְׁנַ֥יִם	8147	HAcmda
04ZjJ	Num.31.38	וְ/שִׁבְעִֽים	c/7657	HC/Acbpa
041nr	Num.31.39	וַ/חֲמֹרִ֕ים	c/2543	HC/Ncbpa
04Ckg	Num.31.39	שְׁלֹשִׁ֥ים	7970	HAcbpa
042eF	Num.31.39	אֶ֖לֶף	505	HAcbsa
04vy1	Num.31.39	וַ/חֲמֵ֣שׁ	c/2568	HC/Acfsa
04WPF	Num.31.39	מֵא֑וֹת	3967	HAcbpa
04uxQ	Num.31.39	וּ/מִכְסָ֥/ם	c/4371	HC/Ncmsc/Sp3mp
04hWi	Num.31.39	לַֽ/יהוָ֖ה	l/3068	HR/Np
04TXB	Num.31.39	אֶחָ֥ד	259	HAcmsa
04dMk	Num.31.39	וְ/שִׁשִּֽׁים	c/8346	HC/Acbpa
044Xq	Num.31.40	וְ/נֶ֣פֶשׁ	c/5315	HC/Ncbsc
04Lwc	Num.31.40	אָדָ֔ם	120	HNcmsa
04663	Num.31.40	שִׁשָּׁ֥ה	8337	HAcmsa
04sxr	Num.31.40	עָשָׂ֖ר	6240	HAcmsa
04y6U	Num.31.40	אָ֑לֶף	505	HAcbsa
04fF9	Num.31.40	וּ/מִכְסָ/ם֙	c/4371	HC/Ncmsc/Sp3mp
04htb	Num.31.40	לַֽ/יהוָ֔ה	l/3068	HR/Np
04cqR	Num.31.40	שְׁנַ֥יִם	8147	HAcmda
046QS	Num.31.40	וּ/שְׁלֹשִׁ֖ים	c/7970	HC/Acbpa
04JeE	Num.31.40	נָֽפֶשׁ	5315	HNcbsa
04Krw	Num.31.41	וַ/יִּתֵּ֣ן	c/5414	HC/Vqw3ms
04xis	Num.31.41	מֹשֶׁ֗ה	4872	HNp
04xgT	Num.31.41	אֶת	853	HTo
046L4	Num.31.41	מֶ֨כֶס֙	4371	HNcmsa
044Hf	Num.31.41	תְּרוּמַ֣ת	8641	HNcfsc
04Ed4	Num.31.41	יְהוָ֔ה	3068	HNp
043Dd	Num.31.41	לְ/אֶלְעָזָ֖ר	l/499	HR/Np
041PZ	Num.31.41	הַ/כֹּהֵ֑ן	d/3548	HTd/Ncmsa
04e2h	Num.31.41	כַּ/אֲשֶׁ֛ר	k/834 d	HR/Tr
04ShJ	Num.31.41	צִוָּ֥ה	6680	HVpp3ms
04xVt	Num.31.41	יְהוָ֖ה	3068	HNp
04mo4	Num.31.41	אֶת	853	HTo
047X5	Num.31.41	מֹשֶֽׁה	4872	HNp
04smg	Num.31.42	וּ/מִֽ/מַּחֲצִ֖ית	c/m/4276	HC/R/Ncfsc
04XXv	Num.31.42	בְּנֵ֣י	1121 a	HNcmpc
04BuH	Num.31.42	יִשְׂרָאֵ֑ל	3478	HNp
04qer	Num.31.42	אֲשֶׁר֙	834 a	HTr
04o22	Num.31.42	חָצָ֣ה	2673	HVqp3ms
04619	Num.31.42	מֹשֶׁ֔ה	4872	HNp
04ng8	Num.31.42	מִן	4480 a	HR
04bRb	Num.31.42	הָ/אֲנָשִׁ֖ים	d/376	HTd/Ncmpa
041BG	Num.31.42	הַ/צֹּבְאִֽים	d/6633	HTd/Vqrmpa
04Nrj	Num.31.43	וַ/תְּהִ֛י	c/1961	HC/Vqw3fs
04bxk	Num.31.43	מֶחֱצַ֥ת	4275	HNcfsc
04Us3	Num.31.43	הָ/עֵדָ֖ה	d/5712	HTd/Ncfsa
04Nmf	Num.31.43	מִן	4480 a	HR
047pX	Num.31.43	הַ/צֹּ֑אן	d/6629	HTd/Ncbsa
04MWG	Num.31.43	שְׁלֹשׁ	7969	HAcfsa
04s43	Num.31.43	מֵא֥וֹת	3967	HAcbpa
04RmU	Num.31.43	אֶ֨לֶף֙	505	HAcbsa
04jtw	Num.31.43	וּ/שְׁלֹשִׁ֣ים	c/7970	HC/Acbpa
04br1	Num.31.43	אֶ֔לֶף	505	HAcbsa
04EiE	Num.31.43	שִׁבְעַ֥ת	7651	HAcmsc
04jA9	Num.31.43	אֲלָפִ֖ים	505	HAcbpa
04tGZ	Num.31.43	וַ/חֲמֵ֥שׁ	c/2568	HC/Acfsa
04nTH	Num.31.43	מֵאֽוֹת	3967	HAcbpa
048YN	Num.31.44	וּ/בָקָ֕ר	c/1241	HC/Ncbsa
04MZP	Num.31.44	שִׁשָּׁ֥ה	8337	HAcmsa
04u1k	Num.31.44	וּ/שְׁלֹשִׁ֖ים	c/7970	HC/Acbpa
04KYu	Num.31.44	אָֽלֶף	505	HAcbsa
04Nep	Num.31.45	וַ/חֲמֹרִ֕ים	c/2543	HC/Ncbpa
049di	Num.31.45	שְׁלֹשִׁ֥ים	7970	HAcbpa
04wFK	Num.31.45	אֶ֖לֶף	505	HAcbsa
04tZn	Num.31.45	וַ/חֲמֵ֥שׁ	c/2568	HC/Acfsa
041ex	Num.31.45	מֵאֽוֹת	3967	HAcbpa
04kkd	Num.31.46	וְ/נֶ֣פֶשׁ	c/5315	HC/Ncbsc
04XGe	Num.31.46	אָדָ֔ם	120	HNcmsa
04yzC	Num.31.46	שִׁשָּׁ֥ה	8337	HAcmsa
04YWW	Num.31.46	עָשָׂ֖ר	6240	HAcmsa
041pN	Num.31.46	אָֽלֶף	505	HAcbsa
04LX7	Num.31.47	וַ/יִּקַּ֨ח	c/3947	HC/Vqw3ms
04zGa	Num.31.47	מֹשֶׁ֜ה	4872	HNp
04MGv	Num.31.47	מִ/מַּחֲצִ֣ת	m/4276	HR/Ncfsc
04qCH	Num.31.47	בְּנֵֽי	1121 a	HNcmpc
04jDg	Num.31.47	יִשְׂרָאֵ֗ל	3478	HNp
042SV	Num.31.47	אֶת	853	HTo
0412D	Num.31.47	הָֽ/אָחֻז֙	d/270	HTd/Vqsmsa
04Lxy	Num.31.47	אֶחָ֣ד	259	HAcmsa
049ut	Num.31.47	מִן	4480 a	HR
04DTy	Num.31.47	הַ/חֲמִשִּׁ֔ים	d/2572	HTd/Acbpa
042Cp	Num.31.47	מִן	4480 a	HR
04xVz	Num.31.47	הָ/אָדָ֖ם	d/120	HTd/Ncmsa
04zLP	Num.31.47	וּ/מִן	c/4480 a	HC/R
04eRE	Num.31.47	הַ/בְּהֵמָ֑ה	d/929	HTd/Ncfsa
04vQL	Num.31.47	וַ/יִּתֵּ֨ן	c/5414	HC/Vqw3ms
04su9	Num.31.47	אֹתָ֜/ם	853	HTo/Sp3mp
04QFy	Num.31.47	לַ/לְוִיִּ֗ם	l/3881	HRd/Ngmpa
04yVq	Num.31.47	שֹֽׁמְרֵי֙	8104	HVqrmpc
04wmE	Num.31.47	מִשְׁמֶ֨רֶת֙	4931	HNcfsc
04w7b	Num.31.47	מִשְׁכַּ֣ן	4908	HNcmsc
042ZU	Num.31.47	יְהוָ֔ה	3068	HNp
04cjp	Num.31.47	כַּ/אֲשֶׁ֛ר	k/834 d	HR/Tr
04Lxw	Num.31.47	צִוָּ֥ה	6680	HVpp3ms
048X9	Num.31.47	יְהוָ֖ה	3068	HNp
04h6v	Num.31.47	אֶת	853	HTo
04u1C	Num.31.47	מֹשֶֽׁה	4872	HNp
04BZ7	Num.31.48	וַֽ/יִּקְרְבוּ֙	c/7126	HC/Vqw3mp
04Bag	Num.31.48	אֶל	413	HR
04BPL	Num.31.48	מֹשֶׁ֔ה	4872	HNp
04PKq	Num.31.48	הַ/פְּקֻדִ֕ים	d/6485 a	HTd/Vqsmpa
04eGB	Num.31.48	אֲשֶׁ֖ר	834 a	HTr
04NnE	Num.31.48	לְ/אַלְפֵ֣י	l/505	HR/Acbpc
04csg	Num.31.48	הַ/צָּבָ֑א	d/6635 a	HTd/Ncbsa
04MoA	Num.31.48	שָׂרֵ֥י	8269	HNcmpc
04dh4	Num.31.48	הָ/אֲלָפִ֖ים	d/505	HTd/Acbpa
04M71	Num.31.48	וְ/שָׂרֵ֥י	c/8269	HC/Ncmpc
04QF5	Num.31.48	הַ/מֵּאֽוֹת	d/3967	HTd/Acbpa
04hHd	Num.31.49	וַ/יֹּֽאמְרוּ֙	c/559	HC/Vqw3mp
04iQC	Num.31.49	אֶל	413	HR
043HZ	Num.31.49	מֹשֶׁ֔ה	4872	HNp
04kZK	Num.31.49	עֲבָדֶ֣י/ךָ	5650	HNcmpc/Sp2ms
043Zh	Num.31.49	נָֽשְׂא֗וּ	5375	HVqp3cp
04GTc	Num.31.49	אֶת	853	HTo
04emn	Num.31.49	רֹ֛אשׁ	7218 a	HNcmsc
04keE	Num.31.49	אַנְשֵׁ֥י	376	HNcmpc
04DQr	Num.31.49	הַ/מִּלְחָמָ֖ה	d/4421	HTd/Ncfsa
04vYZ	Num.31.49	אֲשֶׁ֣ר	834 a	HTr
04wcu	Num.31.49	בְּ/יָדֵ֑/נוּ	b/3027	HR/Ncbsc/Sp1cp
04ErB	Num.31.49	וְ/לֹא	c/3808	HC/Tn
04YfA	Num.31.49	נִפְקַ֥ד	6485 a	HVNp3ms
04Nj8	Num.31.49	מִמֶּ֖/נּוּ	4480 a	HR/Sp1cp
04TiZ	Num.31.49	אִֽישׁ	376	HNcmsa
04FYi	Num.31.50	וַ/נַּקְרֵ֞ב	c/7126	HC/Vhw1cp
04QLs	Num.31.50	אֶת	853	HTo
04FiY	Num.31.50	קָרְבַּ֣ן	7133 a	HNcmsc
04eQf	Num.31.50	יְהוָ֗ה	3068	HNp
04BTs	Num.31.50	אִישׁ֩	376	HNcmsa
04KrB	Num.31.50	אֲשֶׁ֨ר	834 a	HTr
04AgZ	Num.31.50	מָצָ֤א	4672	HVqp3ms
04pH1	Num.31.50	כְלִֽי	3627	HNcmsc
04jnM	Num.31.50	זָהָב֙	2091	HNcmsa
04uLE	Num.31.50	אֶצְעָדָ֣ה	685	HNcfsa
04MZd	Num.31.50	וְ/צָמִ֔יד	c/6781 a	HC/Ncmsa
04qBa	Num.31.50	טַבַּ֖עַת	2885	HNcfsa
04fL7	Num.31.50	עָגִ֣יל	5694	HNcmsa
047xq	Num.31.50	וְ/כוּמָ֑ז	c/3558	HC/Ncmsa
04SpP	Num.31.50	לְ/כַפֵּ֥ר	l/3722 a	HR/Vpc
04qs7	Num.31.50	עַל	5921 a	HR
04ZQj	Num.31.50	נַפְשֹׁתֵ֖י/נוּ	5315	HNcbpc/Sp1cp
04Uxi	Num.31.50	לִ/פְנֵ֥י	l/6440	HR/Ncbpc
04LWG	Num.31.50	יְהוָֽה	3068	HNp
04CNH	Num.31.51	וַ/יִּקַּ֨ח	c/3947	HC/Vqw3ms
04A7f	Num.31.51	מֹשֶׁ֜ה	4872	HNp
04rH9	Num.31.51	וְ/אֶלְעָזָ֧ר	c/499	HC/Np
04gVa	Num.31.51	הַ/כֹּהֵ֛ן	d/3548	HTd/Ncmsa
04mgf	Num.31.51	אֶת	853	HTo
04Hi8	Num.31.51	הַ/זָּהָ֖ב	d/2091	HTd/Ncmsa
04Znf	Num.31.51	מֵֽ/אִתָּ֑/ם	m/854	HR/R/Sp3mp
04Pfi	Num.31.51	כֹּ֖ל	3605	HNcmsc
041VM	Num.31.51	כְּלִ֥י	3627	HNcmsc
04uuC	Num.31.51	מַעֲשֶֽׂה	4639	HNcmsa
04HDV	Num.31.52	וַ/יְהִ֣י	c/1961	HC/Vqw3ms
049Cr	Num.31.52	כָּל	3605	HNcmsc
04Vvs	Num.31.52	זְהַ֣ב	2091	HNcmsc
04EXR	Num.31.52	הַ/תְּרוּמָ֗ה	d/8641	HTd/Ncfsa
04dHH	Num.31.52	אֲשֶׁ֤ר	834 a	HTr
04Ydu	Num.31.52	הֵרִ֨ימוּ֙	7311 a	HVhp3cp
04Lny	Num.31.52	לַֽ/יהוָ֔ה	l/3068	HR/Np
04mDr	Num.31.52	שִׁשָּׁ֨ה	8337	HAcmsa
046PR	Num.31.52	עָשָׂ֥ר	6240	HAcmsa
04W6d	Num.31.52	אֶ֛לֶף	505	HAcbsa
04qKg	Num.31.52	שְׁבַע	7651	HAcfsa
045CB	Num.31.52	מֵא֥וֹת	3967	HAcbpa
04bv8	Num.31.52	וַ/חֲמִשִּׁ֖ים	c/2572	HC/Acbpa
04oFY	Num.31.52	שָׁ֑קֶל	8255	HNcmsa
04xeJ	Num.31.52	מֵ/אֵת֙	m/854	HR/R
04MhG	Num.31.52	שָׂרֵ֣י	8269	HNcmpc
04Puj	Num.31.52	הָֽ/אֲלָפִ֔ים	d/505	HTd/Acbpa
04r7c	Num.31.52	וּ/מֵ/אֵ֖ת	c/m/853	HC/R/To
04tTM	Num.31.52	שָׂרֵ֥י	8269	HNcmpc
04cik	Num.31.52	הַ/מֵּאֽוֹת	d/3967	HTd/Acbpa
04ZPG	Num.31.53	אַנְשֵׁי֙	376	HNcmpc
04PUz	Num.31.53	הַ/צָּבָ֔א	d/6635 a	HTd/Ncbsa
04JxN	Num.31.53	בָּזְז֖וּ	962	HVqp3cp
04oqG	Num.31.53	אִ֥ישׁ	376	HNcmsa
04yH9	Num.31.53	לֽ/וֹ	l	HR/Sp3ms
04yWt	Num.31.54	וַ/יִּקַּ֨ח	c/3947	HC/Vqw3ms
04zte	Num.31.54	מֹשֶׁ֜ה	4872	HNp
04EcJ	Num.31.54	וְ/אֶלְעָזָ֤ר	c/499	HC/Np
04UhL	Num.31.54	הַ/כֹּהֵן֙	d/3548	HTd/Ncmsa
04jQJ	Num.31.54	אֶת	853	HTo
048Z8	Num.31.54	הַ/זָּהָ֔ב	d/2091	HTd/Ncmsa
042Lv	Num.31.54	מֵ/אֵ֛ת	m/854	HR/R
04bTa	Num.31.54	שָׂרֵ֥י	8269	HNcmpc
049SL	Num.31.54	הָ/אֲלָפִ֖ים	d/505	HTd/Acbpa
04Epe	Num.31.54	וְ/הַ/מֵּא֑וֹת	c/d/3967	HC/Td/Acbpa
04Bay	Num.31.54	וַ/יָּבִ֤אוּ	c/935	HC/Vhw3mp
04neE	Num.31.54	אֹת/וֹ֙	853	HTo/Sp3ms
04tFF	Num.31.54	אֶל	413	HR
046nt	Num.31.54	אֹ֣הֶל	168	HNcmsc
04Lgx	Num.31.54	מוֹעֵ֔ד	4150	HNcmsa
0411h	Num.31.54	זִכָּר֥וֹן	2146	HNcmsa
04mGn	Num.31.54	לִ/בְנֵֽי	l/1121 a	HR/Ncmpc
04dLa	Num.31.54	יִשְׂרָאֵ֖ל	3478	HNp
04Yfi	Num.31.54	לִ/פְנֵ֥י	l/6440	HR/Ncbpc
048u5	Num.31.54	יְהוָֽה	3068	HNp
04kLb	Num.32.1	וּ/מִקְנֶ֣ה	c/4735	HC/Ncmsa
04cNx	Num.32.1	רַ֗ב	7227 a	HAamsa
04Qdc	Num.32.1	הָיָ֞ה	1961	HVqp3ms
048kp	Num.32.1	לִ/בְנֵ֧י	l/1121 a	HR/Ncmpc
04V4i	Num.32.1	רְאוּבֵ֛ן	7205	HNp
04ZLb	Num.32.1	וְ/לִ/בְנֵי	c/l/1121 a	HC/R/Ncmpc
048mE	Num.32.1	גָ֖ד	1410	HNp
04XsU	Num.32.1	עָצ֣וּם	6099	HAamsa
04TyV	Num.32.1	מְאֹ֑ד	3966	HD
04Jot	Num.32.1	וַ/יִּרְא֞וּ	c/7200	HC/Vqw3mp
0469e	Num.32.1	אֶת	853	HTo
04kXU	Num.32.1	אֶ֤רֶץ	776	HNcbsc
04BPU	Num.32.1	יַעְזֵר֙	3270	HNp
04va8	Num.32.1	וְ/אֶת	c/853	HC/To
047Pb	Num.32.1	אֶ֣רֶץ	776	HNcbsc
04A8x	Num.32.1	גִּלְעָ֔ד	1568	HNp
04J1p	Num.32.1	וְ/הִנֵּ֥ה	c/2009	HC/Tm
04dXx	Num.32.1	הַ/מָּק֖וֹם	d/4725	HTd/Ncmsa
04SBD	Num.32.1	מְק֥וֹם	4725	HNcmsc
04UQE	Num.32.1	מִקְנֶֽה	4735	HNcmsa
04pzh	Num.32.2	וַ/יָּבֹ֥אוּ	c/935	HC/Vqw3mp
04wfi	Num.32.2	בְנֵֽי	1121 a	HNcmpc
04RpC	Num.32.2	גָ֖ד	1410	HNp
04nzn	Num.32.2	וּ/בְנֵ֣י	c/1121 a	HC/Ncmpc
04Ynr	Num.32.2	רְאוּבֵ֑ן	7205	HNp
04hEE	Num.32.2	וַ/יֹּאמְר֤וּ	c/559	HC/Vqw3mp
04BzL	Num.32.2	אֶל	413	HR
04CV7	Num.32.2	מֹשֶׁה֙	4872	HNp
04dZ7	Num.32.2	וְ/אֶל	c/413	HC/R
047Ek	Num.32.2	אֶלְעָזָ֣ר	499	HNp
04HCa	Num.32.2	הַ/כֹּהֵ֔ן	d/3548	HTd/Ncmsa
04aba	Num.32.2	וְ/אֶל	c/413	HC/R
045ZE	Num.32.2	נְשִׂיאֵ֥י	5387 a	HNcmpc
04viN	Num.32.2	הָ/עֵדָ֖ה	d/5712	HTd/Ncfsa
04BDh	Num.32.2	לֵ/אמֹֽר	l/559	HR/Vqc
04V9s	Num.32.3	עֲטָר֤וֹת	5852	HNp
04K1c	Num.32.3	וְ/דִיבֹן֙	c/1769	HC/Np
04tXR	Num.32.3	וְ/יַעְזֵ֣ר	c/3270	HC/Np
04Ydi	Num.32.3	וְ/נִמְרָ֔ה	c/5247	HC/Np
04KgB	Num.32.3	וְ/חֶשְׁבּ֖וֹן	c/2809	HC/Np
04y1E	Num.32.3	וְ/אֶלְעָלֵ֑ה	c/500	HC/Np
049B5	Num.32.3	וּ/שְׂבָ֥ם	c/7643	HC/Np
04eaS	Num.32.3	וּ/נְב֖וֹ	c/5015 a	HC/Np
04Pvf	Num.32.3	וּ/בְעֹֽן	c/1194	HC/Np
04jLY	Num.32.4	הָ/אָ֗רֶץ	d/776	HTd/Ncbsa
04sfH	Num.32.4	אֲשֶׁ֨ר	834 a	HTr
04G35	Num.32.4	הִכָּ֤ה	5221	HVhp3ms
04PB5	Num.32.4	יְהוָה֙	3068	HNp
04RNC	Num.32.4	לִ/פְנֵי֙	l/6440	HR/Ncbpc
04q5J	Num.32.4	עֲדַ֣ת	5712	HNcfsc
04Lgq	Num.32.4	יִשְׂרָאֵ֔ל	3478	HNp
04pr2	Num.32.4	אֶ֥רֶץ	776	HNcbsc
04mtw	Num.32.4	מִקְנֶ֖ה	4735	HNcmsa
04sru	Num.32.4	הִ֑וא	1931	HPp3fs
04oUL	Num.32.4	וְ/לַֽ/עֲבָדֶ֖י/ךָ	c/l/5650	HC/R/Ncmpc/Sp2ms
04Mgm	Num.32.4	מִקְנֶֽה	4735	HNcmsa
04shL	Num.32.5	וַ/יֹּאמְר֗וּ	c/559	HC/Vqw3mp
04tT9	Num.32.5	אִם	518 a	HC
049L4	Num.32.5	מָצָ֤אנוּ	4672	HVqp1cp
04YKR	Num.32.5	חֵן֙	2580	HNcmsa
04Hsk	Num.32.5	בְּ/עֵינֶ֔י/ךָ	b/5869 a	HR/Ncbdc/Sp2ms
04eER	Num.32.5	יֻתַּ֞ן	5414	HVHi3ms
04EqU	Num.32.5	אֶת	853	HTo
04qUe	Num.32.5	הָ/אָ֧רֶץ	d/776	HTd/Ncbsa
04pDK	Num.32.5	הַ/זֹּ֛את	d/2063	HTd/Pdxfs
04JkN	Num.32.5	לַ/עֲבָדֶ֖י/ךָ	l/5650	HR/Ncmpc/Sp2ms
04cdN	Num.32.5	לַ/אֲחֻזָּ֑ה	l/272	HR/Ncfsa
04MFW	Num.32.5	אַל	408	HTn
04bvn	Num.32.5	תַּעֲבִרֵ֖/נוּ	5674 a	HVhj2ms/Sp1cp
04TLU	Num.32.5	אֶת	853	HTo
04UyY	Num.32.5	הַ/יַּרְדֵּֽן	d/3383	HTd/Np
04s3F	Num.32.6	וַ/יֹּ֣אמֶר	c/559	HC/Vqw3ms
041tW	Num.32.6	מֹשֶׁ֔ה	4872	HNp
04eFg	Num.32.6	לִ/בְנֵי	l/1121 a	HR/Ncmpc
04Tpv	Num.32.6	גָ֖ד	1410	HNp
04NBr	Num.32.6	וְ/לִ/בְנֵ֣י	c/l/1121 a	HC/R/Ncmpc
04P3p	Num.32.6	רְאוּבֵ֑ן	7205	HNp
04bUu	Num.32.6	הַ/אַֽחֵי/כֶ֗ם	i/251	HTi/Ncmpc/Sp2mp
04an3	Num.32.6	יָבֹ֨אוּ֙	935	HVqi3mp
04JNX	Num.32.6	לַ/מִּלְחָמָ֔ה	l/4421	HRd/Ncfsa
04iNz	Num.32.6	וְ/אַתֶּ֖ם	c/859 d	HC/Pp2mp
04fM1	Num.32.6	תֵּ֥שְׁבוּ	3427	HVqi2mp
04qcu	Num.32.6	פֹֽה	6311	HD
04iXE	Num.32.7	וְ/לָ֣/מָּה	c/l/4100	HC/R/Ti
04wbr	Num.32.7	תנואו/ן	5106	HVqi2mp/Sn
046rm	Num.32.7	תְנִיא֔וּ/ן	5106	HVhi2mp/Sn
04cue	Num.32.7	אֶת	853	HTo
04312	Num.32.7	לֵ֖ב	3820 a	HNcmsc
04Cuw	Num.32.7	בְּנֵ֣י	1121 a	HNcmpc
04nKN	Num.32.7	יִשְׂרָאֵ֑ל	3478	HNp
04rD9	Num.32.7	מֵֽ/עֲבֹר֙	m/5674 a	HR/Vqc
04xDy	Num.32.7	אֶל	413	HR
04H8E	Num.32.7	הָ/אָ֔רֶץ	d/776	HTd/Ncbsa
04voH	Num.32.7	אֲשֶׁר	834 a	HTr
04tku	Num.32.7	נָתַ֥ן	5414	HVqp3ms
04T2h	Num.32.7	לָ/הֶ֖ם	l	HR/Sp3mp
04T3t	Num.32.7	יְהוָֽה	3068	HNp
04KQA	Num.32.8	כֹּ֥ה	3541	HD
04YF9	Num.32.8	עָשׂ֖וּ	6213 a	HVqp3cp
0478o	Num.32.8	אֲבֹתֵי/כֶ֑ם	1	HNcmpc/Sp2mp
04g76	Num.32.8	בְּ/שָׁלְחִ֥/י	b/7971	HR/Vqc/Sp1cs
04jLg	Num.32.8	אֹתָ֛/ם	853	HTo/Sp3mp
04aBW	Num.32.8	מִ/קָּדֵ֥שׁ	m/6947+	HR/Np
04U2J	Num.32.8	בַּרְנֵ֖עַ	6947	HNp
04eR9	Num.32.8	לִ/רְא֥וֹת	l/7200	HR/Vqc
04YPn	Num.32.8	אֶת	853	HTo
04c33	Num.32.8	הָ/אָֽרֶץ	d/776	HTd/Ncbsa
04KGw	Num.32.9	וַֽ/יַּעֲל֞וּ	c/5927	HC/Vqw3mp
04Emj	Num.32.9	עַד	5704	HR
049Cp	Num.32.9	נַ֣חַל	5158 a	HNcmsc
04MPE	Num.32.9	אֶשְׁכּ֗וֹל	812	HNp
04vhr	Num.32.9	וַ/יִּרְאוּ֙	c/7200	HC/Vqw3mp
04U5K	Num.32.9	אֶת	853	HTo
04fBY	Num.32.9	הָ/אָ֔רֶץ	d/776	HTd/Ncbsa
04RKR	Num.32.9	וַ/יָּנִ֕יאוּ	c/5106	HC/Vhw3mp
04R3W	Num.32.9	אֶת	853	HTo
04SdQ	Num.32.9	לֵ֖ב	3820 a	HNcmsc
04yXa	Num.32.9	בְּנֵ֣י	1121 a	HNcmpc
04YhX	Num.32.9	יִשְׂרָאֵ֑ל	3478	HNp
04jwS	Num.32.9	לְ/בִלְתִּי	l/1115	HR/C
04mUz	Num.32.9	בֹא֙	935	HVqc
0421o	Num.32.9	אֶל	413	HR
04YFX	Num.32.9	הָ/אָ֔רֶץ	d/776	HTd/Ncbsa
04eHH	Num.32.9	אֲשֶׁר	834 a	HTr
04q6n	Num.32.9	נָתַ֥ן	5414	HVqp3ms
04kem	Num.32.9	לָ/הֶ֖ם	l	HR/Sp3mp
048rf	Num.32.9	יְהוָֽה	3068	HNp
047CV	Num.32.10	וַ/יִּֽחַר	c/2734	HC/Vqw3ms
04VAx	Num.32.10	אַ֥ף	639	HTa
04kDj	Num.32.10	יְהוָ֖ה	3068	HNp
04A7n	Num.32.10	בַּ/יּ֣וֹם	b/3117	HRd/Ncmsa
04oLX	Num.32.10	הַ/ה֑וּא	d/1931	HTd/Pp3ms
04hj1	Num.32.10	וַ/יִּשָּׁבַ֖ע	c/7650	HC/VNw3ms
042Nj	Num.32.10	לֵ/אמֹֽר	l/559	HR/Vqc
04PLQ	Num.32.11	אִם	518 a	HC
048oJ	Num.32.11	יִרְא֨וּ	7200	HVqi3mp
04HD2	Num.32.11	הָ/אֲנָשִׁ֜ים	d/376	HTd/Ncmpa
04FrY	Num.32.11	הָ/עֹלִ֣ים	d/5927	HTd/Vqrmpa
04Lb2	Num.32.11	מִ/מִּצְרַ֗יִם	m/4714	HR/Np
04mjT	Num.32.11	מִ/בֶּ֨ן	m/1121 a	HR/Ncmsc
04ecc	Num.32.11	עֶשְׂרִ֤ים	6242	HAcbpa
044UY	Num.32.11	שָׁנָה֙	8141	HNcfsa
04FdL	Num.32.11	וָ/מַ֔עְלָ/ה	c/4605	HC/D/Sd
04BMG	Num.32.11	אֵ֚ת	853	HTo
04e8u	Num.32.11	הָ/אֲדָמָ֔ה	d/127	HTd/Ncfsa
04Lzs	Num.32.11	אֲשֶׁ֥ר	834 a	HTr
04m3o	Num.32.11	נִשְׁבַּ֛עְתִּי	7650	HVNp1cs
04z1v	Num.32.11	לְ/אַבְרָהָ֥ם	l/85	HR/Np
045z9	Num.32.11	לְ/יִצְחָ֖ק	l/3327	HR/Np
04ZSk	Num.32.11	וּֽ/לְ/יַעֲקֹ֑ב	c/l/3290	HC/R/Np
04Udn	Num.32.11	כִּ֥י	3588 a	HC
04NZk	Num.32.11	לֹא	3808	HTn
04EAG	Num.32.11	מִלְא֖וּ	4390	HVpp3cp
04jrm	Num.32.11	אַחֲרָֽ/י	310 a	HR/Sp1cs
04oKm	Num.32.12	בִּלְתִּ֞י	1115	HC
041dW	Num.32.12	כָּלֵ֤ב	3612	HNp
046d5	Num.32.12	בֶּן	1121 a	HNcmsc
04VRM	Num.32.12	יְפֻנֶּה֙	3312	HNp
04TkW	Num.32.12	הַ/קְּנִזִּ֔י	d/7074	HTd/Ngmsa
04n9V	Num.32.12	וִ/יהוֹשֻׁ֖עַ	c/3091	HC/Np
042Gy	Num.32.12	בִּן	1121 a	HNcmsc
04Pp8	Num.32.12	נ֑וּן	5126	HNp
04DDM	Num.32.12	כִּ֥י	3588 a	HC
04e5h	Num.32.12	מִלְא֖וּ	4390	HVpp3cp
047qk	Num.32.12	אַחֲרֵ֥י	310 a	HR
04pTF	Num.32.12	יְהוָֽה	3068	HNp
04GWW	Num.32.13	וַ/יִּֽחַר	c/2734	HC/Vqw3ms
04QzY	Num.32.13	אַ֤ף	639	HTa
04sUg	Num.32.13	יְהוָה֙	3068	HNp
04vWo	Num.32.13	בְּ/יִשְׂרָאֵ֔ל	b/3478	HR/Np
04xbx	Num.32.13	וַ/יְנִעֵ/ם֙	c/5128	HC/Vhw3ms/Sp3mp
04QsT	Num.32.13	בַּ/מִּדְבָּ֔ר	b/4057 b	HRd/Ncmsa
04Ljs	Num.32.13	אַרְבָּעִ֖ים	705	HAcbpa
04ziF	Num.32.13	שָׁנָ֑ה	8141	HNcfsa
04KSC	Num.32.13	עַד	5704	HR
04eg2	Num.32.13	תֹּם֙	8552	HVqc
04aaN	Num.32.13	כָּל	3605	HNcmsc
04Jik	Num.32.13	הַ/דּ֔וֹר	d/1755	HTd/Ncmsa
04W7g	Num.32.13	הָ/עֹשֶׂ֥ה	d/6213 a	HTd/Vqrmsa
04dna	Num.32.13	הָ/רַ֖ע	d/7451 a	HTd/Aamsa
04tRo	Num.32.13	בְּ/עֵינֵ֥י	b/5869 a	HR/Ncbdc
04TdH	Num.32.13	יְהוָֽה	3068	HNp
046r8	Num.32.14	וְ/הִנֵּ֣ה	c/2009	HC/Tm
04bdV	Num.32.14	קַמְתֶּ֗ם	6965 b	HVqp2mp
04zRj	Num.32.14	תַּ֚חַת	8478	HR
04HfK	Num.32.14	אֲבֹ֣תֵי/כֶ֔ם	1	HNcmpc/Sp2mp
04Frk	Num.32.14	תַּרְבּ֖וּת	8635	HNcfsc
04cmR	Num.32.14	אֲנָשִׁ֣ים	376	HNcmpa
04SEE	Num.32.14	חַטָּאִ֑ים	2400	HAampa
04wB9	Num.32.14	לִ/סְפּ֣וֹת	l/5595	HR/Vqc
04pLj	Num.32.14	ע֗וֹד	5750	HD
04wVs	Num.32.14	עַ֛ל	5921 a	HR
047jN	Num.32.14	חֲר֥וֹן	2740	HNcmsc
04oTG	Num.32.14	אַף	639	HTa
04eMh	Num.32.14	יְהוָ֖ה	3068	HNp
04aVP	Num.32.14	אֶל	413	HR
04n9y	Num.32.14	יִשְׂרָאֵֽל	3478	HNp
04Uu1	Num.32.15	כִּ֤י	3588 a	HC
041V7	Num.32.15	תְשׁוּבֻ/ן֙	7725	HVqi2mp/Sn
04QQ4	Num.32.15	מֵֽ/אַחֲרָ֔י/ו	m/310 a	HR/R/Sp3ms
04NFy	Num.32.15	וְ/יָסַ֣ף	c/3254	HC/Vqq3ms
04K1z	Num.32.15	ע֔וֹד	5750	HD
04bP8	Num.32.15	לְ/הַנִּיח֖/וֹ	l/3240	HR/Vhc/Sp3ms
04TG9	Num.32.15	בַּ/מִּדְבָּ֑ר	b/4057 b	HRd/Ncmsa
04yDT	Num.32.15	וְ/שִֽׁחַתֶּ֖ם	c/7843	HC/Vpq2mp
04Ch7	Num.32.15	לְ/כָל	l/3605	HR/Ncmsc
04cpv	Num.32.15	הָ/עָ֥ם	d/5971 a	HTd/Ncmsa
04RUz	Num.32.15	הַ/זֶּֽה	d/2088	HTd/Pdxms
04gqx	Num.32.16	וַ/יִּגְּשׁ֤וּ	c/5066	HC/Vqw3mp
04VEF	Num.32.16	אֵלָי/ו֙	413	HR/Sp3ms
04iCC	Num.32.16	וַ֣/יֹּאמְר֔וּ	c/559	HC/Vqw3mp
04ZBC	Num.32.16	גִּדְרֹ֥ת	1448	HNcfpc
04tkb	Num.32.16	צֹ֛אן	6629	HNcbsa
04tNK	Num.32.16	נִבְנֶ֥ה	1129	HVqi1cp
04cPh	Num.32.16	לְ/מִקְנֵ֖/נוּ	l/4735	HR/Ncmsc/Sp1cp
04JJ6	Num.32.16	פֹּ֑ה	6311	HD
04agN	Num.32.16	וְ/עָרִ֖ים	c/5892 b	HC/Ncfpa
04NcF	Num.32.16	לְ/טַפֵּֽ/נוּ	l/2945	HR/Ncmsc/Sp1cp
04CA9	Num.32.17	וַ/אֲנַ֜חְנוּ	c/587	HC/Pp1cp
042wA	Num.32.17	נֵחָלֵ֣ץ	2502 b	HVNi1cp
04HvU	Num.32.17	חֻשִׁ֗ים	2363 a	HVqsmpa
04rmU	Num.32.17	לִ/פְנֵי֙	l/6440	HR/Ncbpc
04gaM	Num.32.17	בְּנֵ֣י	1121 a	HNcmpc
04BLR	Num.32.17	יִשְׂרָאֵ֔ל	3478	HNp
04eT7	Num.32.17	עַ֛ד	5704	HR
04dWF	Num.32.17	אֲשֶׁ֥ר	834 a	HTr
04NHy	Num.32.17	אִם	518 a	HC
045au	Num.32.17	הֲבִֽיאֹנֻ֖/ם	935	HVhp1cp/Sp3mp
04kdM	Num.32.17	אֶל	413	HR
047aK	Num.32.17	מְקוֹמָ֑/ם	4725	HNcmsc/Sp3mp
04a1m	Num.32.17	וְ/יָשַׁ֤ב	c/3427	HC/Vqq3ms
04wBU	Num.32.17	טַפֵּ֨/נוּ֙	2945	HNcmsc/Sp1cp
047T3	Num.32.17	בְּ/עָרֵ֣י	b/5892 b	HR/Ncfpc
04tDP	Num.32.17	הַ/מִּבְצָ֔ר	d/4013	HTd/Ncmsa
04ePm	Num.32.17	מִ/פְּנֵ֖י	m/6440	HR/Ncbpc
04kDa	Num.32.17	יֹשְׁבֵ֥י	3427	HVqrmpc
04SfZ	Num.32.17	הָ/אָֽרֶץ	d/776	HTd/Ncbsa
04BSU	Num.32.18	לֹ֥א	3808	HTn
04hF5	Num.32.18	נָשׁ֖וּב	7725	HVqi1cp
04ucC	Num.32.18	אֶל	413	HR
04DNL	Num.32.18	בָּתֵּ֑י/נוּ	1004 b	HNcmpc/Sp1cp
04zig	Num.32.18	עַ֗ד	5704	HR
04bXH	Num.32.18	הִתְנַחֵל֙	5157	HVtc
04zSU	Num.32.18	בְּנֵ֣י	1121 a	HNcmpc
04dQq	Num.32.18	יִשְׂרָאֵ֔ל	3478	HNp
04Gff	Num.32.18	אִ֖ישׁ	376	HNcmsa
04UQD	Num.32.18	נַחֲלָתֽ/וֹ	5159	HNcfsc/Sp3ms
04Mwh	Num.32.19	כִּ֣י	3588 a	HC
04SAP	Num.32.19	לֹ֤א	3808	HTn
04Ppo	Num.32.19	נִנְחַל֙	5157	HVqi1cp
04JeF	Num.32.19	אִתָּ֔/ם	854	HR/Sp3mp
04Hji	Num.32.19	מֵ/עֵ֥בֶר	m/5676	HR/Ncmsa
04cHH	Num.32.19	לַ/יַּרְדֵּ֖ן	l/3383	HRd/Np
04SpY	Num.32.19	וָ/הָ֑לְאָה	c/1973	HC/D
04Poq	Num.32.19	כִּ֣י	3588 a	HC
04ps4	Num.32.19	בָ֤אָה	935	HVqp3fs
04s1Y	Num.32.19	נַחֲלָתֵ֨/נוּ֙	5159	HNcfsc/Sp1cp
04Jb2	Num.32.19	אֵלֵ֔י/נוּ	413	HR/Sp1cp
04xaA	Num.32.19	מֵ/עֵ֥בֶר	m/5676	HR/Ncmsc
04j1C	Num.32.19	הַ/יַּרְדֵּ֖ן	d/3383	HTd/Np
045Xc	Num.32.19	מִזְרָֽחָ/ה	4217	HNcmsa/Sd
04V3w	Num.32.20	וַ/יֹּ֤אמֶר	c/559	HC/Vqw3ms
048Rg	Num.32.20	אֲלֵי/הֶם֙	413	HR/Sp3mp
04Peo	Num.32.20	מֹשֶׁ֔ה	4872	HNp
04y4N	Num.32.20	אִֽם	518 a	HC
04xZi	Num.32.20	תַּעֲשׂ֖וּ/ן	6213 a	HVqi2mp/Sn
047qD	Num.32.20	אֶת	853	HTo
04PSi	Num.32.20	הַ/דָּבָ֣ר	d/1697	HTd/Ncmsa
04jUQ	Num.32.20	הַ/זֶּ֑ה	d/2088	HTd/Pdxms
04GiU	Num.32.20	אִם	518 a	HC
04ZuU	Num.32.20	תֵּחָֽלְצ֛וּ	2502 b	HVNi2mp
04WUn	Num.32.20	לִ/פְנֵ֥י	l/6440	HR/Ncbpc
04SQ8	Num.32.20	יְהוָ֖ה	3068	HNp
04CkG	Num.32.20	לַ/מִּלְחָמָֽה	l/4421	HRd/Ncfsa
0417e	Num.32.21	וְ/עָבַ֨ר	c/5674 a	HC/Vqq3ms
04FQP	Num.32.21	לָ/כֶ֧ם	l	HR/Sp2mp
04fuY	Num.32.21	כָּל	3605	HNcmsc
041RC	Num.32.21	חָל֛וּץ	2502 b	HVqsmsa
04Htx	Num.32.21	אֶת	853	HTo
04cWi	Num.32.21	הַ/יַּרְדֵּ֖ן	d/3383	HTd/Np
04i7h	Num.32.21	לִ/פְנֵ֣י	l/6440	HR/Ncbpc
04n7W	Num.32.21	יְהוָ֑ה	3068	HNp
04icZ	Num.32.21	עַ֧ד	5704	HR
041SH	Num.32.21	הוֹרִישׁ֛/וֹ	3423	HVhc/Sp3ms
043gR	Num.32.21	אֶת	853	HTo
04t4g	Num.32.21	אֹיְבָ֖י/ו	341	HVqrmpc/Sp3ms
04rUM	Num.32.21	מִ/פָּנָֽי/ו	m/6440	HR/Ncbpc/Sp3ms
04bhs	Num.32.22	וְ/נִכְבְּשָׁ֨ה	c/3533	HC/VNq3fs
04pRo	Num.32.22	הָ/אָ֜רֶץ	d/776	HTd/Ncbsa
046tR	Num.32.22	לִ/פְנֵ֤י	l/6440	HR/Ncbpc
041ns	Num.32.22	יְהוָה֙	3068	HNp
04rB6	Num.32.22	וְ/אַחַ֣ר	c/310 a	HC/D
04CSd	Num.32.22	תָּשֻׁ֔בוּ	7725	HVqi2mp
04MQX	Num.32.22	וִ/הְיִיתֶ֧ם	c/1961	HC/Vqq2mp
04UMC	Num.32.22	נְקִיִּ֛ים	5355 a	HAampa
04d41	Num.32.22	מֵ/יְהוָ֖ה	m/3068	HR/Np
04vU3	Num.32.22	וּ/מִ/יִּשְׂרָאֵ֑ל	c/m/3478	HC/R/Np
04kHa	Num.32.22	וְ֠/הָיְתָה	c/1961	HC/Vqq3fs
04kis	Num.32.22	הָ/אָ֨רֶץ	d/776	HTd/Ncbsa
048he	Num.32.22	הַ/זֹּ֥את	d/2063	HTd/Pdxfs
04w8N	Num.32.22	לָ/כֶ֛ם	l	HR/Sp2mp
041Kh	Num.32.22	לַ/אֲחֻזָּ֖ה	l/272	HR/Ncfsa
04pQw	Num.32.22	לִ/פְנֵ֥י	l/6440	HR/Ncbpc
04fk5	Num.32.22	יְהוָֽה	3068	HNp
049wE	Num.32.23	וְ/אִם	c/518 a	HC/C
04ouJ	Num.32.23	לֹ֤א	3808	HTn
04Fcy	Num.32.23	תַעֲשׂוּ/ן֙	6213 a	HVqi2mp/Sn
041ve	Num.32.23	כֵּ֔ן	3651 c	HTm
04L6H	Num.32.23	הִנֵּ֥ה	2009	HTm
04YXb	Num.32.23	חֲטָאתֶ֖ם	2398	HVqp2mp
04aGV	Num.32.23	לַ/יהוָ֑ה	l/3068	HR/Np
04Kw3	Num.32.23	וּ/דְעוּ֙	c/3045	HC/Vqv2mp
04a3s	Num.32.23	חַטַּאתְ/כֶ֔ם	2403 b	HNcfsc/Sp2mp
04KkH	Num.32.23	אֲשֶׁ֥ר	834 a	HTr
043wn	Num.32.23	תִּמְצָ֖א	4672	HVqi3fs
04pFV	Num.32.23	אֶתְ/כֶֽם	853	HTo/Sp2mp
04g6F	Num.32.24	בְּנֽוּ	1129	HVqv2mp
04Tnk	Num.32.24	לָ/כֶ֤ם	l	HR/Sp2mp
04cML	Num.32.24	עָרִים֙	5892 b	HNcfpa
046N4	Num.32.24	לְ/טַפְּ/כֶ֔ם	l/2945	HR/Ncmsc/Sp2mp
04CsR	Num.32.24	וּ/גְדֵרֹ֖ת	c/1448	HC/Ncfpa
04fKT	Num.32.24	לְ/צֹנַאֲ/כֶ֑ם	l/6792	HR/Ncmsc/Sp2mp
04jFR	Num.32.24	וְ/הַ/יֹּצֵ֥א	c/d/3318	HC/Td/Vqrmsa
04SuB	Num.32.24	מִ/פִּי/כֶ֖ם	m/6310	HR/Ncmsc/Sp2mp
047yC	Num.32.24	תַּעֲשֽׂוּ	6213 a	HVqi2mp
04XeN	Num.32.25	וַ/יֹּ֤אמֶר	c/559	HC/Vqw3ms
0467C	Num.32.25	בְּנֵי	1121 a	HNcmpc
0494L	Num.32.25	גָד֙	1410	HNp
04tFd	Num.32.25	וּ/בְנֵ֣י	c/1121 a	HC/Ncmpc
043BQ	Num.32.25	רְאוּבֵ֔ן	7205	HNp
04Rus	Num.32.25	אֶל	413	HR
04rBi	Num.32.25	מֹשֶׁ֖ה	4872	HNp
04y9b	Num.32.25	לֵ/אמֹ֑ר	l/559	HR/Vqc
04v6z	Num.32.25	עֲבָדֶ֣י/ךָ	5650	HNcmpc/Sp2ms
04fhb	Num.32.25	יַעֲשׂ֔וּ	6213 a	HVqi3mp
04j4h	Num.32.25	כַּ/אֲשֶׁ֥ר	k/834 d	HR/Tr
04mnH	Num.32.25	אֲדֹנִ֖/י	113	HNcmsc/Sp1cs
04iUM	Num.32.25	מְצַוֶּֽה	6680	HVprmsa
04pKX	Num.32.26	טַפֵּ֣/נוּ	2945	HNcmsc/Sp1cp
04tV8	Num.32.26	נָשֵׁ֔י/נוּ	802	HNcfpc/Sp1cp
04HoG	Num.32.26	מִקְנֵ֖/נוּ	4735	HNcmsc/Sp1cp
04YFZ	Num.32.26	וְ/כָל	c/3605	HC/Ncmsc
04gxk	Num.32.26	בְּהֶמְתֵּ֑/נוּ	929	HNcfsc/Sp1cp
04Zx3	Num.32.26	יִֽהְיוּ	1961	HVqi3mp
04792	Num.32.26	שָׁ֖ם	8033	HD
04zXQ	Num.32.26	בְּ/עָרֵ֥י	b/5892 b	HR/Ncfpc
04iiq	Num.32.26	הַ/גִּלְעָֽד	d/1568	HTd/Np
04fSe	Num.32.27	וַ/עֲבָדֶ֨י/ךָ	c/5650	HC/Ncmpc/Sp2ms
04JF6	Num.32.27	יַֽעַבְר֜וּ	5674 a	HVqi3mp
04e9c	Num.32.27	כָּל	3605	HNcmsc
04czb	Num.32.27	חֲל֥וּץ	2502 b	HVqsmsc
047VJ	Num.32.27	צָבָ֛א	6635 a	HNcbsa
04LSM	Num.32.27	לִ/פְנֵ֥י	l/6440	HR/Ncbpc
04NZ8	Num.32.27	יְהוָ֖ה	3068	HNp
049ra	Num.32.27	לַ/מִּלְחָמָ֑ה	l/4421	HRd/Ncfsa
04Kxw	Num.32.27	כַּ/אֲשֶׁ֥ר	k/834 d	HR/Tr
04JB7	Num.32.27	אֲדֹנִ֖/י	113	HNcmsc/Sp1cs
047Xi	Num.32.27	דֹּבֵֽר	1696	HVqrmsa
04hMq	Num.32.28	וַ/יְצַ֤ו	c/6680	HC/Vpw3ms
04JJg	Num.32.28	לָ/הֶם֙	l	HR/Sp3mp
04SzK	Num.32.28	מֹשֶׁ֔ה	4872	HNp
04dHX	Num.32.28	אֵ֚ת	853	HTo
04faw	Num.32.28	אֶלְעָזָ֣ר	499	HNp
04reF	Num.32.28	הַ/כֹּהֵ֔ן	d/3548	HTd/Ncmsa
04P1C	Num.32.28	וְ/אֵ֖ת	c/853	HC/To
04RGN	Num.32.28	יְהוֹשֻׁ֣עַ	3091	HNp
04taf	Num.32.28	בִּן	1121 a	HNcmsc
04HZ9	Num.32.28	נ֑וּן	5126	HNp
04uij	Num.32.28	וְ/אֶת	c/853	HC/To
04UED	Num.32.28	רָאשֵׁ֛י	7218 a	HNcmpc
04MWQ	Num.32.28	אֲב֥וֹת	1	HNcmpc
047iK	Num.32.28	הַ/מַּטּ֖וֹת	d/4294	HTd/Ncmpa
04eYq	Num.32.28	לִ/בְנֵ֥י	l/1121 a	HR/Ncmpc
043St	Num.32.28	יִשְׂרָאֵֽל	3478	HNp
04J5e	Num.32.29	וַ/יֹּ֨אמֶר	c/559	HC/Vqw3ms
042HM	Num.32.29	מֹשֶׁ֜ה	4872	HNp
04UqM	Num.32.29	אֲלֵ/הֶ֗ם	413	HR/Sp3mp
04yHw	Num.32.29	אִם	518 a	HC
04xWb	Num.32.29	יַעַבְר֣וּ	5674 a	HVqi3mp
04Qhn	Num.32.29	בְנֵי	1121 a	HNcmpc
042L5	Num.32.29	גָ֣ד	1410	HNp
04i26	Num.32.29	וּ/בְנֵי	c/1121 a	HC/Ncmpc
04VmF	Num.32.29	רְאוּבֵ֣ן	7205	HNp
04xUe	Num.32.29	אִ֠תְּ/כֶם	854	HR/Sp2mp
04YeX	Num.32.29	אֶֽת	853	HTo
04FUK	Num.32.29	הַ/יַּרְדֵּ֞ן	d/3383	HTd/Np
04ZrX	Num.32.29	כָּל	3605	HNcmsc
04Yyx	Num.32.29	חָל֤וּץ	2502 b	HVqsmsa
04svB	Num.32.29	לַ/מִּלְחָמָה֙	l/4421	HRd/Ncfsa
04iAP	Num.32.29	לִ/פְנֵ֣י	l/6440	HR/Ncbpc
04BGj	Num.32.29	יְהוָ֔ה	3068	HNp
04BLZ	Num.32.29	וְ/נִכְבְּשָׁ֥ה	c/3533	HC/VNq3fs
046kv	Num.32.29	הָ/אָ֖רֶץ	d/776	HTd/Ncbsa
046F5	Num.32.29	לִ/פְנֵי/כֶ֑ם	l/6440	HR/Ncbpc/Sp2mp
04Hxt	Num.32.29	וּ/נְתַתֶּ֥ם	c/5414	HC/Vqq2mp
04i3b	Num.32.29	לָ/הֶ֛ם	l	HR/Sp3mp
049Ha	Num.32.29	אֶת	853	HTo
049s8	Num.32.29	אֶ֥רֶץ	776	HNcbsc
04ogP	Num.32.29	הַ/גִּלְעָ֖ד	d/1568	HTd/Np
041E5	Num.32.29	לַ/אֲחֻזָּֽה	l/272	HR/Ncfsa
04ALs	Num.32.30	וְ/אִם	c/518 a	HC/C
04AdL	Num.32.30	לֹ֧א	3808	HTn
0414y	Num.32.30	יַֽעַבְר֛וּ	5674 a	HVqi3mp
04KLN	Num.32.30	חֲלוּצִ֖ים	2502 b	HVqsmpa
04bSm	Num.32.30	אִתְּ/כֶ֑ם	854	HR/Sp2mp
04GEF	Num.32.30	וְ/נֹֽאחֲז֥וּ	c/270	HC/VNq3cp
04UnB	Num.32.30	בְ/תֹכְ/כֶ֖ם	b/8432	HR/Ncmsc/Sp2mp
04y9u	Num.32.30	בְּ/אֶ֥רֶץ	b/776	HR/Ncbsc
047o3	Num.32.30	כְּנָֽעַן	3667 a	HNp
04384	Num.32.31	וַ/יַּֽעֲנ֧וּ	c/6030 b	HC/Vqw3mp
04Mnh	Num.32.31	בְנֵי	1121 a	HNcmpc
043S3	Num.32.31	גָ֛ד	1410	HNp
04zBF	Num.32.31	וּ/בְנֵ֥י	c/1121 a	HC/Ncmpc
04VSq	Num.32.31	רְאוּבֵ֖ן	7205	HNp
04qw7	Num.32.31	לֵ/אמֹ֑ר	l/559	HR/Vqc
04n9X	Num.32.31	אֵת֩	853	HTo
04pFh	Num.32.31	אֲשֶׁ֨ר	834 a	HTr
04kbr	Num.32.31	דִּבֶּ֧ר	1696	HVpp3ms
048jx	Num.32.31	יְהוָ֛ה	3068	HNp
04z6F	Num.32.31	אֶל	413	HR
04iB7	Num.32.31	עֲבָדֶ֖י/ךָ	5650	HNcmpc/Sp2ms
04GVV	Num.32.31	כֵּ֥ן	3651 c	HTm
04vnF	Num.32.31	נַעֲשֶֽׂה	6213 a	HVqi1cp
04tqP	Num.32.32	נַ֣חְנוּ	5168	HPp1cp
04V3x	Num.32.32	נַעֲבֹ֧ר	5674 a	HVqi1cp
045Se	Num.32.32	חֲלוּצִ֛ים	2502 b	HVqsmpa
04hXM	Num.32.32	לִ/פְנֵ֥י	l/6440	HR/Ncbpc
0484u	Num.32.32	יְהוָ֖ה	3068	HNp
044zn	Num.32.32	אֶ֣רֶץ	776	HNcbsc
04X5L	Num.32.32	כְּנָ֑עַן	3667 a	HNp
04fs8	Num.32.32	וְ/אִתָּ֨/נוּ֙	c/854	HC/R/Sp1cp
04TAW	Num.32.32	אֲחֻזַּ֣ת	272	HNcfsc
04rZx	Num.32.32	נַחֲלָתֵ֔/נוּ	5159	HNcfsc/Sp1cp
04WnH	Num.32.32	מֵ/עֵ֖בֶר	m/5676	HR/Ncmsa
04zA2	Num.32.32	לַ/יַּרְדֵּֽן	l/3383	HRd/Np
04tAr	Num.32.33	וַ/יִּתֵּ֣ן	c/5414	HC/Vqw3ms
048AN	Num.32.33	לָ/הֶ֣ם	l	HR/Sp3mp
04W6A	Num.32.33	מֹשֶׁ֡ה	4872	HNp
04Mhr	Num.32.33	לִ/בְנֵי	l/1121 a	HR/Ncmpc
04yUc	Num.32.33	גָד֩	1410	HNp
04LBs	Num.32.33	וְ/לִ/בְנֵ֨י	c/l/1121 a	HC/R/Ncmpc
04AkA	Num.32.33	רְאוּבֵ֜ן	7205	HNp
04D6a	Num.32.33	וְ/לַ/חֲצִ֣י	c/l/2677	HC/R/Ncmsc
04efB	Num.32.33	שֵׁ֣בֶט	7626	HNcmsc
046i4	Num.32.33	מְנַשֶּׁ֣ה	4519	HNp
04sHm	Num.32.33	בֶן	1121 a	HNcmsc
04dEA	Num.32.33	יוֹסֵ֗ף	3130	HNp
04ovG	Num.32.33	אֶת	853	HTo
04opX	Num.32.33	מַמְלֶ֨כֶת֙	4467	HNcfsc
04Xr5	Num.32.33	סִיחֹן֙	5511	HNp
048La	Num.32.33	מֶ֣לֶךְ	4428	HNcmsc
04x8A	Num.32.33	הָֽ/אֱמֹרִ֔י	d/567	HTd/Ngmsa
04vb9	Num.32.33	וְ/אֶת	c/853	HC/To
04kFw	Num.32.33	מַמְלֶ֔כֶת	4467	HNcfsc
04Asm	Num.32.33	ע֖וֹג	5747	HNp
043tg	Num.32.33	מֶ֣לֶךְ	4428	HNcmsc
04LGG	Num.32.33	הַ/בָּשָׁ֑ן	d/1316	HTd/Np
04Aad	Num.32.33	הָ/אָ֗רֶץ	d/776	HTd/Ncbsa
04xDp	Num.32.33	לְ/עָרֶ֨י/הָ֙	l/5892 b	HR/Ncfpc/Sp3fs
04Cki	Num.32.33	בִּ/גְבֻלֹ֔ת	b/1367	HR/Ncfpc
04nb3	Num.32.33	עָרֵ֥י	5892 b	HNcfpc
04jG8	Num.32.33	הָ/אָ֖רֶץ	d/776	HTd/Ncbsa
04jNA	Num.32.33	סָבִֽיב	5439	HNcbsa
04Auy	Num.32.34	וַ/יִּבְנ֣וּ	c/1129	HC/Vqw3mp
04x4h	Num.32.34	בְנֵי	1121 a	HNcmpc
04Xay	Num.32.34	גָ֔ד	1410	HNp
04Ce9	Num.32.34	אֶת	853	HTo
04Vim	Num.32.34	דִּיבֹ֖ן	1769	HNp
04KKr	Num.32.34	וְ/אֶת	c/853	HC/To
04rJw	Num.32.34	עֲטָרֹ֑ת	5852	HNp
04693	Num.32.34	וְ/אֵ֖ת	c/853	HC/To
04p4k	Num.32.34	עֲרֹעֵֽר	6177	HNp
04mhR	Num.32.35	וְ/אֶת	c/853	HC/To
043Kw	Num.32.35	עַטְרֹ֥ת	5855+	HNp
04YYF	Num.32.35	שׁוֹפָ֛ן	5855	HNp
04Cwd	Num.32.35	וְ/אֶת	c/853	HC/To
04fbE	Num.32.35	יַעְזֵ֖ר	3270	HNp
04SUQ	Num.32.35	וְ/יָגְבֳּהָֽה	c/3011	HC/Np
043iL	Num.32.36	וְ/אֶת	c/853	HC/To
04nv3	Num.32.36	בֵּ֥ית	1039+	HNp
04bRP	Num.32.36	נִמְרָ֖ה	1039	HNp
046Qb	Num.32.36	וְ/אֶת	c/853	HC/To
04MDC	Num.32.36	בֵּ֣ית	1028+	HNp
044rc	Num.32.36	הָרָ֑ן	1028	HNp
04cTV	Num.32.36	עָרֵ֥י	5892 b	HNcfpc
04TQj	Num.32.36	מִבְצָ֖ר	4013	HNcmsa
0436t	Num.32.36	וְ/גִדְרֹ֥ת	c/1448	HC/Ncfpc
04f3m	Num.32.36	צֹֽאן	6629	HNcbsa
04tzK	Num.32.37	וּ/בְנֵ֤י	c/1121 a	HC/Ncmpc
04uv9	Num.32.37	רְאוּבֵן֙	7205	HNp
04QwY	Num.32.37	בָּנ֔וּ	1129	HVqp3cp
043qB	Num.32.37	אֶת	853	HTo
0469W	Num.32.37	חֶשְׁבּ֖וֹן	2809	HNp
04HJb	Num.32.37	וְ/אֶת	c/853	HC/To
042Kx	Num.32.37	אֶלְעָלֵ֑א	500	HNp
04fJr	Num.32.37	וְ/אֵ֖ת	c/853	HC/To
04PUD	Num.32.37	קִרְיָתָֽיִם	7156	HNp
04d2c	Num.32.38	וְ/אֶת	c/853	HC/To
04kBq	Num.32.38	נְב֞וֹ	5015 a	HNp
04kQ9	Num.32.38	וְ/אֶת	c/853	HC/To
04WAm	Num.32.38	בַּ֧עַל	1186+	HNp
043VT	Num.32.38	מְע֛וֹן	1186	HNp
04jau	Num.32.38	מֽוּסַבֹּ֥ת	5437	HVHsfpc
043Ww	Num.32.38	שֵׁ֖ם	8034	HNcmsa
04hnc	Num.32.38	וְ/אֶת	c/853	HC/To
04piU	Num.32.38	שִׂבְמָ֑ה	7643	HNp
047hJ	Num.32.38	וַ/יִּקְרְא֣וּ	c/7121	HC/Vqw3mp
04iZs	Num.32.38	בְ/שֵׁמֹ֔ת	b/8034	HR/Ncmpa
04p8g	Num.32.38	אֶת	853	HTo
04GNN	Num.32.38	שְׁמ֥וֹת	8034	HNcmpc
04L4R	Num.32.38	הֶ/עָרִ֖ים	d/5892 b	HTd/Ncfpa
04XCr	Num.32.38	אֲשֶׁ֥ר	834 a	HTr
04RD1	Num.32.38	בָּנֽוּ	1129	HVqp3cp
042eW	Num.32.39	וַ/יֵּ֨לְכ֜וּ	c/3212	HC/Vqw3mp
046sY	Num.32.39	בְּנֵ֨י	1121 a	HNcmpc
04LHo	Num.32.39	מָכִ֧יר	4353	HNp
04wdw	Num.32.39	בֶּן	1121 a	HNcmsc
04xq1	Num.32.39	מְנַשֶּׁ֛ה	4519	HNp
04yuR	Num.32.39	גִּלְעָ֖דָ/ה	1568	HNp/Sd
046Lr	Num.32.39	וַֽ/יִּלְכְּדֻ֑/הָ	c/3920	HC/Vqw3mp/Sp3fs
04y93	Num.32.39	וַ/יּ֖וֹרֶשׁ	c/3423	HC/Vhw3ms
04fmU	Num.32.39	אֶת	853	HTo
04QKH	Num.32.39	הָ/אֱמֹרִ֥י	d/567	HTd/Ngmsa
04Wub	Num.32.39	אֲשֶׁר	834 a	HTr
04oVz	Num.32.39	בָּֽ/הּ	b	HR/Sp3fs
04QBP	Num.32.40	וַ/יִּתֵּ֤ן	c/5414	HC/Vqw3ms
04cn8	Num.32.40	מֹשֶׁה֙	4872	HNp
04A7h	Num.32.40	אֶת	853	HTo
045SJ	Num.32.40	הַ/גִּלְעָ֔ד	d/1568	HTd/Np
04geL	Num.32.40	לְ/מָכִ֖יר	l/4353	HR/Np
04uQt	Num.32.40	בֶּן	1121 a	HNcmsc
04nK2	Num.32.40	מְנַשֶּׁ֑ה	4519	HNp
04P2J	Num.32.40	וַ/יֵּ֖שֶׁב	c/3427	HC/Vqw3ms
047Js	Num.32.40	בָּֽ/הּ	b	HR/Sp3fs
04NK5	Num.32.41	וְ/יָאִ֤יר	c/2971	HC/Np
04P2F	Num.32.41	בֶּן	1121 a	HNcmsc
04wcQ	Num.32.41	מְנַשֶּׁה֙	4519	HNp
04N67	Num.32.41	הָלַ֔ךְ	1980	HVqp3ms
04E7p	Num.32.41	וַ/יִּלְכֹּ֖ד	c/3920	HC/Vqw3ms
04UjM	Num.32.41	אֶת	853	HTo
04NaN	Num.32.41	חַוֺּתֵי/הֶ֑ם	2333	HNcfpc/Sp3mp
041Ps	Num.32.41	וַ/יִּקְרָ֥א	c/7121	HC/Vqw3ms
04KbA	Num.32.41	אֶתְ/הֶ֖ן	853	HTo/Sp3fp
04y4A	Num.32.41	חַוֺּ֥ת	2334+	HNcfpc
04tyC	Num.32.41	יָאִֽיר	2334	HNp
04Qiu	Num.32.42	וְ/נֹ֣בַח	c/5025	HC/Np
044Hp	Num.32.42	הָלַ֔ךְ	1980	HVqp3ms
04vG2	Num.32.42	וַ/יִּלְכֹּ֥ד	c/3920	HC/Vqw3ms
041oP	Num.32.42	אֶת	853	HTo
04UwE	Num.32.42	קְנָ֖ת	7079	HNp
04cCw	Num.32.42	וְ/אֶת	c/853	HC/To
04TE3	Num.32.42	בְּנֹתֶ֑י/הָ	1323	HNcfpc/Sp3fs
04S85	Num.32.42	וַ/יִּקְרָ֧א	c/7121	HC/Vqw3ms
04qNj	Num.32.42	לָ֦/ה	l	HR/Sp3fs
04A4U	Num.32.42	נֹ֖בַח	5025	HNp
04Z5e	Num.32.42	בִּ/שְׁמֽ/וֹ	b/8034	HR/Ncmsc/Sp3ms
04QtZ	Num.33.1	אֵ֜לֶּה	428	HPdxcp
04hsL	Num.33.1	מַסְעֵ֣י	4550	HNcmpc
04Hk7	Num.33.1	בְנֵֽי	1121 a	HNcmpc
04moW	Num.33.1	יִשְׂרָאֵ֗ל	3478	HNp
04YBD	Num.33.1	אֲשֶׁ֥ר	834 a	HTr
04aaP	Num.33.1	יָצְא֛וּ	3318	HVqp3cp
04nXj	Num.33.1	מֵ/אֶ֥רֶץ	m/776	HR/Ncbsc
048zq	Num.33.1	מִצְרַ֖יִם	4714	HNp
04XrR	Num.33.1	לְ/צִבְאֹתָ֑/ם	l/6635 a	HR/Ncbpc/Sp3mp
04moS	Num.33.1	בְּ/יַד	b/3027	HR/Ncbsc
04Nvf	Num.33.1	מֹשֶׁ֖ה	4872	HNp
04Gr2	Num.33.1	וְ/אַהֲרֹֽן	c/175	HC/Np
04bwq	Num.33.2	וַ/יִּכְתֹּ֨ב	c/3789	HC/Vqw3ms
04a5L	Num.33.2	מֹשֶׁ֜ה	4872	HNp
04p9e	Num.33.2	אֶת	853	HTo
046BP	Num.33.2	מוֹצָאֵי/הֶ֛ם	4161	HNcmpc/Sp3mp
04p1D	Num.33.2	לְ/מַסְעֵי/הֶ֖ם	l/4550	HR/Ncmpc/Sp3mp
04n2R	Num.33.2	עַל	5921 a	HR
04VAH	Num.33.2	פִּ֣י	6310	HNcmsc
0464L	Num.33.2	יְהוָ֑ה	3068	HNp
04G4i	Num.33.2	וְ/אֵ֥לֶּה	c/428	HC/Pdxcp
04bpY	Num.33.2	מַסְעֵי/הֶ֖ם	4550	HNcmpc/Sp3mp
046Gw	Num.33.2	לְ/מוֹצָאֵי/הֶֽם	l/4161	HR/Ncmpc/Sp3mp
0485P	Num.33.3	וַ/יִּסְע֤וּ	c/5265	HC/Vqw3mp
04GAs	Num.33.3	מֵֽ/רַעְמְסֵס֙	m/7486	HR/Np
04iXu	Num.33.3	בַּ/חֹ֣דֶשׁ	b/2320	HRd/Ncmsa
04GDV	Num.33.3	הָֽ/רִאשׁ֔וֹן	d/7223	HTd/Aomsa
04rRq	Num.33.3	בַּ/חֲמִשָּׁ֥ה	b/2568	HRd/Acmsa
04Y6o	Num.33.3	עָשָׂ֛ר	6240	HAcmsa
04y7J	Num.33.3	י֖וֹם	3117	HNcmsa
04cPB	Num.33.3	לַ/חֹ֣דֶשׁ	l/2320	HRd/Ncmsa
04Fme	Num.33.3	הָ/רִאשׁ֑וֹן	d/7223	HTd/Aomsa
04TP2	Num.33.3	מִֽ/מָּחֳרַ֣ת	m/4283	HR/Ncfsc
04Huh	Num.33.3	הַ/פֶּ֗סַח	d/6453	HTd/Ncmsa
044Q9	Num.33.3	יָצְא֤וּ	3318	HVqp3cp
04VH8	Num.33.3	בְנֵֽי	1121 a	HNcmpc
04w7y	Num.33.3	יִשְׂרָאֵל֙	3478	HNp
04KSx	Num.33.3	בְּ/יָ֣ד	b/3027	HR/Ncbsa
04xrT	Num.33.3	רָמָ֔ה	7311 a	HVqrfsa
04y5H	Num.33.3	לְ/עֵינֵ֖י	l/5869 a	HR/Ncbdc
04MAv	Num.33.3	כָּל	3605	HNcmsc
04P1f	Num.33.3	מִצְרָֽיִם	4713	HNp
042Sq	Num.33.4	וּ/מִצְרַ֣יִם	c/4713	HC/Np
04M6J	Num.33.4	מְקַבְּרִ֗ים	6912	HVprmpa
04KiU	Num.33.4	אֵת֩	853	HTo
041eb	Num.33.4	אֲשֶׁ֨ר	834 a	HTr
041NZ	Num.33.4	הִכָּ֧ה	5221	HVhp3ms
04V5b	Num.33.4	יְהוָ֛ה	3068	HNp
04i4Y	Num.33.4	בָּ/הֶ֖ם	b	HR/Sp3mp
044cp	Num.33.4	כָּל	3605	HNcmsc
04vn4	Num.33.4	בְּכ֑וֹר	1060	HNcmsa
04o6t	Num.33.4	וּ/בֵ/אלֹ֣הֵי/הֶ֔ם	c/b/430	HC/R/Ncmpc/Sp3mp
04BTL	Num.33.4	עָשָׂ֥ה	6213 a	HVqp3ms
04rWx	Num.33.4	יְהוָ֖ה	3068	HNp
04J8K	Num.33.4	שְׁפָטִֽים	8201	HNcmpa
04NDD	Num.33.5	וַ/יִּסְע֥וּ	c/5265	HC/Vqw3mp
0496M	Num.33.5	בְנֵֽי	1121 a	HNcmpc
04Avu	Num.33.5	יִשְׂרָאֵ֖ל	3478	HNp
04Whr	Num.33.5	מֵ/רַעְמְסֵ֑ס	m/7486	HR/Np
04GFv	Num.33.5	וַֽ/יַּחֲנ֖וּ	c/2583	HC/Vqw3mp
04GP1	Num.33.5	בְּ/סֻכֹּֽת	b/5523	HR/Np
04fBE	Num.33.6	וַ/יִּסְע֖וּ	c/5265	HC/Vqw3mp
04dQ9	Num.33.6	מִ/סֻּכֹּ֑ת	m/5523	HR/Np
04dTW	Num.33.6	וַ/יַּחֲנ֣וּ	c/2583	HC/Vqw3mp
0471r	Num.33.6	בְ/אֵתָ֔ם	b/864	HR/Np
04wy9	Num.33.6	אֲשֶׁ֖ר	834 a	HTr
04tK4	Num.33.6	בִּ/קְצֵ֥ה	b/7097 a	HR/Ncbsc
0432J	Num.33.6	הַ/מִּדְבָּֽר	d/4057 b	HTd/Ncmsa
04sgY	Num.33.7	וַ/יִּסְעוּ֙	c/5265	HC/Vqw3mp
04QNx	Num.33.7	מֵֽ/אֵתָ֔ם	m/864	HR/Np
04y3z	Num.33.7	וַ/יָּ֨שָׁב֙	c/7725	HC/Vqw3ms
04gZC	Num.33.7	עַל	5921 a	HR
047VD	Num.33.7	פִּ֣י	6367+	HNp
04728	Num.33.7	הַחִירֹ֔ת	6367	HNp
04EfA	Num.33.7	אֲשֶׁ֥ר	834 a	HTr
04KsF	Num.33.7	עַל	5921 a	HR
04mhL	Num.33.7	פְּנֵ֖י	6440	HNcbpc
044Qt	Num.33.7	בַּ֣עַל	1189+	HNp
04Ekz	Num.33.7	צְפ֑וֹן	1189	HNp
04VjF	Num.33.7	וַֽ/יַּחֲנ֖וּ	c/2583	HC/Vqw3mp
04D5c	Num.33.7	לִ/פְנֵ֥י	l/6440	HR/Ncbpc
04ioh	Num.33.7	מִגְדֹּֽל	4024 b	HNp
04RTZ	Num.33.8	וַ/יִּסְעוּ֙	c/5265	HC/Vqw3mp
04wMH	Num.33.8	מִ/פְּנֵ֣י	m/6440	HR/Ncbpc
04SYR	Num.33.8	הַֽ/חִירֹ֔ת	d/6367	HTd/Np
04kgo	Num.33.8	וַ/יַּֽעַבְר֥וּ	c/5674 a	HC/Vqw3mp
04LgV	Num.33.8	בְ/תוֹךְ	b/8432	HR/Ncmsc
047TR	Num.33.8	הַ/יָּ֖ם	d/3220	HTd/Ncmsa
04hUU	Num.33.8	הַ/מִּדְבָּ֑רָ/ה	d/4057 b	HTd/Ncmsa/Sd
04MCy	Num.33.8	וַ/יֵּ֨לְכ֜וּ	c/3212	HC/Vqw3mp
04G4a	Num.33.8	דֶּ֣רֶךְ	1870	HNcbsc
04LZp	Num.33.8	שְׁלֹ֤שֶׁת	7969	HAcmsc
04jYj	Num.33.8	יָמִים֙	3117	HNcmpa
04uXD	Num.33.8	בְּ/מִדְבַּ֣ר	b/4057 b	HR/Ncmsc
043HN	Num.33.8	אֵתָ֔ם	864	HNp
04gSq	Num.33.8	וַֽ/יַּחֲנ֖וּ	c/2583	HC/Vqw3mp
045LY	Num.33.8	בְּ/מָרָֽה	b/4785	HR/Np
04ZS5	Num.33.9	וַ/יִּסְעוּ֙	c/5265	HC/Vqw3mp
04Td6	Num.33.9	מִ/מָּרָ֔ה	m/4785	HR/Np
04LMV	Num.33.9	וַ/יָּבֹ֖אוּ	c/935	HC/Vqw3mp
04yng	Num.33.9	אֵילִ֑מָ/ה	362	HNp/Sd
04adD	Num.33.9	וּ֠/בְ/אֵילִם	c/b/362	HC/R/Np
04f6J	Num.33.9	שְׁתֵּ֣ים	8147	HAcfda
04RsH	Num.33.9	עֶשְׂרֵ֞ה	6240	HAcfsa
04aWf	Num.33.9	עֵינֹ֥ת	5869 b	HNcbpc
04NSE	Num.33.9	מַ֛יִם	4325	HNcmpa
04Wpc	Num.33.9	וְ/שִׁבְעִ֥ים	c/7657	HC/Acbpa
04PG9	Num.33.9	תְּמָרִ֖ים	8558	HNcmpa
04ZND	Num.33.9	וַ/יַּחֲנוּ	c/2583	HC/Vqw3mp
04t7n	Num.33.9	שָֽׁם	8033	HD
04K1D	Num.33.10	וַ/יִּסְע֖וּ	c/5265	HC/Vqw3mp
04WAP	Num.33.10	מֵ/אֵילִ֑ם	m/362	HR/Np
04rb2	Num.33.10	וַֽ/יַּחֲנ֖וּ	c/2583	HC/Vqw3mp
04JFG	Num.33.10	עַל	5921 a	HR
04AGb	Num.33.10	יַם	3220	HNcmsc
04GHq	Num.33.10	סֽוּף	5488	HNcmsa
04CAD	Num.33.11	וַ/יִּסְע֖וּ	c/5265	HC/Vqw3mp
04iPu	Num.33.11	מִ/יַּם	m/3220	HR/Ncmsc
047up	Num.33.11	ס֑וּף	5488	HNcmsa
044eF	Num.33.11	וַֽ/יַּחֲנ֖וּ	c/2583	HC/Vqw3mp
04qAb	Num.33.11	בְּ/מִדְבַּר	b/4057 b	HR/Ncmsc
04K9x	Num.33.11	סִֽין	5512 b	HNp
04rqG	Num.33.12	וַ/יִּסְע֖וּ	c/5265	HC/Vqw3mp
04jJh	Num.33.12	מִ/מִּדְבַּר	m/4057 b	HR/Ncmsc
04nXv	Num.33.12	סִ֑ין	5512 b	HNp
04DuP	Num.33.12	וַֽ/יַּחֲנ֖וּ	c/2583	HC/Vqw3mp
04kMs	Num.33.12	בְּ/דָפְקָֽה	b/1850	HR/Np
04P4B	Num.33.13	וַ/יִּסְע֖וּ	c/5265	HC/Vqw3mp
04L4P	Num.33.13	מִ/דָּפְקָ֑ה	m/1850	HR/Np
04DQx	Num.33.13	וַֽ/יַּחֲנ֖וּ	c/2583	HC/Vqw3mp
04deb	Num.33.13	בְּ/אָלֽוּשׁ	b/442	HR/Np
04VcZ	Num.33.14	וַ/יִּסְע֖וּ	c/5265	HC/Vqw3mp
04rBM	Num.33.14	מֵ/אָל֑וּשׁ	m/442	HR/Np
04aGL	Num.33.14	וַֽ/יַּחֲנוּ֙	c/2583	HC/Vqw3mp
04Ltn	Num.33.14	בִּ/רְפִידִ֔ם	b/7508	HR/Np
04imc	Num.33.14	וְ/לֹא	c/3808	HC/Tn
04Xgv	Num.33.14	הָ֨יָה	1961	HVqp3ms
048y7	Num.33.14	שָׁ֥ם	8033	HD
04jvS	Num.33.14	מַ֛יִם	4325	HNcmpa
04qpi	Num.33.14	לָ/עָ֖ם	l/5971 a	HRd/Ncmsa
04tR3	Num.33.14	לִ/שְׁתּֽוֹת	l/8354	HR/Vqc
04Mk8	Num.33.15	וַ/יִּסְע֖וּ	c/5265	HC/Vqw3mp
04Qmh	Num.33.15	מֵ/רְפִידִ֑ם	m/7508	HR/Np
04f57	Num.33.15	וַֽ/יַּחֲנ֖וּ	c/2583	HC/Vqw3mp
04UuT	Num.33.15	בְּ/מִדְבַּ֥ר	b/4057 b	HR/Ncmsc
04mFW	Num.33.15	סִינָֽי	5514	HNp
04w4i	Num.33.16	וַ/יִּסְע֖וּ	c/5265	HC/Vqw3mp
04JPx	Num.33.16	מִ/מִּדְבַּ֣ר	m/4057 b	HR/Ncmsc
04Cm6	Num.33.16	סִינָ֑י	5514	HNp
04i76	Num.33.16	וַֽ/יַּחֲנ֖וּ	c/2583	HC/Vqw3mp
04DeY	Num.33.16	בְּ/קִבְרֹ֥ת	b/6914+	HR/Np
04TGZ	Num.33.16	הַֽתַּאֲוָֽה	6914	HNp
04Sfk	Num.33.17	וַ/יִּסְע֖וּ	c/5265	HC/Vqw3mp
04EvC	Num.33.17	מִ/קִּבְרֹ֣ת	m/6914+	HR/Np
04sQJ	Num.33.17	הַֽתַּאֲוָ֑ה	6914	HNp
04cuU	Num.33.17	וַֽ/יַּחֲנ֖וּ	c/2583	HC/Vqw3mp
04YbH	Num.33.17	בַּ/חֲצֵרֹֽת	b/2698	HR/Np
04p1L	Num.33.18	וַ/יִּסְע֖וּ	c/5265	HC/Vqw3mp
04GJR	Num.33.18	מֵ/חֲצֵרֹ֑ת	m/2698	HR/Np
04s8H	Num.33.18	וַֽ/יַּחֲנ֖וּ	c/2583	HC/Vqw3mp
049TF	Num.33.18	בְּ/רִתְמָֽה	b/7575	HR/Np
04B1r	Num.33.19	וַ/יִּסְע֖וּ	c/5265	HC/Vqw3mp
04TLe	Num.33.19	מֵ/רִתְמָ֑ה	m/7575	HR/Np
04JX3	Num.33.19	וַֽ/יַּחֲנ֖וּ	c/2583	HC/Vqw3mp
046Jt	Num.33.19	בְּ/רִמֹּ֥ן	b/7428+	HR/Np
04YyX	Num.33.19	פָּֽרֶץ	7428	HNp
04riY	Num.33.20	וַ/יִּסְע֖וּ	c/5265	HC/Vqw3mp
04BWM	Num.33.20	מֵ/רִמֹּ֣ן	m/7428+	HR/Np
04j5X	Num.33.20	פָּ֑רֶץ	7428	HNp
04Asz	Num.33.20	וַֽ/יַּחֲנ֖וּ	c/2583	HC/Vqw3mp
04QPK	Num.33.20	בְּ/לִבְנָֽה	b/3841	HR/Np
04EKF	Num.33.21	וַ/יִּסְע֖וּ	c/5265	HC/Vqw3mp
04jKF	Num.33.21	מִ/לִּבְנָ֑ה	m/3841	HR/Np
04WWp	Num.33.21	וַֽ/יַּחֲנ֖וּ	c/2583	HC/Vqw3mp
04yga	Num.33.21	בְּ/רִסָּֽה	b/7446	HR/Np
04ySF	Num.33.22	וַ/יִּסְע֖וּ	c/5265	HC/Vqw3mp
04bjo	Num.33.22	מֵ/רִסָּ֑ה	m/7446	HR/Np
04C5S	Num.33.22	וַֽ/יַּחֲנ֖וּ	c/2583	HC/Vqw3mp
04iGs	Num.33.22	בִּ/קְהֵלָֽתָה	b/6954	HR/Np
044Wr	Num.33.23	וַ/יִּסְע֖וּ	c/5265	HC/Vqw3mp
044nZ	Num.33.23	מִ/קְּהֵלָ֑תָה	m/6954	HR/Np
044XB	Num.33.23	וַֽ/יַּחֲנ֖וּ	c/2583	HC/Vqw3mp
04h9M	Num.33.23	בְּ/הַר	b/2022	HR/Ncmsc
04r1s	Num.33.23	שָֽׁפֶר	8234	HNp
04RKt	Num.33.24	וַ/יִּסְע֖וּ	c/5265	HC/Vqw3mp
04fQE	Num.33.24	מֵֽ/הַר	m/2022	HR/Ncmsc
04orx	Num.33.24	שָׁ֑פֶר	8234	HNp
04ujc	Num.33.24	וַֽ/יַּחֲנ֖וּ	c/2583	HC/Vqw3mp
04ciw	Num.33.24	בַּ/חֲרָדָֽה	b/2732	HR/Np
04rba	Num.33.25	וַ/יִּסְע֖וּ	c/5265	HC/Vqw3mp
044kH	Num.33.25	מֵ/חֲרָדָ֑ה	m/2732	HR/Np
046ub	Num.33.25	וַֽ/יַּחֲנ֖וּ	c/2583	HC/Vqw3mp
04HSW	Num.33.25	בְּ/מַקְהֵלֹֽת	b/4722	HR/Np
04xgR	Num.33.26	וַ/יִּסְע֖וּ	c/5265	HC/Vqw3mp
04VQf	Num.33.26	מִ/מַּקְהֵלֹ֑ת	m/4722	HR/Np
04PeF	Num.33.26	וַֽ/יַּחֲנ֖וּ	c/2583	HC/Vqw3mp
04iyu	Num.33.26	בְּ/תָֽחַת	b/8480	HR/Np
04Bid	Num.33.27	וַ/יִּסְע֖וּ	c/5265	HC/Vqw3mp
04dvQ	Num.33.27	מִ/תָּ֑חַת	m/8480	HR/Np
04ssK	Num.33.27	וַֽ/יַּחֲנ֖וּ	c/2583	HC/Vqw3mp
04VNB	Num.33.27	בְּ/תָֽרַח	b/8646	HR/Np
04EPB	Num.33.28	וַ/יִּסְע֖וּ	c/5265	HC/Vqw3mp
04BpP	Num.33.28	מִ/תָּ֑רַח	m/8646	HR/Np
04RS6	Num.33.28	וַֽ/יַּחֲנ֖וּ	c/2583	HC/Vqw3mp
04QeB	Num.33.28	בְּ/מִתְקָֽה	b/4989	HR/Np
047X3	Num.33.29	וַ/יִּסְע֖וּ	c/5265	HC/Vqw3mp
04mVh	Num.33.29	מִ/מִּתְקָ֑ה	m/4989	HR/Np
044ow	Num.33.29	וַֽ/יַּחֲנ֖וּ	c/2583	HC/Vqw3mp
04hoy	Num.33.29	בְּ/חַשְׁמֹנָֽה	b/2832	HR/Np
04J6B	Num.33.30	וַ/יִּסְע֖וּ	c/5265	HC/Vqw3mp
04QR2	Num.33.30	מֵֽ/חַשְׁמֹנָ֑ה	m/2832	HR/Np
04dYp	Num.33.30	וַֽ/יַּחֲנ֖וּ	c/2583	HC/Vqw3mp
04hZg	Num.33.30	בְּ/מֹסֵרֽוֹת	b/4149 b	HR/Np
04qgH	Num.33.31	וַ/יִּסְע֖וּ	c/5265	HC/Vqw3mp
04jXZ	Num.33.31	מִ/מֹּסֵר֑וֹת	m/4149 b	HR/Np
04966	Num.33.31	וַֽ/יַּחֲנ֖וּ	c/2583	HC/Vqw3mp
048Rd	Num.33.31	בִּ/בְנֵ֥י	b/1142+	HR/Np
04ff8	Num.33.31	יַעֲקָֽן	1142	HNp
04d4k	Num.33.32	וַ/יִּסְע֖וּ	c/5265	HC/Vqw3mp
04Qr5	Num.33.32	מִ/בְּנֵ֣י	m/1142+	HR/Np
041hR	Num.33.32	יַעֲקָ֑ן	1142	HNp
046Qc	Num.33.32	וַֽ/יַּחֲנ֖וּ	c/2583	HC/Vqw3mp
04j3h	Num.33.32	בְּ/חֹ֥ר	b/2735+	HR/Np
04TnF	Num.33.32	הַגִּדְגָּֽד	2735	HNp
04GXB	Num.33.33	וַ/יִּסְע֖וּ	c/5265	HC/Vqw3mp
04Gba	Num.33.33	מֵ/חֹ֣ר	m/2735+	HR/Np
04vTr	Num.33.33	הַגִּדְגָּ֑ד	2735	HNp
04UbV	Num.33.33	וַֽ/יַּחֲנ֖וּ	c/2583	HC/Vqw3mp
04jun	Num.33.33	בְּ/יָטְבָֽתָה	b/3193	HR/Np
048kW	Num.33.34	וַ/יִּסְע֖וּ	c/5265	HC/Vqw3mp
04zUQ	Num.33.34	מִ/יָּטְבָ֑תָה	m/3193	HR/Np
046hj	Num.33.34	וַֽ/יַּחֲנ֖וּ	c/2583	HC/Vqw3mp
04GGJ	Num.33.34	בְּ/עַבְרֹנָֽה	b/5684	HR/Np
04pEU	Num.33.35	וַ/יִּסְע֖וּ	c/5265	HC/Vqw3mp
04AD8	Num.33.35	מֵֽ/עַבְרֹנָ֑ה	m/5684	HR/Np
04fNV	Num.33.35	וַֽ/יַּחֲנ֖וּ	c/2583	HC/Vqw3mp
04ebS	Num.33.35	בְּ/עֶצְי֥וֹן	b/6100+	HR/Np
04svu	Num.33.35	גָּֽבֶר	6100	HNp
04xoa	Num.33.36	וַ/יִּסְע֖וּ	c/5265	HC/Vqw3mp
04kcn	Num.33.36	מֵ/עֶצְי֣וֹן	m/6100+	HR/Np
04RRA	Num.33.36	גָּ֑בֶר	6100	HNp
044Zk	Num.33.36	וַ/יַּחֲנ֥וּ	c/2583	HC/Vqw3mp
045uq	Num.33.36	בְ/מִדְבַּר	b/4057 b	HR/Ncmsc
042C6	Num.33.36	צִ֖ן	6790	HNp
04hEj	Num.33.36	הִ֥וא	1931	HPp3fs
04bXn	Num.33.36	קָדֵֽשׁ	6946	HNp
0411s	Num.33.37	וַ/יִּסְע֖וּ	c/5265	HC/Vqw3mp
04adM	Num.33.37	מִ/קָּדֵ֑שׁ	m/6946	HR/Np
04EfG	Num.33.37	וַֽ/יַּחֲנוּ֙	c/2583	HC/Vqw3mp
04Zot	Num.33.37	בְּ/הֹ֣ר	b/2023	HR/Np
04Wvp	Num.33.37	הָ/הָ֔ר	d/2022	HTd/Ncmsa
044TX	Num.33.37	בִּ/קְצֵ֖ה	b/7097 a	HR/Ncbsc
04AZN	Num.33.37	אֶ֥רֶץ	776	HNcbsc
04Uwy	Num.33.37	אֱדֽוֹם	123	HNp
04CyT	Num.33.38	וַ/יַּעַל֩	c/5927	HC/Vqw3ms
04ckD	Num.33.38	אַהֲרֹ֨ן	175	HNp
04TES	Num.33.38	הַ/כֹּהֵ֜ן	d/3548	HTd/Ncmsa
04APL	Num.33.38	אֶל	413	HR
04ZDp	Num.33.38	הֹ֥ר	2023	HNp
0415v	Num.33.38	הָ/הָ֛ר	d/2022	HTd/Ncmsa
04PRe	Num.33.38	עַל	5921 a	HR
043jY	Num.33.38	פִּ֥י	6310	HNcmsc
044cj	Num.33.38	יְהוָ֖ה	3068	HNp
046or	Num.33.38	וַ/יָּ֣מָת	c/4191	HC/Vqw3ms
048US	Num.33.38	שָׁ֑ם	8033	HD
04Hoy	Num.33.38	בִּ/שְׁנַ֣ת	b/8141	HR/Ncfsc
04R89	Num.33.38	הָֽ/אַרְבָּעִ֗ים	d/705	HTd/Acbpa
04xTS	Num.33.38	לְ/צֵ֤את	l/3318	HR/Vqc
046jU	Num.33.38	בְּנֵֽי	1121 a	HNcmpc
041bW	Num.33.38	יִשְׂרָאֵל֙	3478	HNp
04VeB	Num.33.38	מֵ/אֶ֣רֶץ	m/776	HR/Ncbsc
04vhu	Num.33.38	מִצְרַ֔יִם	4714	HNp
04x2w	Num.33.38	בַּ/חֹ֥דֶשׁ	b/2320	HRd/Ncmsa
04gUE	Num.33.38	הַ/חֲמִישִׁ֖י	d/2549	HTd/Aomsa
04Gi2	Num.33.38	בְּ/אֶחָ֥ד	b/259	HR/Acmsa
044vr	Num.33.38	לַ/חֹֽדֶשׁ	l/2320	HRd/Ncmsa
04YFM	Num.33.39	וְ/אַהֲרֹ֔ן	c/175	HC/Np
04FKE	Num.33.39	בֶּן	1121 a	HNcmsc
04nA3	Num.33.39	שָׁלֹ֧שׁ	7969	HAcfsa
04JEr	Num.33.39	וְ/עֶשְׂרִ֛ים	c/6242	HC/Acbpa
04QiW	Num.33.39	וּ/מְאַ֖ת	c/3967	HC/Acbsc
04CT6	Num.33.39	שָׁנָ֑ה	8141	HNcfsa
04xLM	Num.33.39	בְּ/מֹת֖/וֹ	b/4194	HR/Ncmsc/Sp3ms
04cNL	Num.33.39	בְּ/הֹ֥ר	b/2023	HR/Np
04R8D	Num.33.39	הָ/הָֽר	d/2022	HTd/Ncmsa
04QvF	Num.33.40	וַ/יִּשְׁמַ֗ע	c/8085	HC/Vqw3ms
04qPm	Num.33.40	הַֽ/כְּנַעֲנִי֙	d/3669 a	HTd/Ngmsa
043Ps	Num.33.40	מֶ֣לֶךְ	4428	HNcmsc
04qsF	Num.33.40	עֲרָ֔ד	6166 a	HNp
04RGt	Num.33.40	וְ/הֽוּא	c/1931	HC/Pp3ms
04bmG	Num.33.40	יֹשֵׁ֥ב	3427	HVqrmsa
04ZBY	Num.33.40	בַּ/נֶּ֖גֶב	b/5045	HRd/Ncmsa
04mqh	Num.33.40	בְּ/אֶ֣רֶץ	b/776	HR/Ncbsc
04fgi	Num.33.40	כְּנָ֑עַן	3667 a	HNp
04sTe	Num.33.40	בְּ/בֹ֖א	b/935	HR/Vqc
04KWC	Num.33.40	בְּנֵ֥י	1121 a	HNcmpc
049VM	Num.33.40	יִשְׂרָאֵֽל	3478	HNp
04wzu	Num.33.41	וַ/יִּסְע֖וּ	c/5265	HC/Vqw3mp
04aLi	Num.33.41	מֵ/הֹ֣ר	m/2023	HR/Np
04TgX	Num.33.41	הָ/הָ֑ר	d/2022	HTd/Ncmsa
04x11	Num.33.41	וַֽ/יַּחֲנ֖וּ	c/2583	HC/Vqw3mp
04859	Num.33.41	בְּ/צַלְמֹנָֽה	b/6758	HR/Np
04grf	Num.33.42	וַ/יִּסְע֖וּ	c/5265	HC/Vqw3mp
04gCV	Num.33.42	מִ/צַּלְמֹנָ֑ה	m/6758	HR/Np
04sQT	Num.33.42	וַֽ/יַּחֲנ֖וּ	c/2583	HC/Vqw3mp
04QjL	Num.33.42	בְּ/פוּנֹֽן	b/6325	HR/Np
04GXa	Num.33.43	וַ/יִּסְע֖וּ	c/5265	HC/Vqw3mp
049W1	Num.33.43	מִ/פּוּנֹ֑ן	m/6325	HR/Np
04e4L	Num.33.43	וַֽ/יַּחֲנ֖וּ	c/2583	HC/Vqw3mp
04hko	Num.33.43	בְּ/אֹבֹֽת	b/88	HR/Np
04NYQ	Num.33.44	וַ/יִּסְע֖וּ	c/5265	HC/Vqw3mp
04gEb	Num.33.44	מֵ/אֹבֹ֑ת	m/88	HR/Np
04ARP	Num.33.44	וַֽ/יַּחֲנ֛וּ	c/2583	HC/Vqw3mp
04fEN	Num.33.44	בְּ/עִיֵּ֥י	b/5863+	HR/Np
042tp	Num.33.44	הָעֲבָרִ֖ים	5863	HNp
042rP	Num.33.44	בִּ/גְב֥וּל	b/1366	HR/Ncmsc
04NxX	Num.33.44	מוֹאָֽב	4124	HNp
046w4	Num.33.45	וַ/יִּסְע֖וּ	c/5265	HC/Vqw3mp
04hkB	Num.33.45	מֵ/עִיִּ֑ים	m/5864	HR/Np
04KCZ	Num.33.45	וַֽ/יַּחֲנ֖וּ	c/2583	HC/Vqw3mp
04Rdk	Num.33.45	בְּ/דִיבֹ֥ן	b/1769	HR/Np
04pi8	Num.33.45	גָּֽד	1410	HNp
04QjT	Num.33.46	וַ/יִּסְע֖וּ	c/5265	HC/Vqw3mp
04cGB	Num.33.46	מִ/דִּיבֹ֣ן	m/1769	HR/Np
04kKk	Num.33.46	גָּ֑ד	1410	HNp
04Z5s	Num.33.46	וַֽ/יַּחֲנ֖וּ	c/2583	HC/Vqw3mp
04EDm	Num.33.46	בְּ/עַלְמֹ֥ן	b/5963+	HR/Np
04amJ	Num.33.46	דִּבְלָתָֽיְמָ/ה	5963	HNp/Sd
04fmg	Num.33.47	וַ/יִּסְע֖וּ	c/5265	HC/Vqw3mp
0415j	Num.33.47	מֵ/עַלְמֹ֣ן	m/5963+	HR/Np
04gCp	Num.33.47	דִּבְלָתָ֑יְמָ/ה	5963	HNp/Sd
04yrc	Num.33.47	וַֽ/יַּחֲנ֛וּ	c/2583	HC/Vqw3mp
04hpX	Num.33.47	בְּ/הָרֵ֥י	b/2022	HR/Ncmpc
04pfN	Num.33.47	הָ/עֲבָרִ֖ים	d/5682	HTd/Np
0461e	Num.33.47	לִ/פְנֵ֥י	l/6440	HR/Ncbpc
04DGu	Num.33.47	נְבֽוֹ	5015 a	HNp
041q1	Num.33.48	וַ/יִּסְע֖וּ	c/5265	HC/Vqw3mp
04UDX	Num.33.48	מֵ/הָרֵ֣י	m/2022	HR/Ncmpc
04zD2	Num.33.48	הָ/עֲבָרִ֑ים	d/5682	HTd/Np
04eUT	Num.33.48	וַֽ/יַּחֲנוּ֙	c/2583	HC/Vqw3mp
04MKH	Num.33.48	בְּ/עַֽרְבֹ֣ת	b/6160	HR/Ncfpc
04rnU	Num.33.48	מוֹאָ֔ב	4124	HNp
04fvc	Num.33.48	עַ֖ל	5921 a	HR
04JaM	Num.33.48	יַרְדֵּ֥ן	3383	HNp
04qVM	Num.33.48	יְרֵחֽוֹ	3405	HNp
04dRQ	Num.33.49	וַ/יַּחֲנ֤וּ	c/2583	HC/Vqw3mp
04p3s	Num.33.49	עַל	5921 a	HR
04cCA	Num.33.49	הַ/יַּרְדֵּן֙	d/3383	HTd/Np
044sY	Num.33.49	מִ/בֵּ֣ית	m/1020+	HR/Np
04Tg7	Num.33.49	הַיְשִׁמֹ֔ת	1020	HNp
042Du	Num.33.49	עַ֖ד	5704	HR
04rRn	Num.33.49	אָבֵ֣ל	63+	HNp
045wa	Num.33.49	הַשִּׁטִּ֑ים	63	HNp
04rHG	Num.33.49	בְּ/עַֽרְבֹ֖ת	b/6160	HR/Ncfpc
04UYk	Num.33.49	מוֹאָֽב	4124	HNp
04zi4	Num.33.50	וַ/יְדַבֵּ֧ר	c/1696	HC/Vpw3ms
04KVs	Num.33.50	יְהוָ֛ה	3068	HNp
04NWz	Num.33.50	אֶל	413	HR
04DgG	Num.33.50	מֹשֶׁ֖ה	4872	HNp
04fYp	Num.33.50	בְּ/עַֽרְבֹ֣ת	b/6160	HR/Ncfpc
04Bgt	Num.33.50	מוֹאָ֑ב	4124	HNp
04P8k	Num.33.50	עַל	5921 a	HR
04txG	Num.33.50	יַרְדֵּ֥ן	3383	HNp
04tM3	Num.33.50	יְרֵח֖וֹ	3405	HNp
045xS	Num.33.50	לֵ/אמֹֽר	l/559	HR/Vqc
04sGD	Num.33.51	דַּבֵּר֙	1696	HVpv2ms
04LXL	Num.33.51	אֶל	413	HR
04MuN	Num.33.51	בְּנֵ֣י	1121 a	HNcmpc
04T3s	Num.33.51	יִשְׂרָאֵ֔ל	3478	HNp
04MoC	Num.33.51	וְ/אָמַרְתָּ֖	c/559	HC/Vqq2ms
04rVu	Num.33.51	אֲלֵ/הֶ֑ם	413	HR/Sp3mp
04g8F	Num.33.51	כִּ֥י	3588 a	HC
04JdL	Num.33.51	אַתֶּ֛ם	859 d	HPp2mp
04kL5	Num.33.51	עֹבְרִ֥ים	5674 a	HVqrmpa
04cPL	Num.33.51	אֶת	853	HTo
04pEE	Num.33.51	הַ/יַּרְדֵּ֖ן	d/3383	HTd/Np
04DJz	Num.33.51	אֶל	413	HR
046kc	Num.33.51	אֶ֥רֶץ	776	HNcbsc
04PFY	Num.33.51	כְּנָֽעַן	3667 a	HNp
04Efs	Num.33.52	וְ/ה֨וֹרַשְׁתֶּ֜ם	c/3423	HC/Vhq2mp
04MXn	Num.33.52	אֶת	853	HTo
04ris	Num.33.52	כָּל	3605	HNcmsc
04r9A	Num.33.52	יֹשְׁבֵ֤י	3427	HVqrmpc
04JTd	Num.33.52	הָ/אָ֨רֶץ֙	d/776	HTd/Ncbsa
04Uwz	Num.33.52	מִ/פְּנֵי/כֶ֔ם	m/6440	HR/Ncbpc/Sp2mp
04m4W	Num.33.52	וְ/אִ֨בַּדְתֶּ֔ם	c/6	HC/Vpq2mp
048Yw	Num.33.52	אֵ֖ת	853	HTo
04Z26	Num.33.52	כָּל	3605	HNcmsc
04YgJ	Num.33.52	מַשְׂכִּיֹּתָ֑/ם	4906	HNcfpc/Sp3mp
04wF3	Num.33.52	וְ/אֵ֨ת	c/853	HC/To
04aEB	Num.33.52	כָּל	3605	HNcmsc
04Vuz	Num.33.52	צַלְמֵ֤י	6754	HNcmpc
04kjd	Num.33.52	מַסֵּֽכֹתָ/ם֙	4541 a	HNcfpc/Sp3mp
04pWm	Num.33.52	תְּאַבֵּ֔דוּ	6	HVpi2mp
04JSR	Num.33.52	וְ/אֵ֥ת	c/853	HC/To
04cuY	Num.33.52	כָּל	3605	HNcmsc
04jyE	Num.33.52	בָּמֹתָ֖/ם	1116	HNcfpc/Sp3mp
04rTN	Num.33.52	תַּשְׁמִֽידוּ	8045	HVhi2mp
044Td	Num.33.53	וְ/הוֹרַשְׁתֶּ֥ם	c/3423	HC/Vhq2mp
04JVN	Num.33.53	אֶת	853	HTo
04HTu	Num.33.53	הָ/אָ֖רֶץ	d/776	HTd/Ncbsa
04UqD	Num.33.53	וִֽ/ישַׁבְתֶּם	c/3427	HC/Vqq2mp
04iQZ	Num.33.53	בָּ֑/הּ	b	HR/Sp3fs
04YoU	Num.33.53	כִּ֥י	3588 a	HC
04HWX	Num.33.53	לָ/כֶ֛ם	l	HR/Sp2mp
04yWZ	Num.33.53	נָתַ֥תִּי	5414	HVqp1cs
04aqk	Num.33.53	אֶת	853	HTo
04Jcj	Num.33.53	הָ/אָ֖רֶץ	d/776	HTd/Ncbsa
04Y2u	Num.33.53	לָ/רֶ֥שֶׁת	l/3423	HR/Vqc
04gER	Num.33.53	אֹתָֽ/הּ	853	HTo/Sp3fs
04Joj	Num.33.54	וְ/הִתְנַחַלְתֶּם֩	c/5157	HC/Vtq2mp
042xC	Num.33.54	אֶת	853	HTo
04dgh	Num.33.54	הָ/אָ֨רֶץ	d/776	HTd/Ncbsa
04Lv9	Num.33.54	בְּ/גוֹרָ֜ל	b/1486	HR/Ncmsa
04SEo	Num.33.54	לְ/מִשְׁפְּחֹֽתֵי/כֶ֗ם	l/4940	HR/Ncfpc/Sp2mp
04QQV	Num.33.54	לָ/רַ֞ב	l/7227 a	HRd/Aamsa
04hQg	Num.33.54	תַּרְבּ֤וּ	7235 a	HVhi2mp
04Rqg	Num.33.54	אֶת	853	HTo
04uWB	Num.33.54	נַחֲלָת/וֹ֙	5159	HNcfsc/Sp3ms
04SXR	Num.33.54	וְ/לַ/מְעַט֙	c/l/4592	HC/Rd/Aamsa
044qH	Num.33.54	תַּמְעִ֣יט	4591	HVhi2ms
04CYY	Num.33.54	אֶת	853	HTo
046L2	Num.33.54	נַחֲלָת֔/וֹ	5159	HNcfsc/Sp3ms
04ZLM	Num.33.54	אֶל֩	413	HR
04uW7	Num.33.54	אֲשֶׁר	834 a	HTr
04hD3	Num.33.54	יֵ֨צֵא	3318	HVqi3ms
04njY	Num.33.54	ל֥/וֹ	l	HR/Sp3ms
042aD	Num.33.54	שָׁ֛מָּ/ה	8033	HD/Sd
04KZZ	Num.33.54	הַ/גּוֹרָ֖ל	d/1486	HTd/Ncmsa
04PZk	Num.33.54	ל֣/וֹ	l	HR/Sp3ms
04htK	Num.33.54	יִהְיֶ֑ה	1961	HVqi3ms
04srU	Num.33.54	לְ/מַטּ֥וֹת	l/4294	HR/Ncmpc
04a4E	Num.33.54	אֲבֹתֵי/כֶ֖ם	1	HNcmpc/Sp2mp
04zCz	Num.33.54	תִּתְנֶחָֽלוּ	5157	HVti2mp
04XDP	Num.33.55	וְ/אִם	c/518 a	HC/C
04Gfb	Num.33.55	לֹ֨א	3808	HTn
04dzc	Num.33.55	תוֹרִ֜ישׁוּ	3423	HVhi2mp
04dtY	Num.33.55	אֶת	853	HTo
04tt3	Num.33.55	יֹשְׁבֵ֣י	3427	HVqrmpc
04Yr6	Num.33.55	הָ/אָרֶץ֮	d/776	HTd/Ncbsa
04bDJ	Num.33.55	מִ/פְּנֵי/כֶם֒	m/6440	HR/Ncbpc/Sp2mp
04pWA	Num.33.55	וְ/הָיָה֙	c/1961	HC/Vqq3ms
04pqD	Num.33.55	אֲשֶׁ֣ר	834 a	HTr
04kje	Num.33.55	תּוֹתִ֣ירוּ	3498	HVhi2mp
041gK	Num.33.55	מֵ/הֶ֔ם	m	HR/Sp3mp
04yDB	Num.33.55	לְ/שִׂכִּים֙	l/7899	HR/Ncmpa
04LeX	Num.33.55	בְּ/עֵ֣ינֵי/כֶ֔ם	b/5869 a	HR/Ncbdc/Sp2mp
04WVX	Num.33.55	וְ/לִ/צְנִינִ֖ם	c/l/6796	HC/R/Ncmpa
04N1E	Num.33.55	בְּ/צִדֵּי/כֶ֑ם	b/6654	HR/Ncmpc/Sp2mp
04QGH	Num.33.55	וְ/צָרֲר֣וּ	c/6887 d	HC/Vqq3cp
04hrH	Num.33.55	אֶתְ/כֶ֔ם	853	HTo/Sp2mp
04KUG	Num.33.55	עַל	5921 a	HR
04ETR	Num.33.55	הָ/אָ֕רֶץ	d/776	HTd/Ncbsa
04DPx	Num.33.55	אֲשֶׁ֥ר	834 a	HTr
043Ti	Num.33.55	אַתֶּ֖ם	859 d	HPp2mp
04kFu	Num.33.55	יֹשְׁבִ֥ים	3427	HVqrmpa
04KYC	Num.33.55	בָּֽ/הּ	b	HR/Sp3fs
04gAt	Num.33.56	וְ/הָיָ֗ה	c/1961	HC/Vqq3ms
04ZEn	Num.33.56	כַּ/אֲשֶׁ֥ר	k/834 d	HR/Tr
04rBA	Num.33.56	דִּמִּ֛יתִי	1819	HVpp1cs
047BJ	Num.33.56	לַ/עֲשׂ֥וֹת	l/6213 a	HR/Vqc
04AzR	Num.33.56	לָ/הֶ֖ם	l	HR/Sp3mp
04Adt	Num.33.56	אֶֽעֱשֶׂ֥ה	6213 a	HVqi1cs
04Y1a	Num.33.56	לָ/כֶֽם	l	HR/Sp2mp
04HHS	Num.34.1	וַ/יְדַבֵּ֥ר	c/1696	HC/Vpw3ms
04rym	Num.34.1	יְהוָ֖ה	3068	HNp
04PEk	Num.34.1	אֶל	413	HR
04aP7	Num.34.1	מֹשֶׁ֥ה	4872	HNp
04FAA	Num.34.1	לֵּ/אמֹֽר	l/559	HR/Vqc
04TxR	Num.34.2	צַ֞ו	6680	HVpv2ms
04xie	Num.34.2	אֶת	853	HTo
049H2	Num.34.2	בְּנֵ֤י	1121 a	HNcmpc
04Krx	Num.34.2	יִשְׂרָאֵל֙	3478	HNp
04rX5	Num.34.2	וְ/אָמַרְתָּ֣	c/559	HC/Vqq2ms
04hMb	Num.34.2	אֲלֵ/הֶ֔ם	413	HR/Sp3mp
04rxY	Num.34.2	כִּֽי	3588 a	HC
04nis	Num.34.2	אַתֶּ֥ם	859 d	HPp2mp
04LCt	Num.34.2	בָּאִ֖ים	935	HVqrmpa
045y6	Num.34.2	אֶל	413	HR
04uZ7	Num.34.2	הָ/אָ֣רֶץ	d/776	HTd/Ncbsa
04ACr	Num.34.2	כְּנָ֑עַן	3667 a	HNp
04Rp2	Num.34.2	זֹ֣את	2063	HPdxfs
04Zqf	Num.34.2	הָ/אָ֗רֶץ	d/776	HTd/Ncbsa
043dZ	Num.34.2	אֲשֶׁ֨ר	834 a	HTr
04qxE	Num.34.2	תִּפֹּ֤ל	5307	HVqi3fs
04Us2	Num.34.2	לָ/כֶם֙	l	HR/Sp2mp
046ZG	Num.34.2	בְּֽ/נַחֲלָ֔ה	b/5159	HR/Ncfsa
04T9o	Num.34.2	אֶ֥רֶץ	776	HNcbsc
04x5k	Num.34.2	כְּנַ֖עַן	3667 a	HNp
04JBi	Num.34.2	לִ/גְבֻלֹתֶֽי/הָ	l/1367	HR/Ncfpc/Sp3fs
04fBU	Num.34.3	וְ/הָיָ֨ה	c/1961	HC/Vqq3ms
04zof	Num.34.3	לָ/כֶ֧ם	l	HR/Sp2mp
04cNr	Num.34.3	פְּאַת	6285	HNcfsc
04hW5	Num.34.3	נֶ֛גֶב	5045	HNcmsa
04APA	Num.34.3	מִ/מִּדְבַּר	m/4057 b	HR/Ncmsc
04L5y	Num.34.3	צִ֖ן	6790	HNp
04HHr	Num.34.3	עַל	5921 a	HR
04mQs	Num.34.3	יְדֵ֣י	3027	HNcbdc
04zcy	Num.34.3	אֱד֑וֹם	123	HNp
04G1Y	Num.34.3	וְ/הָיָ֤ה	c/1961	HC/Vqq3ms
04UAX	Num.34.3	לָ/כֶם֙	l	HR/Sp2mp
04nhi	Num.34.3	גְּב֣וּל	1366	HNcmsc
04byg	Num.34.3	נֶ֔גֶב	5045	HNcmsa
04RC1	Num.34.3	מִ/קְצֵ֥ה	m/7097 a	HR/Ncbsc
04eTF	Num.34.3	יָם	3220	HNcmsc
04spw	Num.34.3	הַ/מֶּ֖לַח	d/4417	HTd/Ncmsa
04UjQ	Num.34.3	קֵֽדְמָ/ה	6924 b	HNcmsa/Sd
04JsP	Num.34.4	וְ/נָסַ֣ב	c/5437	HC/VNq3ms
044MZ	Num.34.4	לָ/כֶם֩	l	HR/Sp2mp
04cRX	Num.34.4	הַ/גְּב֨וּל	d/1366	HTd/Ncmsa
04XTm	Num.34.4	מִ/נֶּ֜גֶב	m/5045	HR/Ncmsa
04w2p	Num.34.4	לְ/מַעֲלֵ֤ה	l/4610+	HR/Ncmsc
04shk	Num.34.4	עַקְרַבִּים֙	4610	HNp
04peX	Num.34.4	וְ/עָ֣בַר	c/5674 a	HC/Vqq3ms
041pp	Num.34.4	צִ֔נָ/ה	6790	HNp/Sd
04HVR	Num.34.4	ו/היה	c/1961	HC/Vqq3ms
04t1e	Num.34.4	וְ/הָיוּ֙	c/1961	HC/Vqq3cp
04RUb	Num.34.4	תּֽוֹצְאֹתָ֔י/ו	8444	HNcfpc/Sp3ms
043NC	Num.34.4	מִ/נֶּ֖גֶב	m/5045	HR/Ncmsa
04xj7	Num.34.4	לְ/קָדֵ֣שׁ	l/6947+	HR/Np
04sH2	Num.34.4	בַּרְנֵ֑עַ	6947	HNp
04Xr8	Num.34.4	וְ/יָצָ֥א	c/3318	HC/Vqq3ms
04evS	Num.34.4	חֲצַר	2692+	HNp
04Koc	Num.34.4	אַדָּ֖ר	2692	HNp
04ppZ	Num.34.4	וְ/עָבַ֥ר	c/5674 a	HC/Vqq3ms
04jeD	Num.34.4	עַצְמֹֽנָ/ה	6111	HNp/Sd
04Wao	Num.34.5	וְ/נָסַ֧ב	c/5437	HC/VNq3ms
04J1H	Num.34.5	הַ/גְּב֛וּל	d/1366	HTd/Ncmsa
04oWb	Num.34.5	מֵ/עַצְמ֖וֹן	m/6111	HR/Np
04V6M	Num.34.5	נַ֣חְלָ/ה	5158 a	HNcmsc/Sh
045Xs	Num.34.5	מִצְרָ֑יִם	4714	HNp
04maA	Num.34.5	וְ/הָי֥וּ	c/1961	HC/Vqq3cp
048XX	Num.34.5	תוֹצְאֹתָ֖י/ו	8444	HNcfpc/Sp3ms
04DHE	Num.34.5	הַ/יָּֽמָּ/ה	d/3220	HTd/Ncmsa/Sd
04hiu	Num.34.6	וּ/גְב֣וּל	c/1366	HC/Ncmsc
04xmM	Num.34.6	יָ֔ם	3220	HNcmsa
04Nje	Num.34.6	וְ/הָיָ֥ה	c/1961	HC/Vqq3ms
04qcJ	Num.34.6	לָ/כֶ֛ם	l	HR/Sp2mp
04hYP	Num.34.6	הַ/יָּ֥ם	d/3220	HTd/Ncmsa
045vU	Num.34.6	הַ/גָּד֖וֹל	d/1419 a	HTd/Aamsa
04Kxf	Num.34.6	וּ/גְב֑וּל	c/1366	HC/Ncmsa
048fD	Num.34.6	זֶֽה	2088	HPdxms
04esV	Num.34.6	יִהְיֶ֥ה	1961	HVqi3ms
04b3y	Num.34.6	לָ/כֶ֖ם	l	HR/Sp2mp
04FFQ	Num.34.6	גְּב֥וּל	1366	HNcmsc
04i2s	Num.34.6	יָֽם	3220	HNcmsa
04CBy	Num.34.7	וְ/זֶֽה	c/2088	HC/Pdxms
04PBi	Num.34.7	יִהְיֶ֥ה	1961	HVqi3ms
044La	Num.34.7	לָ/כֶ֖ם	l	HR/Sp2mp
041Pd	Num.34.7	גְּב֣וּל	1366	HNcmsc
04eDf	Num.34.7	צָפ֑וֹן	6828	HNcfsa
04ML6	Num.34.7	מִן	4480 a	HR
04iD7	Num.34.7	הַ/יָּם֙	d/3220	HTd/Ncmsa
04Fkd	Num.34.7	הַ/גָּדֹ֔ל	d/1419 a	HTd/Aamsa
04Wy1	Num.34.7	תְּתָא֥וּ	8376	HVpi2mp
04CRS	Num.34.7	לָ/כֶ֖ם	l	HR/Sp2mp
04nU4	Num.34.7	הֹ֥ר	2023	HNp
0496a	Num.34.7	הָ/הָֽר	d/2022	HTd/Ncmsa
045pE	Num.34.8	מֵ/הֹ֣ר	m/2023	HR/Np
04jgj	Num.34.8	הָ/הָ֔ר	d/2022	HTd/Ncmsa
049vv	Num.34.8	תְּתָא֖וּ	8376	HVpi2mp
04UZr	Num.34.8	לְבֹ֣א	935	HNp
04ajX	Num.34.8	חֲמָ֑ת	2574	HNp
04DPX	Num.34.8	וְ/הָי֛וּ	c/1961	HC/Vqq3cp
04ezh	Num.34.8	תּוֹצְאֹ֥ת	8444	HNcfpc
04GS8	Num.34.8	הַ/גְּבֻ֖ל	d/1366	HTd/Ncmsa
04moq	Num.34.8	צְדָֽדָ/ה	6657	HNp/Sd
04LGN	Num.34.9	וְ/יָצָ֤א	c/3318	HC/Vqq3ms
04tEB	Num.34.9	הַ/גְּבֻל֙	d/1366	HTd/Ncmsa
04kVa	Num.34.9	זִפְרֹ֔נָ/ה	2202	HNp/Sd
04e2w	Num.34.9	וְ/הָי֥וּ	c/1961	HC/Vqq3cp
04iv9	Num.34.9	תוֹצְאֹתָ֖י/ו	8444	HNcfpc/Sp3ms
04pQZ	Num.34.9	חֲצַ֣ר	2704+	HNp
04SVt	Num.34.9	עֵינָ֑ן	2704	HNp
04eZ5	Num.34.9	זֶֽה	2088	HPdxms
04pmx	Num.34.9	יִהְיֶ֥ה	1961	HVqi3ms
041hQ	Num.34.9	לָ/כֶ֖ם	l	HR/Sp2mp
045zX	Num.34.9	גְּב֥וּל	1366	HNcmsc
0487d	Num.34.9	צָפֽוֹן	6828	HNcfsa
04E8D	Num.34.10	וְ/הִתְאַוִּיתֶ֥ם	c/184	HC/Vtq2mp
04sgg	Num.34.10	לָ/כֶ֖ם	l	HR/Sp2mp
04tkL	Num.34.10	לִ/גְב֣וּל	l/1366	HR/Ncmsa
04kNu	Num.34.10	קֵ֑דְמָ/ה	6924 b	HNcmsa/Sd
04gQo	Num.34.10	מֵ/חֲצַ֥ר	m/2704+	HR/Np
04ZQk	Num.34.10	עֵינָ֖ן	2704	HNp
046Ge	Num.34.10	שְׁפָֽמָ/ה	8221	HNp/Sd
04Gf9	Num.34.11	וְ/יָרַ֨ד	c/3381	HC/Vqq3ms
04qVP	Num.34.11	הַ/גְּבֻ֧ל	d/1366	HTd/Ncmsa
04M6W	Num.34.11	מִ/שְּׁפָ֛ם	m/8221	HR/Np
04z9p	Num.34.11	הָ/רִבְלָ֖ה	d/7247	HTd/Np
04v9o	Num.34.11	מִ/קֶּ֣דֶם	m/6924 a	HR/Ncmsa
04oKD	Num.34.11	לָ/עָ֑יִן	l/5871	HR/Np
04SFY	Num.34.11	וְ/יָרַ֣ד	c/3381	HC/Vqq3ms
04CrS	Num.34.11	הַ/גְּב֔וּל	d/1366	HTd/Ncmsa
04w6m	Num.34.11	וּ/מָחָ֛ה	c/4229 b	HC/Vqq3ms
04BP3	Num.34.11	עַל	5921 a	HR
04ejH	Num.34.11	כֶּ֥תֶף	3802	HNcfsc
04tam	Num.34.11	יָם	3220	HNcmsc
04uFF	Num.34.11	כִּנֶּ֖רֶת	3672	HNp
04XkY	Num.34.11	קֵֽדְמָ/ה	6924 b	HNcmsa/Sd
04XXH	Num.34.12	וְ/יָרַ֤ד	c/3381	HC/Vqq3ms
04ZFa	Num.34.12	הַ/גְּבוּל֙	d/1366	HTd/Ncmsa
04viQ	Num.34.12	הַ/יַּרְדֵּ֔נָ/ה	d/3383	HTd/Np/Sd
04NWw	Num.34.12	וְ/הָי֥וּ	c/1961	HC/Vqq3cp
04mbN	Num.34.12	תוֹצְאֹתָ֖י/ו	8444	HNcfpc/Sp3ms
04PyK	Num.34.12	יָ֣ם	3220	HNcmsc
04qW6	Num.34.12	הַ/מֶּ֑לַח	d/4417	HTd/Ncmsa
04w6P	Num.34.12	זֹאת֩	2063	HPdxfs
04uhp	Num.34.12	תִּהְיֶ֨ה	1961	HVqi3fs
044qC	Num.34.12	לָ/כֶ֥ם	l	HR/Sp2mp
04E94	Num.34.12	הָ/אָ֛רֶץ	d/776	HTd/Ncbsa
04DPc	Num.34.12	לִ/גְבֻלֹתֶ֖י/הָ	l/1367	HR/Ncfpc/Sp3fs
04goD	Num.34.12	סָבִֽיב	5439	HNcbsa
04VMN	Num.34.13	וַ/יְצַ֣ו	c/6680	HC/Vpw3ms
04TSZ	Num.34.13	מֹשֶׁ֔ה	4872	HNp
0466R	Num.34.13	אֶת	853	HTo
044uS	Num.34.13	בְּנֵ֥י	1121 a	HNcmpc
04ZfA	Num.34.13	יִשְׂרָאֵ֖ל	3478	HNp
04V9i	Num.34.13	לֵ/אמֹ֑ר	l/559	HR/Vqc
04R43	Num.34.13	זֹ֣את	2063	HPdxfs
04oc4	Num.34.13	הָ/אָ֗רֶץ	d/776	HTd/Ncbsa
04pLY	Num.34.13	אֲשֶׁ֨ר	834 a	HTr
04YBt	Num.34.13	תִּתְנַחֲל֤וּ	5157	HVti2mp
044Zo	Num.34.13	אֹתָ/הּ֙	853	HTo/Sp3fs
041q7	Num.34.13	בְּ/גוֹרָ֔ל	b/1486	HR/Ncmsa
04W5J	Num.34.13	אֲשֶׁר֙	834 a	HTr
0483Z	Num.34.13	צִוָּ֣ה	6680	HVpp3ms
04nN8	Num.34.13	יְהוָ֔ה	3068	HNp
04P92	Num.34.13	לָ/תֵ֛ת	l/5414	HR/Vqc
04KND	Num.34.13	לְ/תִשְׁעַ֥ת	l/8672	HR/Acmsc
04PDj	Num.34.13	הַ/מַּטּ֖וֹת	d/4294	HTd/Ncmpa
04WeJ	Num.34.13	וַ/חֲצִ֥י	c/2677	HC/Ncmsc
04ugY	Num.34.13	הַ/מַּטֶּֽה	d/4294	HTd/Ncmsa
04ChB	Num.34.14	כִּ֣י	3588 a	HC
04Csm	Num.34.14	לָקְח֞וּ	3947	HVqp3cp
04Mbg	Num.34.14	מַטֵּ֨ה	4294	HNcmsc
04qVE	Num.34.14	בְנֵ֤י	1121 a	HNcmpc
04kwd	Num.34.14	הָ/ראוּבֵנִי֙	d/7206	HTd/Ngmsa
04SUN	Num.34.14	לְ/בֵ֣ית	l/1004 b	HR/Ncmsc
04aCw	Num.34.14	אֲבֹתָ֔/ם	1	HNcmpc/Sp3mp
04UAz	Num.34.14	וּ/מַטֵּ֥ה	c/4294	HC/Ncmsc
04wRD	Num.34.14	בְנֵֽי	1121 a	HNcmpc
04Ato	Num.34.14	הַ/גָּדִ֖י	d/1425	HTd/Ngmsa
048ek	Num.34.14	לְ/בֵ֣ית	l/1004 b	HR/Ncmsc
04WKB	Num.34.14	אֲבֹתָ֑/ם	1	HNcmpc/Sp3mp
04C9a	Num.34.14	וַ/חֲצִי֙	c/2677	HC/Ncmsc
04CwL	Num.34.14	מַטֵּ֣ה	4294	HNcmsc
04MpV	Num.34.14	מְנַשֶּׁ֔ה	4519	HNp
04daa	Num.34.14	לָקְח֖וּ	3947	HVqp3cp
04NXV	Num.34.14	נַחֲלָתָֽ/ם	5159	HNcfsc/Sp3mp
04EUo	Num.34.15	שְׁנֵ֥י	8147	HAcmdc
04cMu	Num.34.15	הַ/מַּטּ֖וֹת	d/4294	HTd/Ncmpa
04ehx	Num.34.15	וַ/חֲצִ֣י	c/2677	HC/Ncmsc
04y66	Num.34.15	הַ/מַּטֶּ֑ה	d/4294	HTd/Ncmsa
04mXi	Num.34.15	לָקְח֣וּ	3947	HVqp3cp
04KQ6	Num.34.15	נַחֲלָתָ֗/ם	5159	HNcfsc/Sp3mp
04J4G	Num.34.15	מֵ/עֵ֛בֶר	m/5676	HR/Ncmsa
04FXg	Num.34.15	לְ/יַרְדֵּ֥ן	l/3383	HR/Np
04QwX	Num.34.15	יְרֵח֖וֹ	3405	HNp
046RS	Num.34.15	קֵ֥דְמָ/ה	6924 b	HNcmsa/Sd
04i3K	Num.34.15	מִזְרָֽחָ/ה	4217	HNcmsa/Sd
04kNa	Num.34.16	וַ/יְדַבֵּ֥ר	c/1696	HC/Vpw3ms
042od	Num.34.16	יְהוָ֖ה	3068	HNp
046i7	Num.34.16	אֶל	413	HR
04b2G	Num.34.16	מֹשֶׁ֥ה	4872	HNp
04otA	Num.34.16	לֵּ/אמֹֽר	l/559	HR/Vqc
04gz1	Num.34.17	אֵ֚לֶּה	428	HPdxcp
04ZtQ	Num.34.17	שְׁמ֣וֹת	8034	HNcmpc
04BX7	Num.34.17	הָֽ/אֲנָשִׁ֔ים	d/376	HTd/Ncmpa
04UMy	Num.34.17	אֲשֶׁר	834 a	HTr
04iXq	Num.34.17	יִנְחֲל֥וּ	5157	HVqi3mp
048wG	Num.34.17	לָ/כֶ֖ם	l	HR/Sp2mp
0415r	Num.34.17	אֶת	853	HTo
04RdU	Num.34.17	הָ/אָ֑רֶץ	d/776	HTd/Ncbsa
04mfu	Num.34.17	אֶלְעָזָר֙	499	HNp
04AYE	Num.34.17	הַ/כֹּהֵ֔ן	d/3548	HTd/Ncmsa
04QeM	Num.34.17	וִ/יהוֹשֻׁ֖עַ	c/3091	HC/Np
04epw	Num.34.17	בִּן	1121 a	HNcmsc
04nQN	Num.34.17	נֽוּן	5126	HNp
04Bd5	Num.34.18	וְ/נָשִׂ֥יא	c/5387 a	HC/Ncmsa
04uTd	Num.34.18	אֶחָ֛ד	259	HAcmsa
04VTm	Num.34.18	נָשִׂ֥יא	5387 a	HNcmsa
04kLf	Num.34.18	אֶחָ֖ד	259	HAcmsa
04U1Y	Num.34.18	מִ/מַּטֶּ֑ה	m/4294	HR/Ncmsa
04Ax6	Num.34.18	תִּקְח֖וּ	3947	HVqi2mp
04WS9	Num.34.18	לִ/נְחֹ֥ל	l/5157	HR/Vqc
04w6B	Num.34.18	אֶת	853	HTo
04oag	Num.34.18	הָ/אָֽרֶץ	d/776	HTd/Ncbsa
04Pkr	Num.34.19	וְ/אֵ֖לֶּה	c/428	HC/Pdxcp
045Eh	Num.34.19	שְׁמ֣וֹת	8034	HNcmpc
045iX	Num.34.19	הָ/אֲנָשִׁ֑ים	d/376	HTd/Ncmpa
04MFx	Num.34.19	לְ/מַטֵּ֣ה	l/4294	HR/Ncmsc
044ok	Num.34.19	יְהוּדָ֔ה	3063	HNp
04ajR	Num.34.19	כָּלֵ֖ב	3612	HNp
04uwb	Num.34.19	בֶּן	1121 a	HNcmsc
04keC	Num.34.19	יְפֻנֶּֽה	3312	HNp
045Bm	Num.34.20	וּ/לְ/מַטֵּה֙	c/l/4294	HC/R/Ncmsc
04YXW	Num.34.20	בְּנֵ֣י	1121 a	HNcmpc
04Fdx	Num.34.20	שִׁמְע֔וֹן	8095	HNp
04RSt	Num.34.20	שְׁמוּאֵ֖ל	8050	HNp
04Vt9	Num.34.20	בֶּן	1121 a	HNcmsc
04Pi1	Num.34.20	עַמִּיהֽוּד	5989	HNp
04bh6	Num.34.21	לְ/מַטֵּ֣ה	l/4294	HR/Ncmsc
043y9	Num.34.21	בִנְיָמִ֔ן	1144	HNp
04oVF	Num.34.21	אֱלִידָ֖ד	449	HNp
048tt	Num.34.21	בֶּן	1121 a	HNcmsc
0496b	Num.34.21	כִּסְלֽוֹן	3692	HNp
043Sy	Num.34.22	וּ/לְ/מַטֵּ֥ה	c/l/4294	HC/R/Ncmsc
04GNw	Num.34.22	בְנֵי	1121 a	HNcmpc
045qs	Num.34.22	דָ֖ן	1835	HNp
04TKk	Num.34.22	נָשִׂ֑יא	5387 a	HNcmsa
04UJc	Num.34.22	בֻּקִּ֖י	1231	HNp
048cz	Num.34.22	בֶּן	1121 a	HNcmsc
042ay	Num.34.22	יָגְלִֽי	3020	HNp
04daP	Num.34.23	לִ/בְנֵ֣י	l/1121 a	HR/Ncmpc
04MpQ	Num.34.23	יוֹסֵ֔ף	3130	HNp
04Vuc	Num.34.23	לְ/מַטֵּ֥ה	l/4294	HR/Ncmsc
04BJu	Num.34.23	בְנֵֽי	1121 a	HNcmpc
04E16	Num.34.23	מְנַשֶּׁ֖ה	4519	HNp
045MB	Num.34.23	נָשִׂ֑יא	5387 a	HNcmsa
04KKa	Num.34.23	חַנִּיאֵ֖ל	2592	HNp
04jDt	Num.34.23	בֶּן	1121 a	HNcmsc
04XUJ	Num.34.23	אֵפֹֽד	641	HNp
043J4	Num.34.24	וּ/לְ/מַטֵּ֥ה	c/l/4294	HC/R/Ncmsc
04Kde	Num.34.24	בְנֵֽי	1121 a	HNcmpc
042p5	Num.34.24	אֶפְרַ֖יִם	669	HNp
04FRa	Num.34.24	נָשִׂ֑יא	5387 a	HNcmsa
04cVC	Num.34.24	קְמוּאֵ֖ל	7055	HNp
042iV	Num.34.24	בֶּן	1121 a	HNcmsc
04xpW	Num.34.24	שִׁפְטָֽן	8204	HNp
04S89	Num.34.25	וּ/לְ/מַטֵּ֥ה	c/l/4294	HC/R/Ncmsc
04Nr7	Num.34.25	בְנֵֽי	1121 a	HNcmpc
04xZH	Num.34.25	זְבוּלֻ֖ן	2074	HNp
04biz	Num.34.25	נָשִׂ֑יא	5387 a	HNcmsa
04XWT	Num.34.25	אֱלִיצָפָ֖ן	469	HNp
04JnG	Num.34.25	בֶּן	1121 a	HNcmsc
04Ww5	Num.34.25	פַּרְנָֽךְ	6535	HNp
04ajf	Num.34.26	וּ/לְ/מַטֵּ֥ה	c/l/4294	HC/R/Ncmsc
04fUH	Num.34.26	בְנֵֽי	1121 a	HNcmpc
04X4u	Num.34.26	יִשָׂשכָ֖ר	3485	HNp
04Q9b	Num.34.26	נָשִׂ֑יא	5387 a	HNcmsa
049av	Num.34.26	פַּלְטִיאֵ֖ל	6409	HNp
046NU	Num.34.26	בֶּן	1121 a	HNcmsc
0464R	Num.34.26	עַזָּֽן	5821	HNp
042db	Num.34.27	וּ/לְ/מַטֵּ֥ה	c/l/4294	HC/R/Ncmsc
046C9	Num.34.27	בְנֵי	1121 a	HNcmpc
046ne	Num.34.27	אָשֵׁ֖ר	836	HNp
048NZ	Num.34.27	נָשִׂ֑יא	5387 a	HNcmsa
04Vfv	Num.34.27	אֲחִיה֖וּד	282	HNp
04cNS	Num.34.27	בֶּן	1121 a	HNcmsc
04vN2	Num.34.27	שְׁלֹמִֽי	8015	HNp
04tBF	Num.34.28	וּ/לְ/מַטֵּ֥ה	c/l/4294	HC/R/Ncmsc
04uU4	Num.34.28	בְנֵֽי	1121 a	HNcmpc
04RmY	Num.34.28	נַפְתָּלִ֖י	5321	HNp
04vqH	Num.34.28	נָשִׂ֑יא	5387 a	HNcmsa
04bL4	Num.34.28	פְּדַהְאֵ֖ל	6300	HNp
04Wz7	Num.34.28	בֶּן	1121 a	HNcmsc
04H8h	Num.34.28	עַמִּיהֽוּד	5989	HNp
04s4j	Num.34.29	אֵ֕לֶּה	428	HPdxcp
048w2	Num.34.29	אֲשֶׁ֖ר	834 a	HTr
04pQU	Num.34.29	צִוָּ֣ה	6680	HVpp3ms
04e3J	Num.34.29	יְהוָ֑ה	3068	HNp
04bqc	Num.34.29	לְ/נַחֵ֥ל	l/5157	HR/Vpc
04A2g	Num.34.29	אֶת	853	HTo
042Hk	Num.34.29	בְּנֵֽי	1121 a	HNcmpc
04xrM	Num.34.29	יִשְׂרָאֵ֖ל	3478	HNp
04dhx	Num.34.29	בְּ/אֶ֥רֶץ	b/776	HR/Ncbsc
04vRK	Num.34.29	כְּנָֽעַן	3667 a	HNp
04zrT	Num.35.1	וַ/יְדַבֵּ֧ר	c/1696	HC/Vpw3ms
04gN2	Num.35.1	יְהוָ֛ה	3068	HNp
048wP	Num.35.1	אֶל	413	HR
04TS4	Num.35.1	מֹשֶׁ֖ה	4872	HNp
047oU	Num.35.1	בְּ/עַֽרְבֹ֣ת	b/6160	HR/Ncfpc
04rM4	Num.35.1	מוֹאָ֑ב	4124	HNp
04FSd	Num.35.1	עַל	5921 a	HR
04ffV	Num.35.1	יַרְדֵּ֥ן	3383	HNp
04qtx	Num.35.1	יְרֵח֖וֹ	3405	HNp
04nV4	Num.35.1	לֵ/אמֹֽר	l/559	HR/Vqc
04s1G	Num.35.2	צַו֮	6680	HVpv2ms
04Sok	Num.35.2	אֶת	853	HTo
04rJ4	Num.35.2	בְּנֵ֣י	1121 a	HNcmpc
04BaH	Num.35.2	יִשְׂרָאֵל֒	3478	HNp
04AP3	Num.35.2	וְ/נָתְנ֣וּ	c/5414	HC/Vqq3cp
04mjy	Num.35.2	לַ/לְוִיִּ֗ם	l/3881	HRd/Ngmpa
04pBZ	Num.35.2	מִֽ/נַּחֲלַ֛ת	m/5159	HR/Ncfsc
046NY	Num.35.2	אֲחֻזָּתָ֖/ם	272	HNcfsc/Sp3mp
04pYK	Num.35.2	עָרִ֣ים	5892 b	HNcfpa
04yiB	Num.35.2	לָ/שָׁ֑בֶת	l/3427	HR/Vqc
04kas	Num.35.2	וּ/מִגְרָ֗שׁ	c/4054	HC/Ncmsa
04QEt	Num.35.2	לֶֽ/עָרִים֙	l/5892 b	HRd/Ncfpa
04vJc	Num.35.2	סְבִיבֹ֣תֵי/הֶ֔ם	5439	HNcbpc/Sp3mp
045iz	Num.35.2	תִּתְּנ֖וּ	5414	HVqi2mp
04cKC	Num.35.2	לַ/לְוִיִּֽם	l/3881	HRd/Ngmpa
04AWS	Num.35.3	וְ/הָי֧וּ	c/1961	HC/Vqq3cp
048o6	Num.35.3	הֶֽ/עָרִ֛ים	d/5892 b	HTd/Ncfpa
04xes	Num.35.3	לָ/הֶ֖ם	l	HR/Sp3mp
04ESH	Num.35.3	לָ/שָׁ֑בֶת	l/3427	HR/Vqc
046xR	Num.35.3	וּ/מִגְרְשֵׁי/הֶ֗ם	c/4054	HC/Ncmpc/Sp3mp
04bVe	Num.35.3	יִהְי֤וּ	1961	HVqi3mp
04rML	Num.35.3	לִ/בְהֶמְתָּ/ם֙	l/929	HR/Ncfsc/Sp3mp
04AfT	Num.35.3	וְ/לִ/רְכֻשָׁ֔/ם	c/l/7399	HC/R/Ncmsc/Sp3mp
04BJt	Num.35.3	וּ/לְ/כֹ֖ל	c/l/3605	HC/R/Ncmsc
04cVR	Num.35.3	חַיָּתָֽ/ם	2416 c	HNcfsc/Sp3mp
04XRW	Num.35.4	וּ/מִגְרְשֵׁי֙	c/4054	HC/Ncmpc
04qLh	Num.35.4	הֶֽ/עָרִ֔ים	d/5892 b	HTd/Ncfpa
04tmy	Num.35.4	אֲשֶׁ֥ר	834 a	HTr
04A7i	Num.35.4	תִּתְּנ֖וּ	5414	HVqi2mp
046rX	Num.35.4	לַ/לְוִיִּ֑ם	l/3881	HRd/Ngmpa
04bAz	Num.35.4	מִ/קִּ֤יר	m/7023	HR/Ncmsc
04ifn	Num.35.4	הָ/עִיר֙	d/5892 b	HTd/Ncfsa
04kHu	Num.35.4	וָ/ח֔וּצָ/ה	c/2351	HC/Ncmsa/Sd
04qyo	Num.35.4	אֶ֥לֶף	505	HAcbsa
04fC7	Num.35.4	אַמָּ֖ה	520 a	HNcfsa
04m9w	Num.35.4	סָבִֽיב	5439	HNcbsa
04foY	Num.35.5	וּ/מַדֹּתֶ֞ם	c/4058	HC/Vqq2mp
04oCz	Num.35.5	מִ/ח֣וּץ	m/2351	HR/Ncmsa
04oxw	Num.35.5	לָ/עִ֗יר	l/5892 b	HRd/Ncfsa
04cW4	Num.35.5	אֶת	853	HTo
04xNR	Num.35.5	פְּאַת	6285	HNcfsc
04m95	Num.35.5	קֵ֣דְמָ/ה	6924 b	HNcmsa/Sd
04Zi9	Num.35.5	אַלְפַּ֪יִם	505	HAcbpa
04uzk	Num.35.5	בָּֽ/אַמָּ֟ה	b/520 a	HRd/Ncfsa
04xFq	Num.35.5	וְ/אֶת	c/853	HC/To
04Rqx	Num.35.5	פְּאַת	6285	HNcfsc
04zzS	Num.35.5	נֶגֶב֩	5045	HNcmsa
04xor	Num.35.5	אַלְפַּ֨יִם	505	HAcbpa
04Pjf	Num.35.5	בָּ/אַמָּ֜ה	b/520 a	HRd/Ncfsa
0443Y	Num.35.5	וְ/אֶת	c/853	HC/To
04j2g	Num.35.5	פְּאַת	6285	HNcfsc
04jr1	Num.35.5	יָ֣ם	3220	HNcmsa
04mzx	Num.35.5	אַלְפַּ֣יִם	505	HAcbpa
0454n	Num.35.5	בָּֽ/אַמָּ֗ה	b/520 a	HRd/Ncfsa
04NCY	Num.35.5	וְ/אֵ֨ת	c/853	HC/To
04AEr	Num.35.5	פְּאַ֥ת	6285	HNcfsc
04oDm	Num.35.5	צָפ֛וֹן	6828	HNcfsa
044YM	Num.35.5	אַלְפַּ֥יִם	505	HAcbpa
04i5Q	Num.35.5	בָּ/אַמָּ֖ה	b/520 a	HRd/Ncfsa
04f5r	Num.35.5	וְ/הָ/עִ֣יר	c/d/5892 b	HC/Td/Ncfsa
04XBv	Num.35.5	בַּ/תָּ֑וֶךְ	b/8432	HRd/Ncmsa
04oJq	Num.35.5	זֶ֚ה	2088	HPdxms
04vFF	Num.35.5	יִהְיֶ֣ה	1961	HVqi3ms
04DVb	Num.35.5	לָ/הֶ֔ם	l	HR/Sp3mp
047fN	Num.35.5	מִגְרְשֵׁ֖י	4054	HNcmpc
04FpH	Num.35.5	הֶ/עָרִֽים	d/5892 b	HTd/Ncfpa
04G4b	Num.35.6	וְ/אֵ֣ת	c/853	HC/To
04erx	Num.35.6	הֶֽ/עָרִ֗ים	d/5892 b	HTd/Ncfpa
04KYF	Num.35.6	אֲשֶׁ֤ר	834 a	HTr
046Sk	Num.35.6	תִּתְּנוּ֙	5414	HVqi2mp
049en	Num.35.6	לַ/לְוִיִּ֔ם	l/3881	HRd/Ngmpa
04XDT	Num.35.6	אֵ֚ת	853	HTo
044VX	Num.35.6	שֵׁשׁ	8337	HAcfsa
04oD7	Num.35.6	עָרֵ֣י	5892 b	HNcfpc
04gSE	Num.35.6	הַ/מִּקְלָ֔ט	d/4733	HTd/Ncmsa
04KVm	Num.35.6	אֲשֶׁ֣ר	834 a	HTr
048yY	Num.35.6	תִּתְּנ֔וּ	5414	HVqi2mp
04LRA	Num.35.6	לָ/נֻ֥ס	l/5127	HR/Vqc
04Rwc	Num.35.6	שָׁ֖מָּ/ה	8033	HD/Sd
043AV	Num.35.6	הָ/רֹצֵ֑חַ	d/7523	HTd/Vqrmsa
04KKb	Num.35.6	וַ/עֲלֵי/הֶ֣ם	c/5921 a	HC/R/Sp3mp
04Hyn	Num.35.6	תִּתְּנ֔וּ	5414	HVqi2mp
04nFR	Num.35.6	אַרְבָּעִ֥ים	705	HAcbpa
04wB8	Num.35.6	וּ/שְׁתַּ֖יִם	c/8147	HC/Acfda
04tNA	Num.35.6	עִֽיר	5892 b	HNcfsa
04ZRL	Num.35.7	כָּל	3605	HNcmsc
04jaX	Num.35.7	הֶ/עָרִ֗ים	d/5892 b	HTd/Ncfpa
04xew	Num.35.7	אֲשֶׁ֤ר	834 a	HTr
04afJ	Num.35.7	תִּתְּנוּ֙	5414	HVqi2mp
04T16	Num.35.7	לַ/לְוִיִּ֔ם	l/3881	HRd/Ngmpa
04GRA	Num.35.7	אַרְבָּעִ֥ים	705	HAcbpa
04576	Num.35.7	וּ/שְׁמֹנֶ֖ה	c/8083	HC/Acfsa
04oeo	Num.35.7	עִ֑יר	5892 b	HNcfsa
04PNC	Num.35.7	אֶתְ/הֶ֖ן	853	HTo/Sp3fp
04Egy	Num.35.7	וְ/אֶת	c/853	HC/To
04vcc	Num.35.7	מִגְרְשֵׁי/הֶֽן	4054	HNcmpc/Sp3fp
04Qan	Num.35.8	וְ/הֶֽ/עָרִ֗ים	c/d/5892 b	HC/Td/Ncfpa
04sb8	Num.35.8	אֲשֶׁ֤ר	834 a	HTr
04eik	Num.35.8	תִּתְּנוּ֙	5414	HVqi2mp
04e4D	Num.35.8	מֵ/אֲחֻזַּ֣ת	m/272	HR/Ncfsc
04SKK	Num.35.8	בְּנֵי	1121 a	HNcmpc
04xY7	Num.35.8	יִשְׂרָאֵ֔ל	3478	HNp
04X6H	Num.35.8	מֵ/אֵ֤ת	m/854	HR/R
04vvm	Num.35.8	הָ/רַב֙	d/7227 a	HTd/Aamsa
04bBd	Num.35.8	תַּרְבּ֔וּ	7235 a	HVhi2mp
04n6w	Num.35.8	וּ/מֵ/אֵ֥ת	c/m/853	HC/R/To
04Mgk	Num.35.8	הַ/מְעַ֖ט	d/4592	HTd/Aamsa
04tB4	Num.35.8	תַּמְעִ֑יטוּ	4591	HVhi2mp
04beK	Num.35.8	אִ֗ישׁ	376	HNcmsa
04jYo	Num.35.8	כְּ/פִ֤י	k/6310	HR/Ncmsc
04q68	Num.35.8	נַחֲלָת/וֹ֙	5159	HNcfsc/Sp3ms
04yUn	Num.35.8	אֲשֶׁ֣ר	834 a	HTr
04ZMh	Num.35.8	יִנְחָ֔לוּ	5157	HVqi3mp
04Yzr	Num.35.8	יִתֵּ֥ן	5414	HVqi3ms
04pPA	Num.35.8	מֵ/עָרָ֖י/ו	m/5892 b	HR/Ncfpc/Sp3ms
04GGx	Num.35.8	לַ/לְוִיִּֽם	l/3881	HRd/Ngmpa
04LiF	Num.35.9	וַ/יְדַבֵּ֥ר	c/1696	HC/Vpw3ms
04wwj	Num.35.9	יְהוָ֖ה	3068	HNp
04X8D	Num.35.9	אֶל	413	HR
04hgd	Num.35.9	מֹשֶׁ֥ה	4872	HNp
04qVq	Num.35.9	לֵּ/אמֹֽר	l/559	HR/Vqc
04RFD	Num.35.10	דַּבֵּר֙	1696	HVpv2ms
04NjP	Num.35.10	אֶל	413	HR
04x8o	Num.35.10	בְּנֵ֣י	1121 a	HNcmpc
04Xru	Num.35.10	יִשְׂרָאֵ֔ל	3478	HNp
04diM	Num.35.10	וְ/אָמַרְתָּ֖	c/559	HC/Vqq2ms
047B4	Num.35.10	אֲלֵ/הֶ֑ם	413	HR/Sp3mp
04rWv	Num.35.10	כִּ֥י	3588 a	HC
04Lfd	Num.35.10	אַתֶּ֛ם	859 d	HPp2mp
04wDd	Num.35.10	עֹבְרִ֥ים	5674 a	HVqrmpa
04jef	Num.35.10	אֶת	853	HTo
04q11	Num.35.10	הַ/יַּרְדֵּ֖ן	d/3383	HTd/Np
047KT	Num.35.10	אַ֥רְצָ/ה	776	HNcbsc/Sd
04YSo	Num.35.10	כְּנָֽעַן	3667 a	HNp
04ecH	Num.35.11	וְ/הִקְרִיתֶ֤ם	c/7136 a	HC/Vhq2mp
04dcA	Num.35.11	לָ/כֶם֙	l	HR/Sp2mp
04QAU	Num.35.11	עָרִ֔ים	5892 b	HNcfpa
04h9P	Num.35.11	עָרֵ֥י	5892 b	HNcfpc
04Gdi	Num.35.11	מִקְלָ֖ט	4733	HNcmsa
04TcG	Num.35.11	תִּהְיֶ֣ינָה	1961	HVqi3fp
04N3i	Num.35.11	לָ/כֶ֑ם	l	HR/Sp2mp
04WoA	Num.35.11	וְ/נָ֥ס	c/5127	HC/Vqq3ms
04okz	Num.35.11	שָׁ֨מָּ/ה֙	8033	HD/Sd
04pkV	Num.35.11	רֹצֵ֔חַ	7523	HVqrmsa
04ooP	Num.35.11	מַכֵּה	5221	HVhrmsc
04DFU	Num.35.11	נֶ֖פֶשׁ	5315	HNcbsa
04n2u	Num.35.11	בִּ/שְׁגָגָֽה	b/7684	HR/Ncfsa
046gN	Num.35.12	וְ/הָי֨וּ	c/1961	HC/Vqq3cp
04Cxs	Num.35.12	לָ/כֶ֧ם	l	HR/Sp2mp
04XKE	Num.35.12	הֶ/עָרִ֛ים	d/5892 b	HTd/Ncfpa
04D4X	Num.35.12	לְ/מִקְלָ֖ט	l/4733	HR/Ncmsa
04VuS	Num.35.12	מִ/גֹּאֵ֑ל	m/1350 a	HR/Vqrmsa
04fnf	Num.35.12	וְ/לֹ֤א	c/3808	HC/Tn
04hjn	Num.35.12	יָמוּת֙	4191	HVqi3ms
04bRt	Num.35.12	הָ/רֹצֵ֔חַ	d/7523	HTd/Vqrmsa
04sEe	Num.35.12	עַד	5704	HR
043T4	Num.35.12	עָמְד֛/וֹ	5975	HVqc/Sp3ms
0467b	Num.35.12	לִ/פְנֵ֥י	l/6440	HR/Ncbpc
04kvr	Num.35.12	הָ/עֵדָ֖ה	d/5712	HTd/Ncfsa
048Mk	Num.35.12	לַ/מִּשְׁפָּֽט	l/4941	HRd/Ncmsa
04ias	Num.35.13	וְ/הֶ/עָרִ֖ים	c/d/5892 b	HC/Td/Ncfpa
04beY	Num.35.13	אֲשֶׁ֣ר	834 a	HTr
04RwY	Num.35.13	תִּתֵּ֑נוּ	5414	HVqi2mp
04PyX	Num.35.13	שֵׁשׁ	8337	HAcfsa
04KAh	Num.35.13	עָרֵ֥י	5892 b	HNcfpc
04xGp	Num.35.13	מִקְלָ֖ט	4733	HNcmsa
04Rtg	Num.35.13	תִּהְיֶ֥ינָה	1961	HVqi3fp
04A4t	Num.35.13	לָ/כֶֽם	l	HR/Sp2mp
04HKu	Num.35.14	אֵ֣ת	853	HTo
04qfY	Num.35.14	שְׁלֹ֣שׁ	7969	HAcfsa
04rPW	Num.35.14	הֶ/עָרִ֗ים	d/5892 b	HTd/Ncfpa
048zE	Num.35.14	תִּתְּנוּ֙	5414	HVqi2mp
04SUn	Num.35.14	מֵ/עֵ֣בֶר	m/5676	HR/Ncmsa
04TJZ	Num.35.14	לַ/יַּרְדֵּ֔ן	l/3383	HRd/Np
04kkr	Num.35.14	וְ/אֵת֙	c/853	HC/To
04nwo	Num.35.14	שְׁלֹ֣שׁ	7969	HAcfsa
049U8	Num.35.14	הֶֽ/עָרִ֔ים	d/5892 b	HTd/Ncfpa
042Tj	Num.35.14	תִּתְּנ֖וּ	5414	HVqi2mp
049iA	Num.35.14	בְּ/אֶ֣רֶץ	b/776	HR/Ncbsc
04aTj	Num.35.14	כְּנָ֑עַן	3667 a	HNp
04cey	Num.35.14	עָרֵ֥י	5892 b	HNcfpc
04W4J	Num.35.14	מִקְלָ֖ט	4733	HNcmsa
04Rtu	Num.35.14	תִּהְיֶֽינָה	1961	HVqi3fp
04ry2	Num.35.15	לִ/בְנֵ֣י	l/1121 a	HR/Ncmpc
04g6p	Num.35.15	יִשְׂרָאֵ֗ל	3478	HNp
047AW	Num.35.15	וְ/לַ/גֵּ֤ר	c/l/1616	HC/Rd/Ncmsa
049W5	Num.35.15	וְ/לַ/תּוֹשָׁב֙	c/l/8453 a	HC/Rd/Ncmsa
04Hk5	Num.35.15	בְּ/תוֹכָ֔/ם	b/8432	HR/Ncmsc/Sp3mp
04UBq	Num.35.15	תִּהְיֶ֛ינָה	1961	HVqi3fp
04T8V	Num.35.15	שֵׁשׁ	8337	HAcfsa
04Ngs	Num.35.15	הֶ/עָרִ֥ים	d/5892 b	HTd/Ncfpa
04QKm	Num.35.15	הָ/אֵ֖לֶּה	d/428	HTd/Pdxcp
04Jxr	Num.35.15	לְ/מִקְלָ֑ט	l/4733	HR/Ncmsa
04d5W	Num.35.15	לָ/נ֣וּס	l/5127	HR/Vqc
046hu	Num.35.15	שָׁ֔מָּ/ה	8033	HD/Sd
04B8T	Num.35.15	כָּל	3605	HNcmsc
042fg	Num.35.15	מַכֵּה	5221	HVhrmsc
04Hy4	Num.35.15	נֶ֖פֶשׁ	5315	HNcbsa
046NF	Num.35.15	בִּ/שְׁגָגָֽה	b/7684	HR/Ncfsa
04AKT	Num.35.16	וְ/אִם	c/518 a	HC/C
04oEC	Num.35.16	בִּ/כְלִ֨י	b/3627	HR/Ncmsc
04UNS	Num.35.16	בַרְזֶ֧ל	1270	HNcmsa
04Ejm	Num.35.16	הִכָּ֛ה/וּ	5221	HVhp3ms/Sp3ms
04sQF	Num.35.16	וַ/יָּמֹ֖ת	c/4191	HC/Vqw3ms
04jer	Num.35.16	רֹצֵ֣חַֽ	7523	HVqrmsa
04prY	Num.35.16	ה֑וּא	1931	HPp3ms
04vD3	Num.35.16	מ֥וֹת	4191	HVqa
04KWp	Num.35.16	יוּמַ֖ת	4191	HVHi3ms
04vAP	Num.35.16	הָ/רֹצֵֽחַ	d/7523	HTd/Vqrmsa
04FzF	Num.35.17	וְ/אִ֡ם	c/518 a	HC/C
04R41	Num.35.17	בְּ/אֶ֣בֶן	b/68	HR/Ncfsc
04g3a	Num.35.17	יָד֩	3027	HNcbsa
04Qgn	Num.35.17	אֲשֶׁר	834 a	HTr
04ksu	Num.35.17	יָמ֨וּת	4191	HVqi3ms
04XE6	Num.35.17	בָּ֥/הּ	b	HR/Sp3fs
04fZj	Num.35.17	הִכָּ֛ה/וּ	5221	HVhp3ms/Sp3ms
04tzJ	Num.35.17	וַ/יָּמֹ֖ת	c/4191	HC/Vqw3ms
04KfA	Num.35.17	רֹצֵ֣חַֽ	7523	HVqrmsa
04N3h	Num.35.17	ה֑וּא	1931	HPp3ms
04fnB	Num.35.17	מ֥וֹת	4191	HVqa
04xoy	Num.35.17	יוּמַ֖ת	4191	HVHi3ms
04gkY	Num.35.17	הָ/רֹצֵֽחַ	d/7523	HTd/Vqrmsa
048Mw	Num.35.18	א֡וֹ	176 a	HC
048uJ	Num.35.18	בִּ/כְלִ֣י	b/3627	HR/Ncmsc
04QK1	Num.35.18	עֵֽץ	6086	HNcmsa
04gdD	Num.35.18	יָד֩	3027	HNcbsa
046ta	Num.35.18	אֲשֶׁר	834 a	HTr
0449A	Num.35.18	יָמ֨וּת	4191	HVqi3ms
04M3H	Num.35.18	בּ֥/וֹ	b	HR/Sp3ms
04F9Z	Num.35.18	הִכָּ֛ה/וּ	5221	HVhp3ms/Sp3ms
04UCJ	Num.35.18	וַ/יָּמֹ֖ת	c/4191	HC/Vqw3ms
04jyx	Num.35.18	רֹצֵ֣חַֽ	7523	HVqrmsa
04vWE	Num.35.18	ה֑וּא	1931	HPp3ms
044fS	Num.35.18	מ֥וֹת	4191	HVqa
04JK4	Num.35.18	יוּמַ֖ת	4191	HVHi3ms
04A1R	Num.35.18	הָ/רֹצֵֽחַ	d/7523	HTd/Vqrmsa
04mRq	Num.35.19	גֹּאֵ֣ל	1350 a	HVqrmsc
04jN9	Num.35.19	הַ/דָּ֔ם	d/1818	HTd/Ncmsa
04dxx	Num.35.19	ה֥וּא	1931	HPp3ms
048xj	Num.35.19	יָמִ֖ית	4191	HVhi3ms
04JSt	Num.35.19	אֶת	853	HTo
04MFt	Num.35.19	הָ/רֹצֵ֑חַ	d/7523	HTd/Vqrmsa
04gV5	Num.35.19	בְּ/פִגְע/וֹ	b/6293	HR/Vqc/Sp3ms
04t71	Num.35.19	ב֖/וֹ	b	HR/Sp3ms
04LMb	Num.35.19	ה֥וּא	1931	HPp3ms
04tzm	Num.35.19	יְמִיתֶֽ/נּוּ	4191	HVhi3ms/Sp3ms
04JVJ	Num.35.20	וְ/אִם	c/518 a	HC/C
04WDe	Num.35.20	בְּ/שִׂנְאָ֖ה	b/8135	HR/Ncfsa
04Nxj	Num.35.20	יֶהְדָּפֶ֑/נּוּ	1920	HVqi3ms/Sp3ms
04eJe	Num.35.20	אֽוֹ	176 a	HC
04oVN	Num.35.20	הִשְׁלִ֥יךְ	7993	HVhp3ms
04cYX	Num.35.20	עָלָ֛י/ו	5921 a	HR/Sp3ms
04G7G	Num.35.20	בִּ/צְדִיָּ֖ה	b/6660	HR/Ncfsa
04AHe	Num.35.20	וַ/יָּמֹֽת	c/4191	HC/Vqw3ms
04mnS	Num.35.21	א֣וֹ	176 a	HC
04q7h	Num.35.21	בְ/אֵיבָ֞ה	b/342	HR/Ncfsa
04NuQ	Num.35.21	הִכָּ֤ה/וּ	5221	HVhp3ms/Sp3ms
04YTw	Num.35.21	בְ/יָד/וֹ֙	b/3027	HR/Ncbsc/Sp3ms
04GJn	Num.35.21	וַ/יָּמֹ֔ת	c/4191	HC/Vqw3ms
047ge	Num.35.21	מֽוֹת	4191	HVqa
04SWT	Num.35.21	יוּמַ֥ת	4191	HVHi3ms
04pEj	Num.35.21	הַ/מַּכֶּ֖ה	d/5221	HTd/Vhrmsa
041yT	Num.35.21	רֹצֵ֣חַֽ	7523	HVqrmsa
04nvN	Num.35.21	ה֑וּא	1931	HPp3ms
04jSW	Num.35.21	גֹּאֵ֣ל	1350 a	HVqrmsc
04CKS	Num.35.21	הַ/דָּ֗ם	d/1818	HTd/Ncmsa
04Atf	Num.35.21	יָמִ֛ית	4191	HVhi3ms
04ezf	Num.35.21	אֶת	853	HTo
04gJy	Num.35.21	הָ/רֹצֵ֖חַ	d/7523	HTd/Vqrmsa
04Jxz	Num.35.21	בְּ/פִגְע/וֹ	b/6293	HR/Vqc/Sp3ms
04ZAj	Num.35.21	בֽ/וֹ	b	HR/Sp3ms
04to1	Num.35.22	וְ/אִם	c/518 a	HC/C
04YZz	Num.35.22	בְּ/פֶ֥תַע	b/6621	HR/Ncmsa
04RDF	Num.35.22	בְּ/לֹא	b/3808	HR/Tn
04KWr	Num.35.22	אֵיבָ֖ה	342	HNcfsa
04aKd	Num.35.22	הֲדָפ֑/וֹ	1920	HVqp3ms/Sp3ms
04YzV	Num.35.22	אוֹ	176 a	HC
04LY7	Num.35.22	הִשְׁלִ֥יךְ	7993	HVhp3ms
04jqa	Num.35.22	עָלָ֛י/ו	5921 a	HR/Sp3ms
04oXH	Num.35.22	כָּל	3605	HNcmsc
04kDv	Num.35.22	כְּלִ֖י	3627	HNcmsa
04j86	Num.35.22	בְּ/לֹ֥א	b/3808	HR/Tn
04Wm5	Num.35.22	צְדִיָּֽה	6660	HNcfsa
04hVo	Num.35.23	א֣וֹ	176 a	HC
04BdX	Num.35.23	בְ/כָל	b/3605	HR/Ncmsc
04rDt	Num.35.23	אֶ֜בֶן	68	HNcfsa
0422s	Num.35.23	אֲשֶׁר	834 a	HTr
04c2A	Num.35.23	יָמ֥וּת	4191	HVqi3ms
04ANL	Num.35.23	בָּ/הּ֙	b	HR/Sp3fs
042uj	Num.35.23	בְּ/לֹ֣א	b/3808	HR/Tn
04EfT	Num.35.23	רְא֔וֹת	7200	HVqc
041QV	Num.35.23	וַ/יַּפֵּ֥ל	c/5307	HC/Vhw3ms
04bVQ	Num.35.23	עָלָ֖י/ו	5921 a	HR/Sp3ms
04hzs	Num.35.23	וַ/יָּמֹ֑ת	c/4191	HC/Vqw3ms
04iVB	Num.35.23	וְ/הוּא֙	c/1931	HC/Pp3ms
04DuG	Num.35.23	לֹא	3808	HTn
04Xdi	Num.35.23	אוֹיֵ֣ב	341	HVqrmsa
04jvw	Num.35.23	ל֔/וֹ	l	HR/Sp3ms
04wNw	Num.35.23	וְ/לֹ֥א	c/3808	HC/Tn
04WDo	Num.35.23	מְבַקֵּ֖שׁ	1245	HVprmsa
04V2x	Num.35.23	רָעָתֽ/וֹ	7451 c	HNcfsc/Sp3ms
04FiW	Num.35.24	וְ/שָֽׁפְטוּ֙	c/8199	HC/Vqq3cp
04X62	Num.35.24	הָֽ/עֵדָ֔ה	d/5712	HTd/Ncfsa
042Yw	Num.35.24	בֵּ֚ין	996	HR
04bGW	Num.35.24	הַ/מַּכֶּ֔ה	d/5221	HTd/Vhrmsa
04Bvi	Num.35.24	וּ/בֵ֖ין	c/996	HC/R
04boF	Num.35.24	גֹּאֵ֣ל	1350 a	HVqrmsc
04DsU	Num.35.24	הַ/דָּ֑ם	d/1818	HTd/Ncmsa
04uDD	Num.35.24	עַ֥ל	5921 a	HR
04raq	Num.35.24	הַ/מִּשְׁפָּטִ֖ים	d/4941	HTd/Ncmpa
04Yto	Num.35.24	הָ/אֵֽלֶּה	d/428	HTd/Pdxcp
04ww1	Num.35.25	וְ/הִצִּ֨ילוּ	c/5337	HC/Vhq3cp
04T7v	Num.35.25	הָ/עֵדָ֜ה	d/5712	HTd/Ncfsa
0468r	Num.35.25	אֶת	853	HTo
04DMt	Num.35.25	הָ/רֹצֵ֗חַ	d/7523	HTd/Vqrmsa
04EMo	Num.35.25	מִ/יַּד֮	m/3027	HR/Ncbsc
04nvk	Num.35.25	גֹּאֵ֣ל	1350 a	HVqrmsc
04Fy3	Num.35.25	הַ/דָּם֒	d/1818	HTd/Ncmsa
046LM	Num.35.25	וְ/הֵשִׁ֤יבוּ	c/7725	HC/Vhq3cp
049Rx	Num.35.25	אֹת/וֹ֙	853	HTo/Sp3ms
04FQe	Num.35.25	הָֽ/עֵדָ֔ה	d/5712	HTd/Ncfsa
04ZBK	Num.35.25	אֶל	413	HR
04EPj	Num.35.25	עִ֥יר	5892 b	HNcfsc
04xwb	Num.35.25	מִקְלָט֖/וֹ	4733	HNcmsc/Sp3ms
04NFL	Num.35.25	אֲשֶׁר	834 a	HTr
04MwK	Num.35.25	נָ֣ס	5127	HVqp3ms
04aPh	Num.35.25	שָׁ֑מָּ/ה	8033	HD/Sd
04TQg	Num.35.25	וְ/יָ֣שַׁב	c/3427	HC/Vqp3ms
04SWH	Num.35.25	בָּ֗/הּ	b	HR/Sp3fs
0449k	Num.35.25	עַד	5704	HR
04Dj9	Num.35.25	מוֹת֙	4194	HNcmsc
04jmM	Num.35.25	הַ/כֹּהֵ֣ן	d/3548	HTd/Ncmsa
04SaG	Num.35.25	הַ/גָּדֹ֔ל	d/1419 a	HTd/Aamsa
04KsK	Num.35.25	אֲשֶׁר	834 a	HTr
04wyq	Num.35.25	מָשַׁ֥ח	4886	HVqp3ms
04ifz	Num.35.25	אֹת֖/וֹ	853	HTo/Sp3ms
04hYw	Num.35.25	בְּ/שֶׁ֥מֶן	b/8081	HR/Ncmsc
04fPx	Num.35.25	הַ/קֹּֽדֶשׁ	d/6944	HTd/Ncmsa
04UoH	Num.35.26	וְ/אִם	c/518 a	HC/C
04x6g	Num.35.26	יָצֹ֥א	3318	HVqa
04Mwv	Num.35.26	יֵצֵ֖א	3318	HVqi3ms
04DfV	Num.35.26	הָ/רֹצֵ֑חַ	d/7523	HTd/Vqrmsa
042Lg	Num.35.26	אֶת	853	HTo
04CYE	Num.35.26	גְּבוּל֙	1366	HNcmsc
04FUJ	Num.35.26	עִ֣יר	5892 b	HNcfsc
04pCg	Num.35.26	מִקְלָט֔/וֹ	4733	HNcmsc/Sp3ms
04wTv	Num.35.26	אֲשֶׁ֥ר	834 a	HTr
04rrD	Num.35.26	יָנ֖וּס	5127	HVqi3ms
041fi	Num.35.26	שָֽׁמָּ/ה	8033	HD/Sd
04i6h	Num.35.27	וּ/מָצָ֤א	c/4672	HC/Vqp3ms
04rx5	Num.35.27	אֹת/וֹ֙	853	HTo/Sp3ms
04sM6	Num.35.27	גֹּאֵ֣ל	1350 a	HVqrmsc
04S8u	Num.35.27	הַ/דָּ֔ם	d/1818	HTd/Ncmsa
04kJQ	Num.35.27	מִ/ח֕וּץ	m/2351	HR/Ncmsa
04N49	Num.35.27	לִ/גְב֖וּל	l/1366	HR/Ncmsc
04sA9	Num.35.27	עִ֣יר	5892 b	HNcfsc
045Zr	Num.35.27	מִקְלָט֑/וֹ	4733	HNcmsc/Sp3ms
04G7d	Num.35.27	וְ/רָצַ֞ח	c/7523	HC/Vqq3ms
04LHt	Num.35.27	גֹּאֵ֤ל	1350 a	HVqrmsc
046tD	Num.35.27	הַ/דָּם֙	d/1818	HTd/Ncmsa
04BiB	Num.35.27	אֶת	853	HTo
04DWx	Num.35.27	הָ֣/רֹצֵ֔חַ	d/7523	HTd/Vqrmsa
04wSi	Num.35.27	אֵ֥ין	369	HTn
04DD9	Num.35.27	ל֖/וֹ	l	HR/Sp3ms
04sJ1	Num.35.27	דָּֽם	1818	HNcmsa
048rd	Num.35.28	כִּ֣י	3588 a	HC
04FsK	Num.35.28	בְ/עִ֤יר	b/5892 b	HR/Ncfsc
04LR8	Num.35.28	מִקְלָט/וֹ֙	4733	HNcmsc/Sp3ms
04FbJ	Num.35.28	יֵשֵׁ֔ב	3427	HVqi3ms
04edm	Num.35.28	עַד	5704	HR
04EFj	Num.35.28	מ֖וֹת	4194	HNcmsc
04Svv	Num.35.28	הַ/כֹּהֵ֣ן	d/3548	HTd/Ncmsa
04h5k	Num.35.28	הַ/גָּדֹ֑ל	d/1419 a	HTd/Aamsa
04bP2	Num.35.28	וְ/אַחֲרֵ֥י	c/310 a	HC/R
04Jzq	Num.35.28	מוֹת֙	4194	HNcmsc
04fho	Num.35.28	הַ/כֹּהֵ֣ן	d/3548	HTd/Ncmsa
04kct	Num.35.28	הַ/גָּדֹ֔ל	d/1419 a	HTd/Aamsa
04MVN	Num.35.28	יָשׁוּב֙	7725	HVqi3ms
04tsS	Num.35.28	הָ/רֹצֵ֔חַ	d/7523	HTd/Vqrmsa
04XQS	Num.35.28	אֶל	413	HR
04HC6	Num.35.28	אֶ֖רֶץ	776	HNcbsc
04ssL	Num.35.28	אֲחֻזָּתֽ/וֹ	272	HNcfsc/Sp3ms
04gg2	Num.35.29	וְ/הָי֨וּ	c/1961	HC/Vqq3cp
043Cd	Num.35.29	אֵ֧לֶּה	428	HPdxcp
04GyR	Num.35.29	לָ/כֶ֛ם	l	HR/Sp2mp
04Jyx	Num.35.29	לְ/חֻקַּ֥ת	l/2708	HR/Ncbsc
04uM4	Num.35.29	מִשְׁפָּ֖ט	4941	HNcmsa
04BYP	Num.35.29	לְ/דֹרֹתֵי/כֶ֑ם	l/1755	HR/Ncmpc/Sp2mp
04ASp	Num.35.29	בְּ/כֹ֖ל	b/3605	HR/Ncmsc
04P6o	Num.35.29	מוֹשְׁבֹתֵי/כֶֽם	4186	HNcmpc/Sp2mp
04yXP	Num.35.30	כָּל	3605	HNcmsc
04Mth	Num.35.30	מַ֨כֵּה	5221	HVhrmsc
04JVp	Num.35.30	נֶ֔פֶשׁ	5315	HNcbsa
04us2	Num.35.30	לְ/פִ֣י	l/6310	HR/Ncmsc
04Rcj	Num.35.30	עֵדִ֔ים	5707	HNcmpa
04AVc	Num.35.30	יִרְצַ֖ח	7523	HVqi3ms
04wvB	Num.35.30	אֶת	853	HTo
041RF	Num.35.30	הָ/רֹצֵ֑חַ	d/7523	HTd/Vqrmsa
04Jn6	Num.35.30	וְ/עֵ֣ד	c/5707	HC/Ncmsa
04s1f	Num.35.30	אֶחָ֔ד	259	HAcmsa
04EBi	Num.35.30	לֹא	3808	HTn
04NJP	Num.35.30	יַעֲנֶ֥ה	6030 b	HVqi3ms
04DZ5	Num.35.30	בְ/נֶ֖פֶשׁ	b/5315	HR/Ncbsa
04rNm	Num.35.30	לָ/מֽוּת	l/4191	HR/Vqc
04Qv3	Num.35.31	וְ/לֹֽא	c/3808	HC/Tn
04ieU	Num.35.31	תִקְח֥וּ	3947	HVqi2mp
04Ygp	Num.35.31	כֹ֨פֶר֙	3724 a	HNcmsa
04wxi	Num.35.31	לְ/נֶ֣פֶשׁ	l/5315	HR/Ncbsc
045TT	Num.35.31	רֹצֵ֔חַ	7523	HVqrmsa
04K6E	Num.35.31	אֲשֶׁר	834 a	HTr
04fnR	Num.35.31	ה֥וּא	1931	HPp3ms
04V5k	Num.35.31	רָשָׁ֖ע	7563	HAamsa
04qHn	Num.35.31	לָ/מ֑וּת	l/4191	HR/Vqc
04idM	Num.35.31	כִּי	3588 a	HC
04YxY	Num.35.31	מ֖וֹת	4191	HVqa
046md	Num.35.31	יוּמָֽת	4191	HVHi3ms
04mav	Num.35.32	וְ/לֹא	c/3808	HC/Tn
04g3E	Num.35.32	תִקְח֣וּ	3947	HVqi2mp
04Ywu	Num.35.32	כֹ֔פֶר	3724 a	HNcmsa
04y6M	Num.35.32	לָ/נ֖וּס	l/5127	HR/Vqc
04wW9	Num.35.32	אֶל	413	HR
04yWr	Num.35.32	עִ֣יר	5892 b	HNcfsc
043Eu	Num.35.32	מִקְלָט֑/וֹ	4733	HNcmsc/Sp3ms
04hne	Num.35.32	לָ/שׁוּב֙	l/7725	HR/Vqc
04UJ1	Num.35.32	לָ/שֶׁ֣בֶת	l/3427	HR/Vqc
04MJK	Num.35.32	בָּ/אָ֔רֶץ	b/776	HRd/Ncbsa
04FNx	Num.35.32	עַד	5704	HR
04FK1	Num.35.32	מ֖וֹת	4194	HNcmsc
04c74	Num.35.32	הַ/כֹּהֵֽן	d/3548	HTd/Ncmsa
04j4r	Num.35.33	וְ/לֹֽא	c/3808	HC/Tn
04o91	Num.35.33	תַחֲנִ֣יפוּ	2610	HVhi2mp
04VJT	Num.35.33	אֶת	853	HTo
04Fx7	Num.35.33	הָ/אָ֗רֶץ	d/776	HTd/Ncbsa
04oKn	Num.35.33	אֲשֶׁ֤ר	834 a	HTr
04kyR	Num.35.33	אַתֶּם֙	859 d	HPp2mp
04f2L	Num.35.33	בָּ֔/הּ	b	HR/Sp3fs
04Auo	Num.35.33	כִּ֣י	3588 a	HC
04sGh	Num.35.33	הַ/דָּ֔ם	d/1818	HTd/Ncmsa
04d7e	Num.35.33	ה֥וּא	1931	HPp3ms
04fjT	Num.35.33	יַחֲנִ֖יף	2610	HVhi3ms
04zLC	Num.35.33	אֶת	853	HTo
04kbz	Num.35.33	הָ/אָ֑רֶץ	d/776	HTd/Ncbsa
04eXX	Num.35.33	וְ/לָ/אָ֣רֶץ	c/l/776	HC/Rd/Ncbsa
04EEg	Num.35.33	לֹֽא	3808	HTn
04cBm	Num.35.33	יְכֻפַּ֗ר	3722 a	HVPi3ms
04PcD	Num.35.33	לַ/דָּם֙	l/1818	HRd/Ncmsa
04rHb	Num.35.33	אֲשֶׁ֣ר	834 a	HTr
04Ync	Num.35.33	שֻׁפַּךְ	8210	HVPp3ms
04qYC	Num.35.33	בָּ֔/הּ	b	HR/Sp3fs
04uB5	Num.35.33	כִּי	3588 a	HC
04Joc	Num.35.33	אִ֖ם	518 a	HC
041Mw	Num.35.33	בְּ/דַ֥ם	b/1818	HR/Ncmsc
04Azg	Num.35.33	שֹׁפְכֽ/וֹ	8210	HVqrmsc/Sp3ms
04N96	Num.35.34	וְ/לֹ֧א	c/3808	HC/Tn
04qwY	Num.35.34	תְטַמֵּ֣א	2930 a	HVpi2ms
04zCt	Num.35.34	אֶת	853	HTo
04KuV	Num.35.34	הָ/אָ֗רֶץ	d/776	HTd/Ncbsa
044vw	Num.35.34	אֲשֶׁ֤ר	834 a	HTr
04ZuF	Num.35.34	אַתֶּם֙	859 d	HPp2mp
04Ru4	Num.35.34	יֹשְׁבִ֣ים	3427	HVqrmpa
0414h	Num.35.34	בָּ֔/הּ	b	HR/Sp3fs
04n3W	Num.35.34	אֲשֶׁ֥ר	834 a	HTr
04Ywi	Num.35.34	אֲנִ֖י	589	HPp1cs
04PHy	Num.35.34	שֹׁכֵ֣ן	7931	HVqrmsa
04utA	Num.35.34	בְּ/תוֹכָ֑/הּ	b/8432	HR/Ncmsc/Sp3fs
04hmg	Num.35.34	כִּ֚י	3588 a	HC
04cMR	Num.35.34	אֲנִ֣י	589	HPp1cs
046WU	Num.35.34	יְהוָ֔ה	3068	HNp
04gFR	Num.35.34	שֹׁכֵ֕ן	7931	HVqrmsa
04xsA	Num.35.34	בְּ/ת֖וֹךְ	b/8432	HR/Ncmsc
04uPT	Num.35.34	בְּנֵ֥י	1121 a	HNcmpc
049vJ	Num.35.34	יִשְׂרָאֵֽל	3478	HNp
04T6b	Num.36.1	וַֽ/יִּקְרְב֞וּ	c/7126	HC/Vqw3mp
04QgU	Num.36.1	רָאשֵׁ֣י	7218 a	HNcmpc
04MkT	Num.36.1	הָֽ/אָב֗וֹת	d/1	HTd/Ncmpa
04sir	Num.36.1	לְ/מִשְׁפַּ֤חַת	l/4940	HR/Ncfsc
04jh2	Num.36.1	בְּנֵֽי	1121 a	HNcmpc
04yic	Num.36.1	גִלְעָד֙	1568	HNp
04bkQ	Num.36.1	בֶּן	1121 a	HNcmsc
046Ac	Num.36.1	מָכִ֣יר	4353	HNp
048G3	Num.36.1	בֶּן	1121 a	HNcmsc
04Kcf	Num.36.1	מְנַשֶּׁ֔ה	4519	HNp
044Rj	Num.36.1	מִֽ/מִּשְׁפְּחֹ֖ת	m/4940	HR/Ncfpc
04XoM	Num.36.1	בְּנֵ֣י	1121 a	HNcmpc
04bkc	Num.36.1	יוֹסֵ֑ף	3130	HNp
04ohT	Num.36.1	וַֽ/יְדַבְּר֞וּ	c/1696	HC/Vpw3mp
043hh	Num.36.1	לִ/פְנֵ֤י	l/6440	HR/Ncbpc
04xm6	Num.36.1	מֹשֶׁה֙	4872	HNp
04ypR	Num.36.1	וְ/לִ/פְנֵ֣י	c/l/6440	HC/R/Ncbpc
04qMe	Num.36.1	הַ/נְּשִׂאִ֔ים	d/5387 a	HTd/Ncmpa
04UTr	Num.36.1	רָאשֵׁ֥י	7218 a	HNcmpc
04jHz	Num.36.1	אָב֖וֹת	1	HNcmpa
04yXz	Num.36.1	לִ/בְנֵ֥י	l/1121 a	HR/Ncmpc
04AYG	Num.36.1	יִשְׂרָאֵֽל	3478	HNp
04oqQ	Num.36.2	וַ/יֹּאמְר֗וּ	c/559	HC/Vqw3mp
04Fb1	Num.36.2	אֶת	853	HTo
044Nt	Num.36.2	אֲדֹנִ/י֙	113	HNcmsc/Sp1cs
04mFb	Num.36.2	צִוָּ֣ה	6680	HVpp3ms
04JvW	Num.36.2	יְהוָ֔ה	3068	HNp
042BU	Num.36.2	לָ/תֵ֨ת	l/5414	HR/Vqc
04tLi	Num.36.2	אֶת	853	HTo
044rf	Num.36.2	הָ/אָ֧רֶץ	d/776	HTd/Ncbsa
048d5	Num.36.2	בְּ/נַחֲלָ֛ה	b/5159	HR/Ncfsa
04VwN	Num.36.2	בְּ/גוֹרָ֖ל	b/1486	HR/Ncmsa
04G7x	Num.36.2	לִ/בְנֵ֣י	l/1121 a	HR/Ncmpc
04uTm	Num.36.2	יִשְׂרָאֵ֑ל	3478	HNp
04HEn	Num.36.2	וַֽ/אדֹנִ/י֙	c/113	HC/Ncmsc/Sp1cs
04Aha	Num.36.2	צֻוָּ֣ה	6680	HVPp3ms
04iKt	Num.36.2	בַֽ/יהוָ֔ה	b/3068	HR/Np
04eax	Num.36.2	לָ/תֵ֗ת	l/5414	HR/Vqc
04XbB	Num.36.2	אֶֽת	853	HTo
047L6	Num.36.2	נַחֲלַ֛ת	5159	HNcfsc
04Ai1	Num.36.2	צְלָפְחָ֥ד	6765	HNp
04Zyv	Num.36.2	אָחִ֖י/נוּ	251	HNcmsc/Sp1cp
04JrS	Num.36.2	לִ/בְנֹתָֽי/ו	l/1323	HR/Ncfpc/Sp3ms
04B2W	Num.36.3	וְ֠/הָיוּ	c/1961	HC/Vqp3cp
04NgW	Num.36.3	לְ/אֶחָ֞ד	l/259	HR/Acmsa
04sv6	Num.36.3	מִ/בְּנֵ֨י	m/1121 a	HR/Ncmpc
04PAa	Num.36.3	שִׁבְטֵ֥י	7626	HNcmpc
04dqB	Num.36.3	בְנֵֽי	1121 a	HNcmpc
04Fs9	Num.36.3	יִשְׂרָאֵל֮	3478	HNp
04KKd	Num.36.3	לְ/נָשִׁים֒	l/802	HR/Ncfpa
04Eg4	Num.36.3	וְ/נִגְרְעָ֤ה	c/1639	HC/VNq3fs
04QMW	Num.36.3	נַחֲלָתָ/ן֙	5159	HNcfsc/Sp3fp
04pgQ	Num.36.3	מִ/נַּחֲלַ֣ת	m/5159	HR/Ncfsc
04hCj	Num.36.3	אֲבֹתֵ֔י/נוּ	1	HNcmpc/Sp1cp
04PoM	Num.36.3	וְ/נוֹסַ֕ף	c/3254	HC/VNq3ms
04MpW	Num.36.3	עַ֚ל	5921 a	HR
04cgN	Num.36.3	נַחֲלַ֣ת	5159	HNcfsc
047tw	Num.36.3	הַ/מַּטֶּ֔ה	d/4294	HTd/Ncmsa
04uhB	Num.36.3	אֲשֶׁ֥ר	834 a	HTr
043Sd	Num.36.3	תִּהְיֶ֖ינָה	1961	HVqi3fp
04LAG	Num.36.3	לָ/הֶ֑ם	l	HR/Sp3mp
04unp	Num.36.3	וּ/מִ/גֹּרַ֥ל	c/m/1486	HC/R/Ncmsc
041FY	Num.36.3	נַחֲלָתֵ֖/נוּ	5159	HNcfsc/Sp1cp
04Z9n	Num.36.3	יִגָּרֵֽעַ	1639	HVNi3ms
0411e	Num.36.4	וְ/אִם	c/518 a	HC/C
04JpF	Num.36.4	יִהְיֶ֣ה	1961	HVqi3ms
04Fk3	Num.36.4	הַ/יֹּבֵל֮	d/3104	HTd/Ncmsa
041b5	Num.36.4	לִ/בְנֵ֣י	l/1121 a	HR/Ncmpc
04j6c	Num.36.4	יִשְׂרָאֵל֒	3478	HNp
04CyX	Num.36.4	וְ/נֽוֹסְפָה֙	c/3254	HC/VNq3fs
043Af	Num.36.4	נַחֲלָתָ֔/ן	5159	HNcfsc/Sp3fp
04iBB	Num.36.4	עַ֚ל	5921 a	HR
048Zw	Num.36.4	נַחֲלַ֣ת	5159	HNcfsc
04b3J	Num.36.4	הַ/מַּטֶּ֔ה	d/4294	HTd/Ncmsa
04Fzd	Num.36.4	אֲשֶׁ֥ר	834 a	HTr
04FxR	Num.36.4	תִּהְיֶ֖ינָה	1961	HVqi3fp
04xFf	Num.36.4	לָ/הֶ֑ם	l	HR/Sp3mp
04jf6	Num.36.4	וּ/מִֽ/נַּחֲלַת֙	c/m/5159	HC/R/Ncfsc
04ghC	Num.36.4	מַטֵּ֣ה	4294	HNcmsc
04c8g	Num.36.4	אֲבֹתֵ֔י/נוּ	1	HNcmpc/Sp1cp
04cGr	Num.36.4	יִגָּרַ֖ע	1639	HVNi3ms
04K25	Num.36.4	נַחֲלָתָֽ/ן	5159	HNcfsc/Sp3fp
04Rnh	Num.36.5	וַ/יְצַ֤ו	c/6680	HC/Vpw3ms
04UeQ	Num.36.5	מֹשֶׁה֙	4872	HNp
044dV	Num.36.5	אֶת	853	HTo
04Mae	Num.36.5	בְּנֵ֣י	1121 a	HNcmpc
04Zhj	Num.36.5	יִשְׂרָאֵ֔ל	3478	HNp
04hU5	Num.36.5	עַל	5921 a	HR
04QdV	Num.36.5	פִּ֥י	6310	HNcmsc
04A43	Num.36.5	יְהוָ֖ה	3068	HNp
04QFU	Num.36.5	לֵ/אמֹ֑ר	l/559	HR/Vqc
04yfk	Num.36.5	כֵּ֛ן	3651 a	HTm
04yGf	Num.36.5	מַטֵּ֥ה	4294	HNcmsc
04EVL	Num.36.5	בְנֵֽי	1121 a	HNcmpc
04zLT	Num.36.5	יוֹסֵ֖ף	3130	HNp
04LU7	Num.36.5	דֹּבְרִֽים	1696	HVqrmpa
04Cia	Num.36.6	זֶ֣ה	2088	HPdxms
04e3H	Num.36.6	הַ/דָּבָ֞ר	d/1697	HTd/Ncmsa
04ENH	Num.36.6	אֲשֶׁר	834 a	HTr
04dGX	Num.36.6	צִוָּ֣ה	6680	HVpp3ms
0496o	Num.36.6	יְהוָ֗ה	3068	HNp
04MAE	Num.36.6	לִ/בְנ֤וֹת	l/1323	HR/Ncfpc
04i5X	Num.36.6	צְלָפְחָד֙	6765	HNp
04gGR	Num.36.6	לֵ/אמֹ֔ר	l/559	HR/Vqc
04kb7	Num.36.6	לַ/טּ֥וֹב	l/2896 a	HRd/Aamsa
044jh	Num.36.6	בְּ/עֵינֵי/הֶ֖ם	b/5869 a	HR/Ncbdc/Sp3mp
04Gjr	Num.36.6	תִּהְיֶ֣ינָה	1961	HVqi3fp
04Hxk	Num.36.6	לְ/נָשִׁ֑ים	l/802	HR/Ncfpa
04rSh	Num.36.6	אַ֗ךְ	389	HTa
04Ssm	Num.36.6	לְ/מִשְׁפַּ֛חַת	l/4940	HR/Ncfsc
049Y3	Num.36.6	מַטֵּ֥ה	4294	HNcmsc
047Hx	Num.36.6	אֲבִי/הֶ֖ם	1	HNcmsc/Sp3mp
04afE	Num.36.6	תִּהְיֶ֥ינָה	1961	HVqi3fp
04LvU	Num.36.6	לְ/נָשִֽׁים	l/802	HR/Ncfpa
04KLw	Num.36.7	וְ/לֹֽא	c/3808	HC/Tn
04U2f	Num.36.7	תִסֹּ֤ב	5437	HVqi3fs
04RDW	Num.36.7	נַחֲלָה֙	5159	HNcfsa
043xV	Num.36.7	לִ/בְנֵ֣י	l/1121 a	HR/Ncmpc
04S1J	Num.36.7	יִשְׂרָאֵ֔ל	3478	HNp
04WZc	Num.36.7	מִ/מַּטֶּ֖ה	m/4294	HR/Ncmsa
04Kv8	Num.36.7	אֶל	413	HR
048ax	Num.36.7	מַטֶּ֑ה	4294	HNcmsa
04eHj	Num.36.7	כִּ֣י	3588 a	HC
04jMU	Num.36.7	אִ֗ישׁ	376	HNcmsa
04H32	Num.36.7	בְּ/נַחֲלַת֙	b/5159	HR/Ncfsc
04U8S	Num.36.7	מַטֵּ֣ה	4294	HNcmsc
04AJv	Num.36.7	אֲבֹתָ֔י/ו	1	HNcmpc/Sp3ms
04fiP	Num.36.7	יִדְבְּק֖וּ	1692	HVqi3mp
04yrd	Num.36.7	בְּנֵ֥י	1121 a	HNcmpc
04k1m	Num.36.7	יִשְׂרָאֵֽל	3478	HNp
04AHw	Num.36.8	וְ/כָל	c/3605	HC/Ncmsc
04iBX	Num.36.8	בַּ֞ת	1323	HNcfsa
04WYb	Num.36.8	יֹרֶ֣שֶׁת	3423	HVqrfsa
04jVt	Num.36.8	נַחֲלָ֗ה	5159	HNcfsa
04kwQ	Num.36.8	מִ/מַּטּוֹת֮	m/4294	HR/Ncmpc
04Bvv	Num.36.8	בְּנֵ֣י	1121 a	HNcmpc
04JbA	Num.36.8	יִשְׂרָאֵל֒	3478	HNp
04zui	Num.36.8	לְ/אֶחָ֗ד	l/259	HR/Acmsa
04so9	Num.36.8	מִ/מִּשְׁפַּ֛חַת	m/4940	HR/Ncfsc
04HSF	Num.36.8	מַטֵּ֥ה	4294	HNcmsc
04JpP	Num.36.8	אָבִ֖י/הָ	1	HNcmsc/Sp3fs
04g4K	Num.36.8	תִּהְיֶ֣ה	1961	HVqi3fs
04JXi	Num.36.8	לְ/אִשָּׁ֑ה	l/802	HR/Ncfsa
047Ka	Num.36.8	לְמַ֗עַן	4616	HR
04x3g	Num.36.8	יִֽירְשׁוּ֙	3423	HVqi3mp
04GG1	Num.36.8	בְּנֵ֣י	1121 a	HNcmpc
04nft	Num.36.8	יִשְׂרָאֵ֔ל	3478	HNp
04U8T	Num.36.8	אִ֖ישׁ	376	HNcmsa
0473q	Num.36.8	נַחֲלַ֥ת	5159	HNcfsc
04MAR	Num.36.8	אֲבֹתָֽי/ו	1	HNcmpc/Sp3ms
04s9T	Num.36.9	וְ/לֹֽא	c/3808	HC/Tn
04H2H	Num.36.9	תִסֹּ֧ב	5437	HVqi3fs
0431D	Num.36.9	נַחֲלָ֛ה	5159	HNcfsa
04LAW	Num.36.9	מִ/מַּטֶּ֖ה	m/4294	HR/Ncmsa
04WNd	Num.36.9	לְ/מַטֶּ֣ה	l/4294	HR/Ncmsa
04SMX	Num.36.9	אַחֵ֑ר	312	HAamsa
04V6d	Num.36.9	כִּי	3588 a	HC
04K2r	Num.36.9	אִישׁ֙	376	HNcmsa
04gkF	Num.36.9	בְּ/נַ֣חֲלָת֔/וֹ	b/5159	HR/Ncfsc/Sp3ms
04krT	Num.36.9	יִדְבְּק֕וּ	1692	HVqi3mp
04Bh7	Num.36.9	מַטּ֖וֹת	4294	HNcmpc
04maL	Num.36.9	בְּנֵ֥י	1121 a	HNcmpc
04My5	Num.36.9	יִשְׂרָאֵֽל	3478	HNp
047Ux	Num.36.10	כַּ/אֲשֶׁ֛ר	k/834 d	HR/Tr
04KFD	Num.36.10	צִוָּ֥ה	6680	HVpp3ms
04KDA	Num.36.10	יְהוָ֖ה	3068	HNp
04RvZ	Num.36.10	אֶת	853	HTo
04qQu	Num.36.10	מֹשֶׁ֑ה	4872	HNp
04rXe	Num.36.10	כֵּ֥ן	3651 c	HTm
04owz	Num.36.10	עָשׂ֖וּ	6213 a	HVqp3cp
04tct	Num.36.10	בְּנ֥וֹת	1323	HNcfpc
04QRV	Num.36.10	צְלָפְחָֽד	6765	HNp
049Tk	Num.36.11	וַ/תִּהְיֶ֜ינָה	c/1961	HC/Vqw3fp
04dTs	Num.36.11	מַחְלָ֣ה	4244	HNp
04yuh	Num.36.11	תִרְצָ֗ה	8656	HNp
04zs3	Num.36.11	וְ/חָגְלָ֧ה	c/2295	HC/Np
04PSv	Num.36.11	וּ/מִלְכָּ֛ה	c/4435	HC/Np
04kMw	Num.36.11	וְ/נֹעָ֖ה	c/5270	HC/Np
04jdT	Num.36.11	בְּנ֣וֹת	1323	HNcfpc
046b9	Num.36.11	צְלָפְחָ֑ד	6765	HNp
04a2w	Num.36.11	לִ/בְנֵ֥י	l/1121 a	HR/Ncmpc
047DK	Num.36.11	דֹדֵי/הֶ֖ן	1730	HNcmpc/Sp3fp
046wW	Num.36.11	לְ/נָשִֽׁים	l/802	HR/Ncfpa
04XZK	Num.36.12	מִֽ/מִּשְׁפְּחֹ֛ת	m/4940	HR/Ncfpc
047ch	Num.36.12	בְּנֵֽי	1121 a	HNcmpc
04bKC	Num.36.12	מְנַשֶּׁ֥ה	4519	HNp
04PQa	Num.36.12	בֶן	1121 a	HNcmsc
04SUm	Num.36.12	יוֹסֵ֖ף	3130	HNp
04DxH	Num.36.12	הָי֣וּ	1961	HVqp3cp
04dzM	Num.36.12	לְ/נָשִׁ֑ים	l/802	HR/Ncfpa
04ccT	Num.36.12	וַ/תְּהִי֙	c/1961	HC/Vqw3fs
04XmQ	Num.36.12	נַחֲלָתָ֔/ן	5159	HNcfsc/Sp3fp
04nko	Num.36.12	עַל	5921 a	HR
04mw9	Num.36.12	מַטֵּ֖ה	4294	HNcmsc
04zrL	Num.36.12	מִשְׁפַּ֥חַת	4940	HNcfsc
04RPg	Num.36.12	אֲבִי/הֶֽן	1	HNcmsc/Sp3fp
04C5X	Num.36.13	אֵ֣לֶּה	428	HPdxcp
04XWz	Num.36.13	הַ/מִּצְוֺ֞ת	d/4687	HTd/Ncfpa
04vAZ	Num.36.13	וְ/הַ/מִּשְׁפָּטִ֗ים	c/d/4941	HC/Td/Ncmpa
04Aaq	Num.36.13	אֲשֶׁ֨ר	834 a	HTr
04zPf	Num.36.13	צִוָּ֧ה	6680	HVpp3ms
04716	Num.36.13	יְהוָ֛ה	3068	HNp
04GTt	Num.36.13	בְּ/יַד	b/3027	HR/Ncbsc
04vDu	Num.36.13	מֹשֶׁ֖ה	4872	HNp
04sGC	Num.36.13	אֶל	413	HR
04NKZ	Num.36.13	בְּנֵ֣י	1121 a	HNcmpc
04wf6	Num.36.13	יִשְׂרָאֵ֑ל	3478	HNp
04imb	Num.36.13	בְּ/עַֽרְבֹ֣ת	b/6160	HR/Ncfpc
04q8H	Num.36.13	מוֹאָ֔ב	4124	HNp
04A9u	Num.36.13	עַ֖ל	5921 a	HR
04Ttd	Num.36.13	יַרְדֵּ֥ן	3383	HNp
044Pg	Num.36.13	יְרֵחֽוֹ	3405	HNp
